position,ref,alt,distance_to_tss,is_sv,maf,overlaps_cds,overlapping_genes
538607436,A,AGGTAG,67,False,0.04179566563467492,False,
538607590,G,GC,221,False,0.48761609907120745,False,
538607608,T,C,239,False,0.009287925696594427,False,
538607685,G,C,316,False,0.43343653250773995,False,
538607687,T,C,318,False,0.017027863777089782,False,
538607732,G,T,363,False,0.42105263157894735,False,
538607752,CT,C,383,False,0.4195046439628483,False,
538607825,T,G,456,False,0.45975232198142413,False,
538607840,C,CATAGAT,471,False,0.020123839009287926,False,
538607874,TG,T,505,False,0.08668730650154799,False,
538607971,AT,A,602,False,0.029411764705882353,False,
538608266,C,T,897,False,0.01238390092879257,False,
538608329,TGCTTATA,T,960,False,0.020123839009287926,False,
538608427,AG,A,1058,False,0.021671826625386997,False,
538608453,C,CG,1084,False,0.029411764705882353,False,
538608454,G,A,1085,False,0.030959752321981424,False,
538608458,C,G,1089,False,0.009287925696594427,False,
538608508,A,G,1139,False,0.11764705882352941,False,
538608577,T,C,1208,False,0.030959752321981424,False,
538608587,TGC,T,1218,False,0.021671826625386997,False,
538608599,G,A,1230,False,0.19040247678018576,False,
538608759,TC,T,1390,False,0.017027863777089782,False,
538608776,CG,C,1407,False,0.15789473684210525,False,
538608791,C,T,1422,False,0.034055727554179564,False,
538608892,G,A,1523,False,0.030959752321981424,False,
538608939,C,T,1570,False,0.010835913312693499,False,
538608941,A,G,1572,False,0.326625386996904,False,
538609010,C,T,1641,False,0.010835913312693499,False,
538609024,C,T,1655,False,0.04024767801857585,False,
538609080,T,C,1711,False,0.05417956656346749,False,
538609146,A,G,1777,False,0.08823529411764706,False,
538609244,A,T,1875,False,0.03869969040247678,False,
538609265,C,CCT,1896,False,0.010835913312693499,False,
538609282,C,T,1913,False,0.03869969040247678,False,
