position,ref,alt,distance_to_tss,is_sv,maf,overlaps_cds,overlapping_genes
586824852,C,CA,11,False,0.2678018575851393,False,
586824864,T,C,23,False,0.12693498452012383,False,
586824871,G,C,30,False,0.06037151702786378,False,
586824927,G,GA,86,False,0.02476780185758514,False,
586824937,C,T,96,False,0.15170278637770898,False,
586824957,T,TGTTG,116,False,0.12848297213622292,False,
586824966,TG,T,125,False,0.058823529411764705,False,
586824970,G,A,129,False,0.018575851393188854,False,
586824981,G,A,140,False,0.07120743034055728,False,
586824988,C,G,147,False,0.21362229102167182,False,
586824997,A,G,156,False,0.14551083591331268,False,
586825057,C,T,216,False,0.21671826625386997,False,
586825129,A,AGAGTATTT,288,False,0.010835913312693499,False,
586825150,TG,T,309,False,0.010835913312693499,False,
586825154,GA,G,313,False,0.009287925696594427,False,
586825159,AG,A,318,False,0.08513931888544891,False,
586825306,G,GA,465,False,0.032507739938080496,False,
586825329,AC,A,488,False,0.12074303405572756,False,
586825334,G,GA,493,False,0.12229102167182662,False,
586825344,,,503,False,0.5,False,
586825344,,,503,False,0.5,False,
586825361,GA,G,520,False,0.11764705882352941,False,
586825389,TC,T,548,False,0.010835913312693499,False,
586825479,G,A,638,False,0.010835913312693499,False,
586825904,ACTCGACGCATTTGGAGGCCCACGAGACATGGGTAAC,A,1063,False,0.01238390092879257,False,
586825952,TG,T,1111,False,0.0015479876160990713,False,
586826096,T,C,1255,False,0.06346749226006192,False,
586826168,A,ACAC,1327,False,0.058823529411764705,False,
586826425,C,A,1584,False,0.13003095975232198,False,
586826441,A,T,1600,False,0.26006191950464397,False,
586826454,C,G,1613,False,0.28328173374613,False,
586826540,C,T,1699,False,0.12693498452012383,False,
586826547,T,C,1706,False,0.12693498452012383,False,
586826771,A,G,1930,False,0.010835913312693499,False,
