position,ref,alt,distance_to_tss,is_sv,maf,overlaps_cds,overlapping_genes
488628390,CG,C,1,False,0.007739938080495356,False,
488628551,GAC,G,162,False,0.12848297213622292,False,
488628559,GAC,G,170,False,0.01393188854489164,False,
488628642,T,C,253,False,0.03715170278637771,False,
488628821,TC,T,432,False,0.021671826625386997,False,
488628848,G,T,459,False,0.44427244582043346,False,
488628927,C,G,538,False,0.4055727554179567,False,
488628969,C,T,580,False,0.15325077399380804,False,
488629003,GA,G,614,False,0.17027863777089783,False,
488629012,CGGGGCGGCT,C,623,False,0.02321981424148607,False,
488629021,TGGCGTCGGTGGCGTGGCGGCGAGTGGTC,*,632,False,0.02321981424148607,False,
488629060,GGGACTCGCACGGGC,G,671,False,0.2043343653250774,False,
488629162,T,A,773,False,0.1780185758513932,False,
488629192,C,T,803,False,0.26160990712074306,False,
488629200,A,G,811,False,0.0804953560371517,False,
488629217,TACAAGAATAAG,T,828,False,0.010835913312693499,False,
488629662,G,A,1273,False,0.29411764705882354,False,
488629672,G,A,1283,False,0.02321981424148607,False,
488629684,G,C,1295,False,0.13777089783281735,False,
488629769,G,T,1380,False,0.13777089783281735,False,
488629974,A,G,1585,False,0.13622291021671826,False,
488630031,G,A,1642,False,0.02786377708978328,False,
488630122,TG,T,1733,False,0.04024767801857585,False,
488630144,G,T,1755,False,0.018575851393188854,False,
488630170,C,T,1781,False,0.04024767801857585,False,
488630297,G,T,1908,False,0.02786377708978328,False,
488630301,G,A,1912,False,0.15479876160990713,False,
488630330,T,C,1941,False,0.369969040247678,False,
488630370,C,G,1981,False,0.02631578947368421,False,
