position,ref,alt,distance_to_tss,is_sv,maf,overlaps_cds,overlapping_genes
486482858,T,G,89,False,0.01393188854489164,False,
486482974,T,A,205,False,0.12848297213622292,False,
486483007,A,G,238,False,0.3746130030959752,False,
486483115,A,G,346,False,0.06191950464396285,False,
486483150,CAAACCGTGTGGTAGTTTGTTAAAAAAAA,C,381,False,0.01393188854489164,False,
486483314,T,C,545,False,0.01238390092879257,False,
486483341,TAC,T,572,False,0.018575851393188854,False,
486483345,TCCGTATAC,T,576,False,0.018575851393188854,False,
486483541,TGTTG,T,772,False,0.21362229102167182,False,
486483547,AT,A,778,False,0.21362229102167182,False,
486483619,A,G,850,False,0.22445820433436534,False,
486483632,G,GCCAC,863,False,0.21517027863777088,False,
486483642,A,AGCG,873,False,0.21671826625386997,False,
486483658,TTTGAATC,T,889,False,0.21826625386996903,False,
486483718,T,G,949,False,0.2260061919504644,False,
486483799,C,T,1030,False,0.2260061919504644,False,
486483841,TA,T,1072,False,0.12538699690402477,False,
486483845,TG,T,1076,False,0.02476780185758514,False,
486483917,T,C,1148,False,0.24303405572755418,False,
486483964,G,T,1195,False,0.03869969040247678,False,
486484064,T,C,1295,False,0.24148606811145512,False,
486484220,C,G,1451,False,0.006191950464396285,False,
486484242,T,C,1473,False,0.01393188854489164,False,
486484263,G,A,1494,False,0.05727554179566564,False,
486484297,G,A,1528,False,0.4907120743034056,False,
486484391,A,C,1622,False,0.25541795665634676,False,
486484408,A,C,1639,False,0.23529411764705882,False,
486484467,A,C,1698,False,0.009287925696594427,False,
486484500,T,C,1731,False,0.015479876160990712,False,
