position,ref,alt,distance_to_tss,is_sv,maf,overlaps_cds,overlapping_genes
603031671,C,T,1977,False,0.2894736842105263,False,
603031673,AT,A,1975,False,0.01238390092879257,False,
603031688,A,T,1960,False,0.09597523219814241,False,
603031692,AT,A,1956,False,0.06656346749226007,False,
603031743,G,A,1905,False,0.010835913312693499,False,
603031759,G,A,1889,False,0.010835913312693499,False,
603031760,G,A,1888,False,0.39164086687306504,False,
603031804,G,A,1844,False,0.010835913312693499,False,
603031908,C,T,1740,False,0.020123839009287926,False,
603031931,C,T,1717,False,0.018575851393188854,False,
603031934,G,A,1714,False,0.1780185758513932,False,
603031942,GT,G,1706,False,0.0913312693498452,False,
603032048,TA,T,1600,False,0.009287925696594427,False,
603032061,AG,A,1587,False,0.17027863777089783,False,
603032114,CACCACATAGATTGTGCTAAAAAGTTGGGAAG,C,1534,False,0.010835913312693499,False,
603032153,CA,C,1495,False,0.06346749226006192,False,
603032218,GA,G,1430,False,0.47523219814241485,False,
603032384,C,T,1264,False,0.010835913312693499,False,
603032654,C,T,994,False,0.01238390092879257,False,
603032710,A,T,938,False,0.010835913312693499,False,
603032716,A,C,932,False,0.07120743034055728,False,
603032778,C,G,870,False,0.010835913312693499,False,
603032898,G,A,750,False,0.12693498452012383,False,
603033063,G,T,585,False,0.01238390092879257,False,
603033097,C,T,551,False,0.30495356037151705,False,
603033103,CGATGAGGGAGAGGT,C,545,False,0.01238390092879257,False,
603033162,TCGCTA,T,486,False,0.034055727554179564,False,
603033261,T,C,387,False,0.09442724458204334,False,
603033264,TC,T,384,False,0.010835913312693499,False,
603033292,G,C,356,False,0.4504643962848297,False,
603033311,C,T,337,False,0.44427244582043346,False,
603033329,G,A,319,False,0.01238390092879257,False,
603033370,C,T,278,False,0.14551083591331268,False,
603033476,G,A,172,False,0.37925696594427244,False,
603033521,C,T,127,False,0.047987616099071206,False,
603033633,C,CG,15,False,0.010835913312693499,False,
