position,ref,alt,distance_to_tss,is_sv,maf,overlaps_cds,overlapping_genes
654179791,TG,T,1954,False,0.06811145510835913,False,
654180059,T,A,1686,False,0.04179566563467492,False,
654180235,C,T,1510,False,0.009287925696594427,False,
654180244,C,T,1501,False,0.0804953560371517,False,
654180327,CT,C,1418,False,0.08359133126934984,False,
654180381,,,1364,False,0.5,False,
654180482,TG,T,1263,False,0.01393188854489164,False,
654180586,,,1159,False,0.5,False,
654180595,A,G,1150,False,0.3080495356037152,False,
654180607,C,T,1138,False,0.3204334365325077,False,
654180945,AGGCAGAGGAGGAACAACGGGAGAT,A,800,False,0.2786377708978328,False,
654181086,TG,T,659,False,0.14086687306501547,False,
654181116,CG,C,629,False,0.010835913312693499,False,
654181142,GT,G,603,False,0.14086687306501547,False,
654181268,A,ATT,477,False,0.01238390092879257,False,
654181352,CCGTCG,C,393,False,0.07739938080495357,False,
654181436,G,C,309,False,0.02786377708978328,False,
654181526,AT,A,219,False,0.01238390092879257,False,
654181660,C,A,85,False,0.38080495356037153,False,
654181665,A,G,80,False,0.38080495356037153,False,
654181700,C,T,45,False,0.0696594427244582,False,
654181710,G,C,35,False,0.2647058823529412,False,
