position,ref,alt,distance_to_tss,is_sv,maf,overlaps_cds,overlapping_genes
475600007,G,C,1,False,0.2724458204334365,False,
475600050,A,G,44,False,0.2848297213622291,False,
475600174,G,GATC,168,False,0.19349845201238391,False,
475600176,G,GA,170,False,0.19349845201238391,False,
475600177,T,C,171,False,0.19349845201238391,False,
475600249,CCA,C,243,False,0.007739938080495356,False,
475600301,ACCTCTT,A,295,False,0.05417956656346749,False,
475600426,A,AC,420,False,0.007739938080495356,False,
475600429,C,CGCACTAAA,423,False,0.007739938080495356,False,
475600498,AAC,A,492,False,0.05108359133126935,False,
475600606,G,A,600,False,0.009287925696594427,False,
475600656,T,TA,650,False,0.2089783281733746,False,
475600724,C,T,718,False,0.43343653250773995,False,
475600743,A,AG,737,False,0.010835913312693499,False,
475600744,T,A,738,False,0.017027863777089782,False,
475600833,G,A,827,False,0.43343653250773995,False,
475600908,C,G,902,False,0.15015479876160992,False,
475600919,G,T,913,False,0.17492260061919504,False,
475600990,TG,T,984,False,0.04024767801857585,False,
475601275,G,A,1269,False,0.009287925696594427,False,
475601278,C,T,1272,False,0.08204334365325078,False,
475601323,C,T,1317,False,0.01238390092879257,False,
475601326,G,A,1320,False,0.010835913312693499,False,
475601343,C,T,1337,False,0.17647058823529413,False,
475601369,A,C,1363,False,0.047987616099071206,False,
475601504,G,A,1498,False,0.010835913312693499,False,
475601551,G,A,1545,False,0.3653250773993808,False,
475601559,G,A,1553,False,0.006191950464396285,False,
475601572,A,G,1566,False,0.009287925696594427,False,
475601588,GA,G,1582,False,0.009287925696594427,False,
475601672,G,A,1666,False,0.05108359133126935,False,
475601749,TA,T,1743,False,0.05108359133126935,False,
475601757,T,TG,1751,False,0.01238390092879257,False,
475601817,G,A,1811,False,0.44427244582043346,False,
475601921,G,T,1915,False,0.010835913312693499,False,
475601929,A,G,1923,False,0.38235294117647056,False,
475601980,CG,C,1974,False,0.010835913312693499,False,
