position,ref,alt,distance_to_tss,is_sv,maf,overlaps_cds,overlapping_genes
544188771,T,C,33,False,0.015479876160990712,False,
544188821,G,GA,83,False,0.05417956656346749,False,
544188860,A,G,122,False,0.06656346749226007,False,
544188878,T,C,140,False,0.01238390092879257,False,
544188895,T,C,157,False,0.05108359133126935,False,
544188920,G,C,182,False,0.04643962848297214,False,
544188927,CTAG,C,189,False,0.04643962848297214,False,
544188933,T,C,195,False,0.021671826625386997,False,
544188936,G,A,198,False,0.04643962848297214,False,
544189021,G,A,283,False,0.01238390092879257,False,
544189026,C,G,288,False,0.01238390092879257,False,
544189074,C,T,336,False,0.01238390092879257,False,
544189094,G,A,356,False,0.03869969040247678,False,
544189202,G,A,464,False,0.04643962848297214,False,
544189248,T,C,510,False,0.06811145510835913,False,
544189256,C,A,518,False,0.03869969040247678,False,
544189299,A,G,561,False,0.01393188854489164,False,
544189416,G,A,678,False,0.032507739938080496,False,
544189419,G,GGGGGGA,681,False,0.03869969040247678,False,
544189525,G,A,787,False,0.08204334365325078,False,
544189563,T,A,825,False,0.02321981424148607,False,
544189644,G,A,906,False,0.04024767801857585,False,
544189683,A,AC,945,False,0.4055727554179567,False,
544189718,T,TTGTTTTG,980,False,0.01238390092879257,False,
544189762,TCATTC,T,1024,False,0.12693498452012383,False,
544189788,AT,A,1050,False,0.010835913312693499,False,
544189798,TATAAGCATCTTTGA,T,1060,False,0.009287925696594427,False,
544189927,C,T,1189,False,0.05572755417956656,False,
544189929,G,T,1191,False,0.047987616099071206,False,
544189952,TAAA,T,1214,False,0.39164086687306504,False,
544189998,CG,C,1260,False,0.07894736842105263,False,
544190025,CA,C,1287,False,0.01238390092879257,False,
544190106,AGCCTCGGT,A,1368,False,0.42879256965944273,False,
544190143,GGCGCTT,G,1405,False,0.07739938080495357,False,
544190165,AT,A,1427,False,0.15944272445820434,False,
544190415,G,GCT,1677,False,0.19659442724458204,False,
544190423,C,T,1685,False,0.413312693498452,False,
544190424,TAACC,T,1686,False,0.04489164086687306,False,
544190430,TTCAA,T,1692,False,0.04489164086687306,False,
544190440,AACC,A,1702,False,0.04489164086687306,False,
544190514,A,AT,1776,False,0.3931888544891641,False,
544190527,A,C,1789,False,0.05417956656346749,False,
544190620,ATCCGAAGGATC,A,1882,False,0.01393188854489164,False,
544190681,TG,T,1943,False,0.010835913312693499,False,
