position,ref,alt,len_diff,is_sv,maf,missing_rate,annotation
3379142,T,C,0,False,0.0030959752321981426,0.0,other
3379282,G,GA,1,False,0.2739938080495356,0.0,INS
3379288,C,A,0,False,0.2739938080495356,0.0,other
3380383,A,G,0,False,0.38544891640866874,0.0,other
