position,ref,alt,len_diff,is_sv,maf,missing_rate,annotation
3379142,T,C,0,False,0.0030959752321981,0.0,promoter
3379282,G,GA,1,False,0.2739938080495356,0.0,INS
3379288,C,A,0,False,0.2739938080495356,0.0,promoter
3380383,A,G,0,False,0.3854489164086687,0.0,promoter
