position,ref,alt,distance_to_tss,is_sv,maf,overlaps_cds,overlapping_genes
602696003,AC,A,1870,False,0.30340557275541796,False,
602696111,T,C,1762,False,0.07585139318885449,False,
602696173,T,TCATGTGG,1700,False,0.06501547987616099,False,
602696443,A,AT,1430,False,0.1346749226006192,False,
602696449,G,A,1424,False,0.07739938080495357,False,
602696568,CT,C,1305,False,0.40092879256965946,False,
602696648,C,CTATA,1225,False,0.032507739938080496,False,
602696650,A,AT,1223,False,0.01393188854489164,False,
602696654,A,ATAC,1219,False,0.01393188854489164,False,
602696690,GT,G,1183,False,0.02321981424148607,False,
602696732,G,C,1141,False,0.30959752321981426,False,
602696870,T,C,1003,False,0.11764705882352941,False,
602696874,C,A,999,False,0.13312693498452013,False,
602696881,A,G,992,False,0.2089783281733746,False,
602697020,GCA,G,853,False,0.0804953560371517,False,
602697063,G,GGGA,810,False,0.06811145510835913,False,
602697077,T,C,796,False,0.1346749226006192,False,
602697108,GC,G,765,False,0.02476780185758514,False,
602697117,CG,C,756,False,0.07894736842105263,False,
602697119,,,754,False,0.5,False,
602697144,C,T,729,False,0.413312693498452,False,
602697231,G,GT,642,False,0.10526315789473684,False,
602697334,G,A,539,False,0.07275541795665634,False,
602697388,TAATTGTTTGTA,T,485,False,0.12693498452012383,False,
602697421,GTGAAAAAA,G,452,False,0.07894736842105263,False,
602697458,C,A,415,False,0.13157894736842105,False,
602697492,C,T,381,False,0.015479876160990712,False,
602697497,G,T,376,False,0.017027863777089782,False,
602697531,A,G,342,False,0.1238390092879257,False,
602697555,C,T,318,False,0.017027863777089782,False,
602697661,C,T,212,False,0.03560371517027864,False,
602697703,T,C,170,False,0.02321981424148607,False,
602697705,C,T,168,False,0.01393188854489164,False,
602697746,G,C,127,False,0.07739938080495357,False,
602697774,C,T,99,False,0.0804953560371517,False,
602697782,A,G,91,False,0.07739938080495357,False,
602697798,T,TG,75,False,0.07739938080495357,False,
602697813,G,A,60,False,0.07739938080495357,False,
602697820,C,G,53,False,0.07739938080495357,False,
