position,ref,alt,distance_to_tss,is_sv,maf,overlaps_cds,overlapping_genes
489059933,TTGCTGCTGCCGC,T,45,False,0.02476780185758514,False,
489060036,G,A,148,False,0.02631578947368421,False,
489060115,GGGTGA,G,227,False,0.01238390092879257,False,
489060135,TGCTC,T,247,False,0.06346749226006192,False,
489060249,GC,G,361,False,0.06501547987616099,False,
489060285,CTTCTT,C,397,False,0.06501547987616099,False,
489060303,CTCCCCT,C,415,False,0.06501547987616099,False,
489060320,C,T,432,False,0.3978328173374613,False,
489060366,CA,C,478,False,0.3978328173374613,False,
489060763,C,A,875,False,0.06037151702786378,False,
489060968,C,T,1080,False,0.010835913312693499,False,
489060979,A,G,1091,False,0.01393188854489164,False,
489061033,G,T,1145,False,0.0804953560371517,False,
489061229,T,TCTTAG,1341,False,0.030959752321981424,False,
489061231,T,TTGACC,1343,False,0.01393188854489164,False,
489061266,C,T,1378,False,0.015479876160990712,False,
489061327,C,T,1439,False,0.09442724458204334,False,
489061466,A,G,1578,False,0.02476780185758514,False,
489061484,G,A,1596,False,0.01393188854489164,False,
489061516,A,G,1628,False,0.047987616099071206,False,
489061531,C,A,1643,False,0.01238390092879257,False,
489061557,A,T,1669,False,0.01238390092879257,False,
489061633,T,C,1745,False,0.015479876160990712,False,
489061634,G,A,1746,False,0.009287925696594427,False,
489061660,,,1772,False,0.5,False,
489061846,AG,A,1958,False,0.020123839009287926,False,
