position,ref,alt,distance_to_tss,is_sv,maf,overlaps_cds,overlapping_genes
603045490,G,A,20,False,0.32972136222910214,False,
603045503,A,ATAC,33,False,0.3746130030959752,False,
603045527,CCGGTGGG,C,57,False,0.23529411764705882,False,
603045585,A,AG,115,False,0.3746130030959752,False,
603045589,G,T,119,False,0.009287925696594427,False,
603045593,ACACTGCACTTGTTCT,A,123,False,0.23219814241486067,False,
603045656,C,A,186,False,0.030959752321981424,False,
603045798,C,T,328,False,0.009287925696594427,False,
603045844,T,C,374,False,0.01238390092879257,False,
603045855,C,G,385,False,0.18575851393188855,False,
603045881,G,C,411,False,0.021671826625386997,False,
603045884,C,T,414,False,0.01238390092879257,False,
603045906,GC,G,436,False,0.017027863777089782,False,
603045962,G,GA,492,False,0.010835913312693499,False,
603046011,CA,C,541,False,0.029411764705882353,False,
603046077,ATGTC,A,607,False,0.032507739938080496,False,
603046083,AGCATTTTTGCG,A,613,False,0.032507739938080496,False,
603046205,A,C,735,False,0.007739938080495356,False,
603046227,TCG,T,757,False,0.032507739938080496,False,
603046353,CG,C,883,False,0.010835913312693499,False,
603046369,GAC,G,899,False,0.010835913312693499,False,
603046435,G,GAGC,965,False,0.010835913312693499,False,
603046437,ATGG,A,967,False,0.01238390092879257,False,
603046511,TC,T,1041,False,0.38080495356037153,False,
603046574,GTC,G,1104,False,0.032507739938080496,False,
603046578,G,GGA,1108,False,0.03560371517027864,False,
603046750,T,TC,1280,False,0.06501547987616099,False,
603046777,AG,A,1307,False,0.38080495356037153,False,
603046857,T,C,1387,False,0.1346749226006192,False,
603046955,C,T,1485,False,0.38699690402476783,False,
603046997,AC,A,1527,False,0.034055727554179564,False,
603047141,T,TGC,1671,False,0.007739938080495356,False,
603047170,C,T,1700,False,0.017027863777089782,False,
603047423,A,G,1953,False,0.03715170278637771,False,
603047430,CG,C,1960,False,0.03715170278637771,False,
603047435,C,A,1965,False,0.03715170278637771,False,
603047468,T,TG,1998,False,0.034055727554179564,False,
