position,ref,alt,distance_to_tss,is_sv,maf,overlaps_cds,overlapping_genes
146936898,G,A,1928,False,0.11919504643962849,False,
146936918,C,T,1908,False,0.032507739938080496,False,
146937025,T,C,1801,False,0.35139318885448917,False,
146937034,G,A,1792,False,0.02321981424148607,False,
146937108,GA,G,1718,False,0.20743034055727555,False,
146937113,A,C,1713,False,0.0913312693498452,False,
146937138,A,T,1688,False,0.01393188854489164,False,
146937327,G,A,1499,False,0.018575851393188854,False,
146937332,C,T,1494,False,0.20743034055727555,False,
146937386,G,C,1440,False,0.4040247678018576,False,
146937620,T,C,1206,False,0.4040247678018576,False,
146937683,G,A,1143,False,0.034055727554179564,False,
146937723,G,C,1103,False,0.20743034055727555,False,
146937752,C,T,1074,False,0.02321981424148607,False,
146937780,G,A,1046,False,0.20743034055727555,False,
146937850,C,T,976,False,0.020123839009287926,False,
146937878,A,G,948,False,0.47832817337461303,False,
146937930,C,T,896,False,0.01393188854489164,False,
146937954,G,C,872,False,0.015479876160990712,False,
146938113,C,G,713,False,0.35139318885448917,False,
146938191,A,C,635,False,0.10681114551083591,False,
146938212,C,T,614,False,0.02321981424148607,False,
146938282,G,A,544,False,0.010835913312693499,False,
146938474,C,CG,352,False,0.01393188854489164,False,
146938541,GGA,G,285,False,0.01393188854489164,False,
146938615,G,C,211,False,0.4055727554179567,False,
146938769,ACTC,A,57,False,0.03869969040247678,False,
