position,ref,alt,len_diff,is_sv,maf,missing_rate,annotation
146936898,G,A,0,False,0.11919504643962849,0.0,other
146936918,C,T,0,False,0.032507739938080496,0.0,other
146937025,T,C,0,False,0.35139318885448917,0.0,other
146937034,G,A,0,False,0.02321981424148607,0.0,other
146937108,GA,G,-1,False,0.20743034055727555,0.0,DEL
146937113,A,C,0,False,0.0913312693498452,0.0,other
146937138,A,T,0,False,0.01393188854489164,0.0,other
146937327,G,A,0,False,0.018575851393188854,0.0,other
146937332,C,T,0,False,0.20743034055727555,0.0,other
146937386,G,C,0,False,0.4040247678018576,0.0,other
146937620,T,C,0,False,0.4040247678018576,0.0,other
146937683,G,A,0,False,0.034055727554179564,0.0,other
146937723,G,C,0,False,0.20743034055727555,0.0,other
146937752,C,T,0,False,0.02321981424148607,0.0,other
146937780,G,A,0,False,0.20743034055727555,0.0,other
146937850,C,T,0,False,0.020123839009287926,0.0,other
146937878,A,G,0,False,0.47832817337461303,0.0,other
146937930,C,T,0,False,0.01393188854489164,0.0,other
146937954,G,C,0,False,0.015479876160990712,0.0,other
146938113,C,G,0,False,0.35139318885448917,0.0,other
146938191,A,C,0,False,0.10681114551083591,0.0,other
146938212,C,T,0,False,0.02321981424148607,0.0,other
146938282,G,A,0,False,0.010835913312693499,0.0,other
146938474,C,CG,1,False,0.01393188854489164,0.0,INS
146938541,GGA,G,-2,False,0.01393188854489164,0.0,DEL
146938615,G,C,0,False,0.4055727554179567,0.0,other
146938769,ACTC,A,-3,False,0.03869969040247678,0.0,DEL
146939659,A,C,0,False,0.02321981424148607,0.0,intron
146939682,C,T,0,False,0.02321981424148607,0.0,intron
146940304,T,G,0,False,0.04489164086687306,0.0,intron
146940603,AT,A,-1,False,0.058823529411764705,0.0,DEL
146941368,AT,A,-1,False,0.03869969040247678,0.0,DEL
146941906,A,G,0,False,0.020123839009287926,0.0,intron
146941938,A,ATGGTATGC,8,False,0.48142414860681115,0.0,INS
146942985,TC,T,-1,False,0.01393188854489164,0.0,DEL
146942988,ACT,A,-2,False,0.01393188854489164,0.0,DEL
146942994,A,AGATACTGCG,9,False,0.01393188854489164,0.0,INS
146943093,T,C,0,False,0.47987616099071206,0.0,intron
146943428,C,G,0,False,0.35294117647058826,0.0,intron
146943510,AGC,A,-2,False,0.10526315789473684,0.0,DEL
146943635,C,T,0,False,0.4024767801857585,0.0,intron
