position,ref,alt,len_diff,is_sv,maf,missing_rate,annotation
146936898,G,A,0,False,0.1191950464396284,0.0,promoter
146936918,C,T,0,False,0.0325077399380804,0.0,promoter
146937025,T,C,0,False,0.3513931888544891,0.0,promoter
146937034,G,A,0,False,0.023219814241486,0.0,promoter
146937108,GA,G,-1,False,0.2074303405572755,0.0,DEL
146937113,A,C,0,False,0.0913312693498452,0.0,promoter
146937138,A,T,0,False,0.0139318885448916,0.0,promoter
146937327,G,A,0,False,0.0185758513931888,0.0,promoter
146937332,C,T,0,False,0.2074303405572755,0.0,promoter
146937386,G,C,0,False,0.4040247678018576,0.0,promoter
146937620,T,C,0,False,0.4040247678018576,0.0,promoter
146937683,G,A,0,False,0.0340557275541795,0.0,promoter
146937723,G,C,0,False,0.2074303405572755,0.0,promoter
146937752,C,T,0,False,0.023219814241486,0.0,promoter
146937780,G,A,0,False,0.2074303405572755,0.0,promoter
146937850,C,T,0,False,0.0201238390092879,0.0,promoter
146937878,A,G,0,False,0.478328173374613,0.0,promoter
146937930,C,T,0,False,0.0139318885448916,0.0,promoter
146937954,G,C,0,False,0.0154798761609907,0.0,promoter
146938113,C,G,0,False,0.3513931888544891,0.0,promoter
146938191,A,C,0,False,0.1068111455108359,0.0,promoter
146938212,C,T,0,False,0.023219814241486,0.0,promoter
146938282,G,A,0,False,0.0108359133126934,0.0,promoter
146938474,C,CG,1,False,0.0139318885448916,0.0,INS
146938541,GGA,G,-2,False,0.0139318885448916,0.0,DEL
146938615,G,C,0,False,0.4055727554179567,0.0,promoter
146938769,ACTC,A,-3,False,0.0386996904024767,0.0,DEL
146939659,A,C,0,False,0.023219814241486,0.0,intron
146939682,C,T,0,False,0.023219814241486,0.0,intron
146940304,T,G,0,False,0.044891640866873,0.0,intron
146940603,AT,A,-1,False,0.0588235294117647,0.0,DEL
146941368,AT,A,-1,False,0.0386996904024767,0.0,DEL
146941906,A,G,0,False,0.0201238390092879,0.0,intron
146941938,A,ATGGTATGC,8,False,0.4814241486068111,0.0,INS
146942985,TC,T,-1,False,0.0139318885448916,0.0,DEL
146942988,ACT,A,-2,False,0.0139318885448916,0.0,DEL
146942994,A,AGATACTGCG,9,False,0.0139318885448916,0.0,INS
146943093,T,C,0,False,0.479876160990712,0.0,other
146943428,C,G,0,False,0.3529411764705882,0.0,UTR
146943510,AGC,A,-2,False,0.1052631578947368,0.0,DEL
146943635,C,T,0,False,0.4024767801857585,0.0,UTR
