position,ref,alt,distance_to_tss,is_sv,maf,overlaps_cds,overlapping_genes
146945201,G,C,226,False,0.08513931888544891,False,
146945333,A,G,358,False,0.10681114551083591,False,
146945363,G,A,388,False,0.35139318885448917,False,
146945422,G,A,447,False,0.4891640866873065,False,
146945519,C,T,544,False,0.03869969040247678,False,
146945584,G,C,609,False,0.02476780185758514,False,
146945706,G,A,731,False,0.06346749226006192,False,
146945724,G,A,749,False,0.35294117647058826,False,
146945745,C,T,770,False,0.20743034055727555,False,
146945750,G,A,775,False,0.010835913312693499,False,
146945759,C,T,784,False,0.010835913312693499,False,
146945826,G,T,851,False,0.20743034055727555,False,
146945860,C,T,885,False,0.06346749226006192,False,
146945881,CT,C,906,False,0.0913312693498452,False,
146945927,C,T,952,False,0.10835913312693499,False,
146945978,A,G,1003,False,0.3544891640866873,False,
146946302,G,A,1327,False,0.01393188854489164,False,
146946322,G,A,1347,False,0.47832817337461303,False,
146946351,CT,C,1376,False,0.034055727554179564,False,
146946600,G,A,1625,False,0.007739938080495356,False,
146946680,C,T,1705,False,0.05572755417956656,False,
146946757,T,G,1782,False,0.43188854489164086,False,
146946790,C,A,1815,False,0.018575851393188854,False,
146946897,G,T,1922,False,0.01393188854489164,False,
146946959,T,A,1984,False,0.0913312693498452,False,
