position,ref,alt,len_diff,is_sv,maf,missing_rate,annotation
146944140,G,A,0,False,0.20743034055727555,0.0,intron
146944409,C,T,0,False,0.0913312693498452,0.0,intron
146945201,G,C,0,False,0.08513931888544891,0.0,other
146945333,A,G,0,False,0.10681114551083591,0.0,other
146945363,G,A,0,False,0.35139318885448917,0.0,other
146945422,G,A,0,False,0.4891640866873065,0.0,other
146945519,C,T,0,False,0.03869969040247678,0.0,other
146945584,G,C,0,False,0.02476780185758514,0.0,other
146945706,G,A,0,False,0.06346749226006192,0.0,other
146945724,G,A,0,False,0.35294117647058826,0.0,other
146945745,C,T,0,False,0.20743034055727555,0.0,other
146945750,G,A,0,False,0.010835913312693499,0.0,other
146945759,C,T,0,False,0.010835913312693499,0.0,other
146945826,G,T,0,False,0.20743034055727555,0.0,other
146945860,C,T,0,False,0.06346749226006192,0.0,other
146945881,CT,C,-1,False,0.0913312693498452,0.0,DEL
146945927,C,T,0,False,0.10835913312693499,0.0,other
146945978,A,G,0,False,0.3544891640866873,0.0,other
146946302,G,A,0,False,0.01393188854489164,0.0,other
146946322,G,A,0,False,0.47832817337461303,0.0,other
146946351,CT,C,-1,False,0.034055727554179564,0.0,DEL
146946600,G,A,0,False,0.007739938080495356,0.0,other
146946680,C,T,0,False,0.05572755417956656,0.0,other
146946757,T,G,0,False,0.43188854489164086,0.0,other
146946790,C,A,0,False,0.018575851393188854,0.0,other
146946897,G,T,0,False,0.01393188854489164,0.0,other
146946959,T,A,0,False,0.0913312693498452,0.0,other
