position,ref,alt,len_diff,is_sv,maf,missing_rate,annotation
146944140,G,A,0,False,0.2074303405572755,0.0,intron
146944409,C,T,0,False,0.0913312693498452,0.0,intron
146945201,G,C,0,False,0.0851393188854489,0.0,promoter
146945333,A,G,0,False,0.1068111455108359,0.0,promoter
146945363,G,A,0,False,0.3513931888544891,0.0,promoter
146945422,G,A,0,False,0.4891640866873065,0.0,promoter
146945519,C,T,0,False,0.0386996904024767,0.0,promoter
146945584,G,C,0,False,0.0247678018575851,0.0,promoter
146945706,G,A,0,False,0.0634674922600619,0.0,promoter
146945724,G,A,0,False,0.3529411764705882,0.0,promoter
146945745,C,T,0,False,0.2074303405572755,0.0,promoter
146945750,G,A,0,False,0.0108359133126934,0.0,promoter
146945759,C,T,0,False,0.0108359133126934,0.0,promoter
146945826,G,T,0,False,0.2074303405572755,0.0,promoter
146945860,C,T,0,False,0.0634674922600619,0.0,promoter
146945881,CT,C,-1,False,0.0913312693498452,0.0,DEL
146945927,C,T,0,False,0.1083591331269349,0.0,promoter
146945978,A,G,0,False,0.3544891640866873,0.0,promoter
146946302,G,A,0,False,0.0139318885448916,0.0,promoter
146946322,G,A,0,False,0.478328173374613,0.0,promoter
146946351,CT,C,-1,False,0.0340557275541795,0.0,DEL
146946600,G,A,0,False,0.0077399380804953,0.0,promoter
146946680,C,T,0,False,0.0557275541795665,0.0,promoter
146946757,T,G,0,False,0.4318885448916408,0.0,promoter
146946790,C,A,0,False,0.0185758513931888,0.0,promoter
146946897,G,T,0,False,0.0139318885448916,0.0,promoter
146946959,T,A,0,False,0.0913312693498452,0.0,promoter
