position,ref,alt,distance_to_tss,is_sv,maf,overlaps_cds,overlapping_genes
540400676,GC,G,1998,False,0.08359133126934984,False,
540400794,TTTTCATAGGCC,T,1880,False,0.032507739938080496,False,
540400807,TTCC,T,1867,False,0.032507739938080496,False,
540400839,T,A,1835,False,0.43188854489164086,False,
540400933,C,T,1741,False,0.04489164086687306,False,
540400966,T,C,1708,False,0.06191950464396285,False,
540400967,A,AT,1707,False,0.009287925696594427,False,
540401013,AT,A,1661,False,0.4953560371517028,False,
540401020,A,G,1654,False,0.018575851393188854,False,
540401034,GT,G,1640,False,0.02321981424148607,False,
540401159,G,A,1515,False,0.07275541795665634,False,
540401232,C,CG,1442,False,0.2647058823529412,False,
540401282,G,A,1392,False,0.06191950464396285,False,
540401326,TG,T,1348,False,0.03715170278637771,False,
540401444,C,T,1230,False,0.010835913312693499,False,
540401468,C,CAA,1206,False,0.017027863777089782,False,
540401567,AACGT,A,1107,False,0.009287925696594427,False,
540401617,GC,G,1057,False,0.06191950464396285,False,
540401645,G,GA,1029,False,0.12074303405572756,False,
540401661,G,A,1013,False,0.20743034055727555,False,
540401921,C,T,753,False,0.17027863777089783,False,
540401999,C,T,675,False,0.020123839009287926,False,
540402015,TA,T,659,False,0.17182662538699692,False,
540402033,TG,T,641,False,0.02476780185758514,False,
540402038,A,T,636,False,0.42724458204334365,False,
540402085,T,C,589,False,0.42879256965944273,False,
540402092,T,C,582,False,0.17182662538699692,False,
540402101,TGCA,T,573,False,0.009287925696594427,False,
540402135,C,T,539,False,0.06191950464396285,False,
540402158,CTT,C,516,False,0.03560371517027864,False,
540402183,C,G,491,False,0.06191950464396285,False,
540402458,G,C,216,False,0.017027863777089782,False,
540402579,A,AT,95,False,0.04953560371517028,False,
540402652,T,C,22,False,0.01393188854489164,False,
