position,ref,alt,distance_to_tss,is_sv,maf,overlaps_cds,overlapping_genes
539101809,A,AG,1746,False,0.009287925696594427,False,
539102010,TA,T,1545,False,0.28792569659442724,False,
539102154,A,AT,1401,False,0.009287925696594427,False,
539102193,AG,A,1362,False,0.07275541795665634,False,
539102233,ATATTGCTAAG,A,1322,False,0.30030959752321984,False,
539102266,C,T,1289,False,0.05572755417956656,False,
539102316,G,A,1239,False,0.015479876160990712,False,
539102387,C,T,1168,False,0.009287925696594427,False,
539102548,A,G,1007,False,0.017027863777089782,False,
539102650,C,T,905,False,0.01393188854489164,False,
539102683,G,A,872,False,0.06656346749226007,False,
539102699,C,G,856,False,0.22755417956656346,False,
539102737,A,G,818,False,0.3931888544891641,False,
539102773,G,C,782,False,0.18421052631578946,False,
539102874,G,C,681,False,0.06811145510835913,False,
539102939,C,T,616,False,0.01393188854489164,False,
539102989,CGT,C,566,False,0.015479876160990712,False,
539102992,ACT,A,563,False,0.015479876160990712,False,
539103000,TCTAGTATGGG,T,555,False,0.01393188854489164,False,
539103090,A,G,465,False,0.20588235294117646,False,
539103169,AC,A,386,False,0.22291021671826625,False,
539103292,G,C,263,False,0.010835913312693499,False,
539103407,T,A,148,False,0.02786377708978328,False,
539103418,ACTT,A,137,False,0.04024767801857585,False,
539103434,C,CCCACA,121,False,0.11919504643962849,False,
539103439,AC,A,116,False,0.01393188854489164,False,
539103441,AG,A,114,False,0.01393188854489164,False,
539103447,ATAG,A,108,False,0.11919504643962849,False,
539103536,G,A,19,False,0.010835913312693499,False,
