position,ref,alt,len_diff,is_sv,maf,missing_rate,annotation
539101809,A,AG,1,False,0.0092879256965944,0.0,INS
539102010,TA,T,-1,False,0.2879256965944272,0.0,DEL
539102154,A,AT,1,False,0.0092879256965944,0.0,INS
539102193,AG,A,-1,False,0.0727554179566563,0.0,DEL
539102233,ATATTGCTAAG,A,-10,False,0.3003095975232198,0.0,DEL
539102266,C,T,0,False,0.0557275541795665,0.0,promoter
539102316,G,A,0,False,0.0154798761609907,0.0,promoter
539102387,C,T,0,False,0.0092879256965944,0.0,promoter
539102548,A,G,0,False,0.0170278637770897,0.0,promoter
539102650,C,T,0,False,0.0139318885448916,0.0,promoter
539102683,G,A,0,False,0.06656346749226,0.0,promoter
539102699,C,G,0,False,0.2275541795665634,0.0,promoter
539102737,A,G,0,False,0.3931888544891641,0.0,promoter
539102773,G,C,0,False,0.1842105263157894,0.0,promoter
539102874,G,C,0,False,0.0681114551083591,0.0,promoter
539102939,C,T,0,False,0.0139318885448916,0.0,promoter
539102989,CGT,C,-2,False,0.0154798761609907,0.0,DEL
539102992,ACT,A,-2,False,0.0154798761609907,0.0,DEL
539103000,TCTAGTATGGG,T,-10,False,0.0139318885448916,0.0,DEL
539103090,A,G,0,False,0.2058823529411764,0.0,promoter
539103169,AC,A,-1,False,0.2229102167182662,0.0,DEL
539103292,G,C,0,False,0.0108359133126934,0.0,promoter
539103407,T,A,0,False,0.0278637770897832,0.0,promoter
539103418,ACTT,A,-3,False,0.0402476780185758,0.0,DEL
539103434,C,CCCACA,5,False,0.1191950464396284,0.0,INS
539103439,AC,A,-1,False,0.0139318885448916,0.0,DEL
539103441,AG,A,-1,False,0.0139318885448916,0.0,DEL
539103447,ATAG,A,-3,False,0.1191950464396284,0.0,DEL
539103536,G,A,0,False,0.0108359133126934,0.0,promoter
539103744,C,A,0,False,0.0325077399380804,0.0,other
539103762,C,T,0,False,0.0247678018575851,0.0,other
539103891,C,A,0,False,0.044891640866873,0.0,other
539104152,C,T,0,False,0.0201238390092879,0.0,other
539104158,G,A,0,False,0.0108359133126934,0.0,other
539104242,G,A,0,False,0.2058823529411764,0.0,other
539104252,C,A,0,False,0.0139318885448916,0.0,other
539104257,G,C,0,False,0.0681114551083591,0.0,other
539104389,C,G,0,False,0.0201238390092879,0.0,other
539104410,C,T,0,False,0.0201238390092879,0.0,other
539104440,T,C,0,False,0.3173374613003096,0.0,other
539104560,G,A,0,False,0.0139318885448916,0.0,other
539105026,C,A,0,False,0.0185758513931888,0.0,UTR
539105045,A,G,0,False,0.1563467492260062,0.0,UTR
539105071,A,AT,1,False,0.0092879256965944,0.0,INS
