position,ref,alt,len_diff,is_sv,maf,missing_rate,annotation
539101809,A,AG,1,False,0.009287925696594427,0.0,other
539102010,TA,T,-1,False,0.28792569659442724,0.0,other
539102154,A,AT,1,False,0.009287925696594427,0.0,other
539102193,AG,A,-1,False,0.07275541795665634,0.0,other
539102233,ATATTGCTAAG,A,-10,False,0.30030959752321984,0.0,other
539102266,C,T,0,False,0.05572755417956656,0.0,other
539102316,G,A,0,False,0.015479876160990712,0.0,other
539102387,C,T,0,False,0.009287925696594427,0.0,other
539102548,A,G,0,False,0.017027863777089782,0.0,other
539102650,C,T,0,False,0.01393188854489164,0.0,other
539102683,G,A,0,False,0.06656346749226007,0.0,other
539102699,C,G,0,False,0.22755417956656346,0.0,other
539102737,A,G,0,False,0.3931888544891641,0.0,other
539102773,G,C,0,False,0.18421052631578946,0.0,other
539102874,G,C,0,False,0.06811145510835913,0.0,other
539102939,C,T,0,False,0.01393188854489164,0.0,other
539102989,CGT,C,-2,False,0.015479876160990712,0.0,other
539102992,ACT,A,-2,False,0.015479876160990712,0.0,other
539103000,TCTAGTATGGG,T,-10,False,0.01393188854489164,0.0,other
539103090,A,G,0,False,0.20588235294117646,0.0,other
539103169,AC,A,-1,False,0.22291021671826625,0.0,other
539103292,G,C,0,False,0.010835913312693499,0.0,other
539103407,T,A,0,False,0.02786377708978328,0.0,other
539103418,ACTT,A,-3,False,0.04024767801857585,0.0,other
539103434,C,CCCACA,5,False,0.11919504643962849,0.0,other
539103439,AC,A,-1,False,0.01393188854489164,0.0,other
539103441,AG,A,-1,False,0.01393188854489164,0.0,other
539103447,ATAG,A,-3,False,0.11919504643962849,0.0,other
539103536,G,A,0,False,0.010835913312693499,0.0,other
539103744,C,A,0,False,0.032507739938080496,0.0,other
539103762,C,T,0,False,0.02476780185758514,0.0,other
539103891,C,A,0,False,0.04489164086687306,0.0,other
539104152,C,T,0,False,0.020123839009287926,0.0,other
539104158,G,A,0,False,0.010835913312693499,0.0,other
539104242,G,A,0,False,0.20588235294117646,0.0,other
539104252,C,A,0,False,0.01393188854489164,0.0,other
539104257,G,C,0,False,0.06811145510835913,0.0,other
539104389,C,G,0,False,0.020123839009287926,0.0,other
539104410,C,T,0,False,0.020123839009287926,0.0,other
539104440,T,C,0,False,0.3173374613003096,0.0,other
539104560,G,A,0,False,0.01393188854489164,0.0,other
539105026,C,A,0,False,0.018575851393188854,0.0,other
539105045,A,G,0,False,0.1563467492260062,0.0,other
539105071,A,AT,1,False,0.009287925696594427,0.0,other
