position,ref,alt,distance_to_tss,is_sv,maf,overlaps_cds,overlapping_genes
146042536,C,T,150,False,0.032507739938080496,False,
146042628,A,C,242,False,0.47832817337461303,True,HORVU.MOREX.r3.4HG0356380.1
146043324,GAAGA,G,938,False,0.018575851393188854,True,HORVU.MOREX.r3.4HG0356380.1
146044032,C,T,1646,False,0.35139318885448917,False,
