position,ref,alt,len_diff,is_sv,maf,missing_rate,annotation
146041367,A,G,0,False,0.0464396284829721,0.0,other
146041903,A,G,0,False,0.0154798761609907,0.0,intron
146042154,G,C,0,False,0.0990712074303405,0.0,other
146042290,G,A,0,False,0.0557275541795665,0.0,other
146042332,T,C,0,False,0.0185758513931888,0.0,other
146042536,C,T,0,False,0.0325077399380804,0.0,promoter
146042628,A,C,0,False,0.478328173374613,0.0,promoter
146043324,GAAGA,G,-4,False,0.0185758513931888,0.0,DEL
146044032,C,T,0,False,0.3513931888544891,0.0,promoter
