position,ref,alt,len_diff,is_sv,maf,missing_rate,annotation
146041367,A,G,0,False,0.04643962848297214,0.0,intron
146041903,A,G,0,False,0.015479876160990712,0.0,intron
146042154,G,C,0,False,0.09907120743034056,0.0,intron
146042290,G,A,0,False,0.05572755417956656,0.0,intron
146042332,T,C,0,False,0.018575851393188854,0.0,intron
146042536,C,T,0,False,0.032507739938080496,0.0,other
146042628,A,C,0,False,0.47832817337461303,0.0,other
146043324,GAAGA,G,-4,False,0.018575851393188854,0.0,DEL
146044032,C,T,0,False,0.35139318885448917,0.0,other
