position,ref,alt,distance_to_tss,is_sv,maf,overlaps_cds,overlapping_genes
8962598,GCACGC,G,454,False,0.021671826625386997,False,
8962631,C,T,421,False,0.12538699690402477,False,
8962640,A,T,412,False,0.3498452012383901,False,
8962650,G,A,402,False,0.33900928792569657,False,
8962661,T,A,391,False,0.3498452012383901,False,
8962684,AAAG,A,368,False,0.47213622291021673,False,
8962696,TACA,T,356,False,0.4674922600619195,False,
8962996,T,TG,56,False,0.0804953560371517,False,
