position,ref,alt,distance_to_tss,is_sv,maf,overlaps_cds,overlapping_genes
484012139,AC,A,1695,False,0.015479876160990712,False,
484012201,TATCATCTTAAAATTTACAAA,T,1633,False,0.04024767801857585,False,
484012286,C,T,1548,False,0.04024767801857585,False,
484012374,AG,A,1460,False,0.02321981424148607,False,
484012518,C,CTATA,1316,False,0.08978328173374613,False,
484012579,A,AAAT,1255,False,0.413312693498452,False,
484012692,ACCCGC,A,1142,False,0.25232198142414863,False,
484012709,TACC,T,1125,False,0.24922600619195046,False,
484012719,C,CAGGCCCAG,1115,False,0.24922600619195046,False,
484012727,GC,G,1107,False,0.010835913312693499,False,
484013408,CCTTTTG,C,426,False,0.01393188854489164,False,
484013436,A,G,398,False,0.02786377708978328,False,
484013500,CA,C,334,False,0.01238390092879257,False,
484013581,C,T,253,False,0.009287925696594427,False,
484013595,G,C,239,False,0.23219814241486067,False,
484013732,A,T,102,False,0.1130030959752322,False,
484013752,G,A,82,False,0.03869969040247678,False,
484013758,G,C,76,False,0.13312693498452013,False,
