position,ref,alt,distance_to_tss,is_sv,maf,overlaps_cds,overlapping_genes
475311056,,,217,False,0.5,False,
475311541,T,TA,702,False,0.007739938080495356,False,
475311736,ACC,A,897,False,0.07894736842105263,False,
475311795,C,T,956,False,0.2678018575851393,False,
475311908,ATT,A,1069,False,0.04953560371517028,False,
475311913,C,CTT,1074,False,0.04953560371517028,False,
475312110,CCGCCAG,C,1271,False,0.29876160990712075,False,
475312174,CAACGA,C,1335,False,0.09597523219814241,False,
475312190,A,G,1351,False,0.34674922600619196,False,
475312196,G,A,1357,False,0.10681114551083591,False,
475312520,T,C,1681,False,0.34829721362229105,False,
475312532,C,G,1693,False,0.01393188854489164,False,
475312533,G,A,1694,False,0.11455108359133127,False,
475312543,G,C,1704,False,0.3591331269349845,False,
475312545,G,A,1706,False,0.2678018575851393,False,
475312618,C,T,1779,False,0.3544891640866873,False,
475312757,A,G,1918,False,0.04179566563467492,False,
