position,ref,alt,distance_to_tss,is_sv,maf,overlaps_cds,overlapping_genes
36778011,CA,C,1385,False,0.029411764705882353,False,
36778362,G,A,1034,False,0.010835913312693499,False,
36778363,C,T,1033,False,0.02476780185758514,False,
36778391,,,1005,False,0.5,False,
36778469,A,G,927,False,0.04024767801857585,False,
36778480,C,A,916,False,0.4241486068111455,False,
36778612,T,TC,784,False,0.029411764705882353,False,
36778668,TCTGCTGTGGA,T,728,False,0.03869969040247678,False,
36778698,G,GA,698,False,0.4241486068111455,False,
36779034,C,T,362,False,0.03715170278637771,False,
36779113,A,AT,283,False,0.11764705882352941,False,
36779128,TG,T,268,False,0.03560371517027864,False,
36779165,C,G,231,False,0.11145510835913312,False,
36779187,C,G,209,False,0.23529411764705882,False,
36779203,TC,T,193,False,0.032507739938080496,False,
36779211,ACTT,A,185,False,0.07430340557275542,False,
36779281,C,T,115,False,0.010835913312693499,False,
36779306,ACCCTCCCCCG,A,90,False,0.06811145510835913,False,
