position,ref,alt,distance_to_tss,is_sv,maf,overlaps_cds,overlapping_genes
9443491,G,A,72,False,0.017027863777089782,False,
9443540,T,TCATCATC,121,False,0.01238390092879257,False,
9443555,C,T,136,False,0.39164086687306504,False,
9443578,T,G,159,False,0.01393188854489164,False,
9443584,C,T,165,False,0.3142414860681115,False,
9443607,T,C,188,False,0.01393188854489164,False,
9443665,T,A,246,False,0.10371517027863777,False,
9443760,G,GCC,341,False,0.2647058823529412,False,
9444571,C,CCGTA,1152,False,0.24922600619195046,False,
9444587,C,T,1168,False,0.02786377708978328,False,
9444662,G,C,1243,False,0.4411764705882353,False,
9444688,T,G,1269,False,0.18885448916408668,False,
9444737,T,TTGCA,1318,False,0.4055727554179567,False,
9444752,T,A,1333,False,0.009287925696594427,False,
9444773,C,CTGA,1354,False,0.06037151702786378,False,
9444903,C,A,1484,False,0.02631578947368421,False,
9444958,ATAC,A,1539,False,0.01238390092879257,False,
9445005,C,CT,1586,False,0.06656346749226007,False,
9445068,C,T,1649,False,0.06656346749226007,False,
9445114,CACGT,C,1695,False,0.3111455108359133,False,
9445140,A,ATTAT,1721,False,0.17337461300309598,False,
9445172,GTGCA,G,1753,False,0.17182662538699692,False,
9445385,ATGTCC,A,1966,False,0.22291021671826625,False,
9445393,AATGAT,A,1974,False,0.034055727554179564,False,
9445401,T,TA,1982,False,0.21981424148606812,False,
9445419,T,TGCGC,2000,False,0.08513931888544891,False,
