position,ref,alt,distance_to_tss,is_sv,maf,overlaps_cds,overlapping_genes
655370128,A,G,472,False,0.029411764705882353,False,
655370157,G,A,501,False,0.010835913312693499,False,
655370272,ATCGT,A,616,False,0.034055727554179564,False,
655370276,T,TAA,620,False,0.034055727554179564,False,
655370291,A,G,635,False,0.4102167182662539,False,
655370311,C,T,655,False,0.18111455108359134,False,
655370315,T,G,659,False,0.06346749226006192,False,
655370364,G,C,708,False,0.021671826625386997,False,
655370379,A,G,723,False,0.06346749226006192,False,
655370426,G,C,770,False,0.11919504643962849,False,
655370444,G,A,788,False,0.01393188854489164,False,
655370476,T,C,820,False,0.021671826625386997,False,
655370499,G,T,843,False,0.030959752321981424,False,
655370514,T,G,858,False,0.009287925696594427,False,
655370637,G,A,981,False,0.01238390092879257,False,
655370649,G,T,993,False,0.058823529411764705,False,
655370691,T,G,1035,False,0.16253869969040247,False,
655370718,C,T,1062,False,0.010835913312693499,False,
655370891,T,C,1235,False,0.11609907120743033,False,
655370947,A,AT,1291,False,0.030959752321981424,False,
655370968,A,G,1312,False,0.05108359133126935,False,
655371046,C,T,1390,False,0.12538699690402477,False,
655371132,TTCTCGGCCCGAGCTCAAATGAGCTCGGGTAACAGTAAAATCAAAACTAACACAAAAAAAAGTTCAAAAA,T,1476,True,0.1780185758513932,False,
655371212,C,T,1556,False,0.1780185758513932,False,
655371233,A,C,1577,False,0.1780185758513932,False,
655371308,A,G,1652,False,0.18111455108359134,False,
655371316,G,A,1660,False,0.19349845201238391,False,
655371367,G,C,1711,False,0.02786377708978328,False,
655371402,G,A,1746,False,0.030959752321981424,False,
