position,ref,alt,len_diff,is_sv,maf,missing_rate,annotation
655368630,GT,G,-1,False,0.01238390092879257,0.0,DEL
655368675,A,G,0,False,0.18111455108359134,0.0,intron
655368709,C,T,0,False,0.017027863777089782,0.0,intron
655368814,T,C,0,False,0.1130030959752322,0.0,intron
655368836,G,A,0,False,0.010835913312693499,0.0,intron
655369021,GAAGAA,G,-5,False,0.01238390092879257,0.0,DEL
655369040,G,T,0,False,0.18885448916408668,0.0,intron
655369187,A,G,0,False,0.07120743034055728,0.0,intron
655369200,G,T,0,False,0.018575851393188854,0.0,intron
655369245,G,A,0,False,0.09597523219814241,0.0,intron
655369311,A,G,0,False,0.1130030959752322,0.0,intron
655369446,C,T,0,False,0.015479876160990712,0.0,intron
655369484,C,T,0,False,0.01393188854489164,0.0,intron
655370128,A,G,0,False,0.029411764705882353,0.0,other
655370157,G,A,0,False,0.010835913312693499,0.0,other
655370272,ATCGT,A,-4,False,0.034055727554179564,0.0,DEL
655370276,T,TAA,2,False,0.034055727554179564,0.0,INS
655370291,A,G,0,False,0.4102167182662539,0.0,other
655370311,C,T,0,False,0.18111455108359134,0.0,other
655370315,T,G,0,False,0.06346749226006192,0.0,other
655370364,G,C,0,False,0.021671826625386997,0.0,other
655370379,A,G,0,False,0.06346749226006192,0.0,other
655370426,G,C,0,False,0.11919504643962849,0.0,other
655370444,G,A,0,False,0.01393188854489164,0.0,other
655370476,T,C,0,False,0.021671826625386997,0.0,other
655370499,G,T,0,False,0.030959752321981424,0.0,other
655370514,T,G,0,False,0.009287925696594427,0.0,other
655370637,G,A,0,False,0.01238390092879257,0.0,other
655370649,G,T,0,False,0.058823529411764705,0.0,other
655370691,T,G,0,False,0.16253869969040247,0.0,other
655370718,C,T,0,False,0.010835913312693499,0.0,other
655370891,T,C,0,False,0.11609907120743033,0.0,other
655370947,A,AT,1,False,0.030959752321981424,0.0,INS
655370968,A,G,0,False,0.05108359133126935,0.0,other
655371046,C,T,0,False,0.12538699690402477,0.0,other
655371132,TTCTCGGCCCGAGCTCAAATGAGCTCGGGTAACAGTAAAATCAAAACTAACACAAAAAAAAGTTCAAAAA,T,-69,True,0.1780185758513932,0.0,SV
655371212,C,T,0,False,0.1780185758513932,0.0,other
655371233,A,C,0,False,0.1780185758513932,0.0,other
655371308,A,G,0,False,0.18111455108359134,0.0,other
655371316,G,A,0,False,0.19349845201238391,0.0,other
655371367,G,C,0,False,0.02786377708978328,0.0,other
655371402,G,A,0,False,0.030959752321981424,0.0,other
