position,ref,alt,len_diff,is_sv,maf,missing_rate,annotation
655368630,GT,G,-1,False,0.0123839009287925,0.0,DEL
655368675,A,G,0,False,0.1811145510835913,0.0,UTR
655368709,C,T,0,False,0.0170278637770897,0.0,UTR
655368814,T,C,0,False,0.1130030959752322,0.0,UTR
655368836,G,A,0,False,0.0108359133126934,0.0,UTR
655369021,GAAGAA,G,-5,False,0.0123839009287925,0.0,DEL
655369040,G,T,0,False,0.1888544891640866,0.0,UTR
655369187,A,G,0,False,0.0712074303405572,0.0,intron
655369200,G,T,0,False,0.0185758513931888,0.0,intron
655369245,G,A,0,False,0.0959752321981424,0.0,intron
655369311,A,G,0,False,0.1130030959752322,0.0,other
655369446,C,T,0,False,0.0154798761609907,0.0,other
655369484,C,T,0,False,0.0139318885448916,0.0,other
655370128,A,G,0,False,0.0294117647058823,0.0,promoter
655370157,G,A,0,False,0.0108359133126934,0.0,promoter
655370272,ATCGT,A,-4,False,0.0340557275541795,0.0,DEL
655370276,T,TAA,2,False,0.0340557275541795,0.0,INS
655370291,A,G,0,False,0.4102167182662539,0.0,promoter
655370311,C,T,0,False,0.1811145510835913,0.0,promoter
655370315,T,G,0,False,0.0634674922600619,0.0,promoter
655370364,G,C,0,False,0.0216718266253869,0.0,promoter
655370379,A,G,0,False,0.0634674922600619,0.0,promoter
655370426,G,C,0,False,0.1191950464396284,0.0,promoter
655370444,G,A,0,False,0.0139318885448916,0.0,promoter
655370476,T,C,0,False,0.0216718266253869,0.0,promoter
655370499,G,T,0,False,0.0309597523219814,0.0,promoter
655370514,T,G,0,False,0.0092879256965944,0.0,promoter
655370637,G,A,0,False,0.0123839009287925,0.0,promoter
655370649,G,T,0,False,0.0588235294117647,0.0,promoter
655370691,T,G,0,False,0.1625386996904024,0.0,promoter
655370718,C,T,0,False,0.0108359133126934,0.0,promoter
655370891,T,C,0,False,0.1160990712074303,0.0,promoter
655370947,A,AT,1,False,0.0309597523219814,0.0,INS
655370968,A,G,0,False,0.0510835913312693,0.0,promoter
655371046,C,T,0,False,0.1253869969040247,0.0,promoter
655371132,TTCTCGGCCCGAGCTCAAATGAGCTCGGGTAACAGTAAAATCAAAACTAACACAAAAAAAAGTTCAAAAA,T,-69,True,0.1780185758513932,0.0,SV
655371212,C,T,0,False,0.1780185758513932,0.0,promoter
655371233,A,C,0,False,0.1780185758513932,0.0,promoter
655371308,A,G,0,False,0.1811145510835913,0.0,promoter
655371316,G,A,0,False,0.1934984520123839,0.0,promoter
655371367,G,C,0,False,0.0278637770897832,0.0,promoter
655371402,G,A,0,False,0.0309597523219814,0.0,promoter
