position,ref,alt,distance_to_tss,is_sv,maf,overlaps_cds,overlapping_genes
476226210,A,G,1779,False,0.12074303405572756,False,
476226298,C,T,1691,False,0.05572755417956656,False,
476226299,G,A,1690,False,0.034055727554179564,False,
476226419,GC,G,1570,False,0.02321981424148607,False,
476226582,CT,C,1407,False,0.05572755417956656,False,
476226810,AGCGCTCTGCGCCGGC,A,1179,False,0.030959752321981424,False,
476227119,CA,C,870,False,0.010835913312693499,False,
476227321,CCAAT,C,668,False,0.07739938080495357,False,
476227388,AAC,A,601,False,0.009287925696594427,False,
476227523,C,T,466,False,0.009287925696594427,False,
476227640,T,C,349,False,0.16873065015479877,False,
476227734,A,G,255,False,0.02476780185758514,False,
476227735,A,G,254,False,0.46439628482972134,False,
476227771,A,G,218,False,0.01393188854489164,False,
476227808,A,G,181,False,0.01238390092879257,False,
476227810,A,ATAGCACT,179,False,0.009287925696594427,False,
476227836,AG,A,153,False,0.07585139318885449,False,
476227866,GC,G,123,False,0.3018575851393189,False,
476227968,G,A,21,False,0.04179566563467492,False,
476227983,C,A,6,False,0.04489164086687306,False,
