position,ref,alt,len_diff,is_sv,maf,missing_rate,annotation
476226210,A,G,0,False,0.12074303405572756,0.0,other
476226298,C,T,0,False,0.05572755417956656,0.0,other
476226299,G,A,0,False,0.034055727554179564,0.0,other
476226419,GC,G,-1,False,0.02321981424148607,0.0,DEL
476226582,CT,C,-1,False,0.05572755417956656,0.0,DEL
476226810,AGCGCTCTGCGCCGGC,A,-15,False,0.030959752321981424,0.0,DEL
476227119,CA,C,-1,False,0.010835913312693499,0.0,DEL
476227321,CCAAT,C,-4,False,0.07739938080495357,0.0,DEL
476227388,AAC,A,-2,False,0.009287925696594427,0.0,DEL
476227523,C,T,0,False,0.009287925696594427,0.0,other
476227640,T,C,0,False,0.16873065015479877,0.0,other
476227734,A,G,0,False,0.02476780185758514,0.0,other
476227735,A,G,0,False,0.46439628482972134,0.0,other
476227771,A,G,0,False,0.01393188854489164,0.0,other
476227808,A,G,0,False,0.01238390092879257,0.0,other
476227810,A,ATAGCACT,7,False,0.009287925696594427,0.0,INS
476227836,AG,A,-1,False,0.07585139318885449,0.0,DEL
476227866,GC,G,-1,False,0.3018575851393189,0.0,DEL
476227968,G,A,0,False,0.04179566563467492,0.0,other
476227983,C,A,0,False,0.04489164086687306,0.0,other
476227990,G,T,0,False,0.07275541795665634,0.0,intron
476228369,G,T,0,False,0.05417956656346749,0.0,intron
476228524,A,G,0,False,0.08668730650154799,0.0,intron
