position,ref,alt,len_diff,is_sv,maf,missing_rate,annotation
476226210,A,G,0,False,0.1207430340557275,0.0,promoter
476226298,C,T,0,False,0.0557275541795665,0.0,promoter
476226299,G,A,0,False,0.0340557275541795,0.0,promoter
476226419,GC,G,-1,False,0.023219814241486,0.0,DEL
476226582,CT,C,-1,False,0.0557275541795665,0.0,DEL
476226810,AGCGCTCTGCGCCGGC,A,-15,False,0.0309597523219814,0.0,DEL
476227119,CA,C,-1,False,0.0108359133126934,0.0,DEL
476227321,CCAAT,C,-4,False,0.0773993808049535,0.0,DEL
476227388,AAC,A,-2,False,0.0092879256965944,0.0,DEL
476227523,C,T,0,False,0.0092879256965944,0.0,promoter
476227640,T,C,0,False,0.1687306501547987,0.0,promoter
476227734,A,G,0,False,0.0247678018575851,0.0,promoter
476227735,A,G,0,False,0.4643962848297213,0.0,promoter
476227771,A,G,0,False,0.0139318885448916,0.0,promoter
476227808,A,G,0,False,0.0123839009287925,0.0,promoter
476227810,A,ATAGCACT,7,False,0.0092879256965944,0.0,INS
476227836,AG,A,-1,False,0.0758513931888544,0.0,DEL
476227866,GC,G,-1,False,0.3018575851393189,0.0,DEL
476227968,G,A,0,False,0.0417956656346749,0.0,promoter
476227983,C,A,0,False,0.044891640866873,0.0,promoter
476227990,G,T,0,False,0.0727554179566563,0.0,UTR
476228369,G,T,0,False,0.0541795665634674,0.0,other
476228524,A,G,0,False,0.0866873065015479,0.0,UTR
