position,ref,alt,distance_to_tss,is_sv,maf,overlaps_cds,overlapping_genes
544368003,CACGCGT,C,256,False,0.021671826625386997,False,
544368030,CATGG,C,229,False,0.020123839009287926,False,
544368036,TTCACG,T,223,False,0.15015479876160992,False,
544368222,A,G,37,False,0.018575851393188854,False,
544368246,C,G,13,False,0.02476780185758514,False,
544368251,A,G,8,False,0.2089783281733746,False,
544368254,CA,C,5,False,0.07739938080495357,False,
