position,ref,alt,distance_to_tss,is_sv,maf,overlaps_cds,overlapping_genes
36731293,T,C,1962,False,0.25077399380804954,False,
36731335,A,G,1920,False,0.010835913312693499,False,
36731341,T,C,1914,False,0.010835913312693499,False,
36731353,G,C,1902,False,0.12538699690402477,False,
36731407,GCT,G,1848,False,0.02786377708978328,False,
36731426,C,T,1829,False,0.02321981424148607,False,
36731464,GT,G,1791,False,0.49226006191950467,False,
36731750,A,G,1505,False,0.02476780185758514,False,
36731812,T,TA,1443,False,0.010835913312693499,False,
36731852,C,T,1403,False,0.38080495356037153,False,
36731881,T,C,1374,False,0.010835913312693499,False,
36731889,C,T,1366,False,0.009287925696594427,False,
36731962,A,C,1293,False,0.12538699690402477,False,
36732001,C,T,1254,False,0.01393188854489164,False,
36732172,T,TA,1083,False,0.3761609907120743,False,
36732209,AC,A,1046,False,0.07430340557275542,False,
36732276,C,T,979,False,0.04643962848297214,False,
36732319,T,TG,936,False,0.2647058823529412,False,
36732340,TG,T,915,False,0.01238390092879257,False,
36732432,AC,A,823,False,0.02476780185758514,False,
36732503,ACACGATTTTGCCTTCACGAGAGGCACGATCATGCCTCTCGAAAAGGAAAAAATGTGTGTTTTTTTCGCGAGAGG,A,752,True,0.01393188854489164,False,
36732668,A,G,587,False,0.02476780185758514,False,
36732718,C,T,537,False,0.015479876160990712,False,
36732762,CG,C,493,False,0.04489164086687306,False,
36732809,T,TAAAAA,446,False,0.24922600619195046,False,
36732829,AT,A,426,False,0.009287925696594427,False,
36732838,AT,A,417,False,0.05263157894736842,False,
36732886,G,A,369,False,0.0804953560371517,False,
36732962,TA,T,293,False,0.1346749226006192,False,
36732984,AAG,A,271,False,0.032507739938080496,False,
36732995,TC,T,260,False,0.03869969040247678,False,
36733098,A,AGGTTATT,157,False,0.3761609907120743,False,
36733107,G,C,148,False,0.39473684210526316,False,
36733140,T,C,115,False,0.01238390092879257,False,
36733173,C,G,82,False,0.29102167182662536,False,
36733206,C,CTCTCCG,49,False,0.07430340557275542,False,
