SampleID,Haplotype_Seq,Hap_Name,TGW_mean,TGW_CFLN10,TGW_CFLN14,chr6A_237732717,chr6A_237732765,chr6A_237732843,chr6A_237733119,chr6A_237733413,chr6A_237734096,chr6A_237734242,chr6A_237736296,chr6A_237739317,chr6A_237739452,chr6A_237740686,chr6A_237740688,chr6A_237741894,chr6A_237742382,chr6A_237743641,chr6A_237744088,chr6A_237745239,chr6A_237745998,chr6A_237746525,chr6A_237746576,chr6A_237748751,chr6A_237749429,chr6A_237751479,chr6A_237752931,chr6A_237753562,chr6A_237754703,chr6A_237759223,Country,AccessionName,PublishedPair,Hap8Background,FullHap8,Hap8SplitGroup
WATDE0001,T|C|T|A|G|C|G|A|G|A|C|G|G|C|T|A|T|T|T|C|G|G|G|C|G|C|C|G|A|A|C|C|G|A|C|C|C|C|G|C|C|T|C|A|C|C|C|T|G|C|T|C|C|T|T,Hap13,38.85626769,39.36,38.35253538,T,C,T,A,C,A,G,A,C,T,T,T,T,G,C,G,A,C,C,G,C,G,T,C,T,T,T,Iraq,Rustam Exp Farm 99,False,False,False,Neither
WATDE0002,T|C|T|A|G|C|G|A|G|A|C|G|G|C|T|A|T|T|T|C|G|G|G|C|G|C|C|G|A|A|C|C|G|A|C|C|C|C|G|C|C|T|C|G|C|C|C|T|G|C|C|C|C|T|T,Hap2,42.02074174,37.48,46.56148348,T,C,T,A,C,A,G,A,C,T,T,T,T,G,C,G,A,C,C,G,C,G,T,C,T,T,T,Australia,,False,False,False,Neither
WATDE0003,T|C|T|A|G|C|G|A|G|A|C|A|G|C|T|A|T|T|T|C|G|G|G|C|G|C|C|G|A|A|C|C|G|A|C|C|C|C|G|C|C|T|C|G|C|C|C|T|G|C|T|C|C|T|T,Hap11,33.850502435,31.63,36.07100487,T,C,T,A,C,A,G,A,C,T,T,T,T,G,C,G,A,C,C,G,C,G,T,C,T,T,T,Australia,College Purple,False,False,False,Neither
WATDE0004,C|C|T|A|G|C|G|A|G|A|C|G|G|C|T|A|T|T|T|C|G|G|G|C|G|C|C|G|A|A|C|C|G|A|C|C|C|C|G|C|C|T|C|G|C|C|C|T|G|C|T|C|C|T|T,Hap4,38.16837744,32.65,43.68675488,C,C,T,A,C,A,G,A,C,T,T,T,T,G,C,G,A,C,C,G,C,G,T,C,T,T,T,India,Dehak,False,False,False,Neither
WATDE0006,T|C|T|A|G|C|G|A|G|A|C|G|G|C|T|A|T|T|T|C|G|G|G|C|G|C|C|G|A|A|C|C|G|A|C|C|C|C|G|C|C|T|C|G|C|C|C|T|G|C|C|C|C|T|T,Hap2,39.77802554,33.46,46.09605108,T,C,T,A,C,A,G,A,C,T,T,T,T,G,C,G,A,C,C,G,C,G,T,C,T,T,T,France,Favori,False,False,False,Neither
WATDE0007,T|C|T|A|G|C|G|A|G|A|C|G|G|C|T|A|T|T|T|C|G|G|G|C|G|C|C|G|A|A|C|C|G|A|C|C|C|C|G|C|C|T|C|G|C|C|C|T|G|C|C|C|C|T|T,Hap2,42.46237669,35.16,49.76475338,T,C,T,A,C,A,G,A,C,T,T,T,T,G,C,G,A,C,C,G,C,G,T,C,T,T,T,France,Inversal,False,False,False,Neither
WATDE0008,T|C|T|A|G|C|G|A|G|A|C|G|G|C|T|C|T|T|T|C|G|G|G|C|G|C|C|G|A|A|C|C|G|A|C|C|C|C|G|C|C|T|C|G|C|C|C|T|G|C|T|C|A|T|T,Hap12,41.81813855,40.78,42.8562771,T,C,T,A,C,A,G,A,C,T,T,T,T,G,C,G,A,C,C,G,C,G,T,C,T,T,T,Morocco,,False,False,False,Neither
WATDE0010,T|C|T|A|G|C|G|A|G|A|C|G|G|C|T|A|T|T|T|C|G|G|G|C|G|C|C|G|A|A|C|C|G|A|C|C|C|C|G|C|C|T|C|G|C|C|C|T|G|C|C|C|C|T|T,Hap2,39.80999896,34.975,44.64499792,T,C,T,A,C,A,G,A,C,T,T,T,T,G,C,G,A,C,C,G,C,G,T,C,T,T,T,India,Dolatkhani (white),False,False,False,Neither
WATDE0011,T|C|T|A|G|C|G|A|G|A|C|G|G|C|T|A|T|T|T|C|G|G|G|C|G|C|C|G|A|A|C|C|G|A|C|C|C|C|G|C|C|T|C|G|C|C|C|T|G|C|T|C|C|T|T,Hap1,36.65507584,,36.65507584,T,C,T,A,C,A,G,A,C,T,T,T,T,G,C,G,A,C,C,G,C,G,T,C,T,T,T,India,Gahu (Nepali) or Kyo (Sikkimese),False,False,False,Neither
WATDE0012,C|T|C|G|G|A|G|G|A|G|C|G|G|T|A|A|G|G|C|C|G|G|G|C|G|T|C|A|A|G|T|C|A|A|C|C|T|C|A|C|C|C|C|G|C|T|C|C|G|C|T|C|C|C|C,Hap17,32.55878763,25.93,39.18757526,C,T,C,G,A,G,A,G,T,A,G,G,C,G,T,A,G,T,C,A,T,A,C,T,C,C,C,India,Desi,True,False,False,PublishedOnly
WATDE0013,T|C|T|A|A|C|G|A|G|A|C|G|G|C|T|A|T|T|T|C|G|G|G|C|G|C|C|G|A|A|C|C|G|A|C|C|C|C|G|C|C|T|C|G|C|C|C|T|G|C|T|C|C|T|T,Hap3,50.081984375,49.66,50.50396875,T,C,T,A,C,A,G,A,C,T,T,T,T,G,C,G,A,C,C,G,C,G,T,C,T,T,T,Italy,"Gentil Rossa, Flaksberger 19928",False,False,False,Neither
WATDE0014,T|C|T|A|G|C|G|A|G|A|C|G|G|C|T|A|T|T|T|C|G|G|G|C|G|C|C|G|A|A|C|C|G|A|C|C|C|C|G|C|C|T|C|G|C|C|C|T|G|C|T|C|C|T|T,Hap1,42.75311805,38.42,47.0862361,T,C,T,A,C,A,G,A,C,T,T,T,T,G,C,G,A,C,C,G,C,G,T,C,T,T,T,France,Carré Géant blanc,False,False,False,Neither
WATDE0015,T|C|T|A|G|C|G|A|G|A|C|A|G|C|T|A|T|T|T|C|G|G|G|C|G|C|C|G|A|A|C|C|G|A|C|C|C|C|G|C|C|T|C|G|C|C|C|T|G|C|T|C|C|T|T,Hap11,38.482726915,39.27,37.69545383,T,C,T,A,C,A,G,A,C,T,T,T,T,G,C,G,A,C,C,G,C,G,T,C,T,T,T,India,Dolatkhani (white),False,False,False,Neither
WATDE0016,T|C|T|A|A|C|G|A|G|A|C|G|G|C|T|A|T|T|T|C|G|G|G|C|G|C|C|G|A|A|C|C|G|A|C|C|C|C|G|C|C|T|C|G|C|C|C|T|G|C|T|C|C|T|T,Hap3,34.732301835,34.11,35.35460367,T,C,T,A,C,A,G,A,C,T,T,T,T,G,C,G,A,C,C,G,C,G,T,C,T,T,T,India,Thori (beardless),False,False,False,Neither
WATDE0017,T|C|T|A|A|C|G|A|G|A|C|G|G|C|T|A|T|T|T|C|G|G|G|C|G|C|C|G|A|A|C|C|G|A|C|C|C|C|G|C|C|T|C|G|C|C|C|T|G|C|T|C|C|T|T,Hap3,48.68761284,46.31,51.06522568,T,C,T,A,C,A,G,A,C,T,T,T,T,G,C,G,A,C,C,G,C,G,T,C,T,T,T,France,Bladette de Besplas,False,False,False,Neither
WATDE0018,C|C|T|A|G|C|G|A|G|A|C|G|G|C|T|A|T|T|T|C|A|G|G|C|G|C|C|G|A|A|C|C|G|A|C|C|C|C|G|C|C|T|T|G|C|C|C|T|G|A|T|C|C|T|T,Hap5,45.38231992,39.38,51.38463984,C,C,T,A,C,A,G,A,C,T,T,T,T,G,C,G,A,C,C,G,C,G,T,C,T,T,T,China,,False,False,False,Neither
WATDE0019,C|C|T|A|G|C|G|A|G|A|C|G|G|C|T|A|T|T|T|C|G|G|G|C|G|C|C|G|A|A|C|C|G|A|C|C|C|C|G|C|C|T|C|G|C|C|C|T|G|C|T|C|C|T|T,Hap4,42.985314015,41.28,44.69062803,C,C,T,A,C,A,G,A,C,T,T,T,T,G,C,G,A,C,C,G,C,G,T,C,T,T,T,Spain,Aurora,False,False,False,Neither
WATDE0020,T|C|T|A|G|C|G|A|G|A|C|G|G|C|T|A|T|T|T|C|G|G|G|C|G|C|C|G|A|A|C|C|G|A|C|C|C|C|G|C|C|T|C|G|C|C|C|T|G|C|T|C|C|T|T,Hap1,31.612349225,27.61,35.61469845,T,C,T,A,C,A,G,A,C,T,T,T,T,G,C,G,A,C,C,G,C,G,T,C,T,T,T,United Kingdom,Squarehead's Master,False,False,False,Neither
WATDE0021,T|C|T|A|G|C|G|A|G|A|C|G|G|C|T|C|T|T|T|C|G|G|G|C|G|C|C|G|A|A|C|C|G|A|C|C|C|C|G|C|C|T|C|G|C|C|C|T|G|C|T|C|C|T|T,Hap6,51.193574255,49.41,52.97714851,T,C,T,A,C,A,G,A,C,T,T,T,T,G,C,G,A,C,C,G,C,G,T,C,T,T,T,Spain,Mocho de Burgos,False,False,False,Neither
WATDE0022,T|C|T|A|A|C|G|A|G|A|C|G|G|C|T|A|T|T|T|C|G|G|G|C|G|C|C|G|A|A|C|C|G|A|C|C|C|C|G|C|C|T|C|G|C|C|C|T|G|C|T|C|C|T|T,Hap3,43.989978615,44.17,43.80995723,T,C,T,A,C,A,G,A,C,T,T,T,T,G,C,G,A,C,C,G,C,G,T,C,T,T,T,Poland,Kujawianka  Wieclawicka,False,False,False,Neither
WATDE0023,T|C|T|A|G|C|G|A|G|A|C|G|G|C|T|A|T|T|T|C|G|G|G|C|G|C|C|G|A|A|C|C|G|A|C|C|C|C|G|C|C|T|C|A|C|C|C|T|G|C|T|C|C|T|T,Hap13,34.63,34.63,,T,C,T,A,C,A,G,A,C,T,T,T,T,G,C,G,A,C,C,G,C,G,T,C,T,T,T,India,Boojri (bearded),False,False,False,Neither
WATDE0024,T|C|T|A|G|C|G|A|G|A|C|G|G|C|T|A|T|T|T|C|G|G|G|C|G|C|C|G|A|A|C|C|G|A|C|C|C|C|G|C|C|T|C|G|C|C|C|T|G|C|T|C|C|T|T,Hap1,40.76022667,38.76,42.76045334,T,C,T,A,C,A,G,A,C,T,T,T,T,G,C,G,A,C,C,G,C,G,T,C,T,T,T,Egypt,Belardi 24B,False,False,False,Neither
WATDE0025,C|C|T|A|G|C|G|A|G|A|C|G|G|C|T|A|T|T|T|C|G|G|G|C|G|C|C|G|A|A|C|C|G|A|C|C|C|C|G|C|C|T|C|G|C|C|C|T|G|C|T|C|C|T|T,Hap4,43.463460425,40.37,46.55692085,C,C,T,A,C,A,G,A,C,T,T,T,T,G,C,G,A,C,C,G,C,G,T,C,T,T,T,Morocco,,False,False,False,Neither
WATDE0026,C|C|T|A|G|C|G|A|G|A|C|G|G|C|T|A|T|T|T|C|G|G|G|C|G|C|C|G|A|A|C|C|G|A|C|C|C|C|G|C|C|T|C|G|C|C|C|T|G|C|T|C|C|T|T,Hap4,43.98243308,39.82,48.14486616,C,C,T,A,C,A,G,A,C,T,T,T,T,G,C,G,A,C,C,G,C,G,T,C,T,T,T,Tunisia,Sbei Noir,False,False,False,Neither
WATDE0027,T|C|T|A|G|C|G|A|G|A|C|G|G|C|T|A|T|T|T|C|G|G|G|C|G|C|C|G|A|A|C|C|G|A|C|C|C|C|G|C|C|T|C|G|C|C|C|T|G|C|C|C|C|T|T,Hap2,45.73150711,42.62,48.84301422,T,C,T,A,C,A,G,A,C,T,T,T,T,G,C,G,A,C,C,G,C,G,T,C,T,T,T,Spain,,False,False,False,Neither
WATDE0028,C|C|T|A|G|C|G|A|G|A|C|G|G|C|T|A|T|T|T|C|G|G|G|C|G|C|C|G|A|A|C|C|G|A|C|C|C|C|G|C|C|T|C|G|C|C|C|T|G|C|T|C|C|T|T,Hap4,40.27046051,36.01,44.53092102,C,C,T,A,C,A,G,A,C,T,T,T,T,G,C,G,A,C,C,G,C,G,T,C,T,T,T,Burma,Shan wheat,False,False,False,Neither
WATDE0029,T|C|T|A|G|C|G|A|G|A|C|G|G|C|T|A|T|T|T|C|G|G|G|C|G|C|C|G|A|A|C|C|G|A|C|C|C|C|G|C|C|T|C|G|C|C|C|T|G|C|T|C|C|T|T,Hap1,32.708459095,28.52,36.89691819,T,C,T,A,C,A,G,A,C,T,T,T,T,G,C,G,A,C,C,G,C,G,T,C,T,T,T,China,Red wheat,False,False,False,Neither
WATDE0031,T|C|T|A|G|C|G|A|G|A|C|G|G|C|T|A|T|T|T|C|G|G|G|C|G|C|C|G|A|A|C|C|G|A|C|C|C|C|G|C|C|T|C|G|C|C|C|T|G|C|T|C|C|T|T,Hap1,50.65834016,50.11,51.20668032,T,C,T,A,C,A,G,A,C,T,T,T,T,G,C,G,A,C,C,G,C,G,T,C,T,T,T,Iran,,False,False,False,Neither
WATDE0032,T|C|T|A|G|C|G|A|G|A|C|G|G|C|T|C|T|T|T|C|G|G|G|C|G|C|C|G|A|A|C|C|G|A|C|C|C|C|G|C|C|T|C|G|C|C|C|T|G|C|T|C|C|T|T,Hap6,44.117071065000005,45.46,42.77414213,T,C,T,A,C,A,G,A,C,T,T,T,T,G,C,G,A,C,C,G,C,G,T,C,T,T,T,Spain,Barbilla,False,False,False,Neither
WATDE0033,T|C|T|A|G|C|G|A|G|A|C|G|G|C|T|A|T|T|T|C|G|G|G|C|G|C|C|G|A|A|C|C|G|A|C|C|C|C|G|C|C|T|C|G|C|C|C|T|G|C|T|C|C|T|T,Hap1,32.10055385,28.81,35.3911077,T,C,T,A,C,A,G,A,C,T,T,T,T,G,C,G,A,C,C,G,C,G,T,C,T,T,T,India,Soor Ghanum,False,False,False,Neither
WATDE0035,T|C|T|A|G|C|G|A|G|A|C|G|G|C|T|C|T|T|T|C|G|G|G|C|G|C|C|G|A|A|C|C|G|A|C|C|C|C|G|C|C|T|C|G|C|C|C|T|G|C|T|C|C|T|T,Hap6,38.30608181,30.11,46.50216362,T,C,T,A,C,A,G,A,C,T,T,T,T,G,C,G,A,C,C,G,C,G,T,C,T,T,T,Canary Islands,,False,False,False,Neither
WATDE0036,C|C|C|G|G|A|A|G|A|A|G|G|G|C|A|A|G|G|C|C|G|A|G|T|G|T|T|A|G|G|T|C|A|T|T|C|C|T|A|C|T|C|C|G|T|T|T|C|T|C|T|C|C|T|C,Hap15,40.42055249,35.32,45.52110498,C,C,C,G,A,G,A,A,C,A,G,G,C,G,T,A,G,T,C,A,C,A,C,T,C,T,C,Spain,,True,False,False,PublishedOnly
WATDE0037,T|C|T|A|G|C|G|A|G|A|C|G|G|C|T|C|T|T|T|C|G|G|G|C|G|C|C|G|A|A|C|C|G|A|C|C|C|C|G|C|C|T|C|G|C|C|C|T|G|C|T|C|C|T|T,Hap6,40.961043675,37.56,44.36208735,T,C,T,A,C,A,G,A,C,T,T,T,T,G,C,G,A,C,C,G,C,G,T,C,T,T,T,Cyprus,Psathas,False,False,False,Neither
WATDE0038,T|C|T|A|G|C|G|A|G|A|C|G|G|C|T|A|T|T|T|C|G|G|G|C|G|C|C|G|A|A|C|C|G|A|C|C|C|C|G|C|C|T|C|G|C|C|C|T|G|C|C|C|C|T|T,Hap2,42.30922327,35.31,49.30844654,T,C,T,A,C,A,G,A,C,T,T,T,T,G,C,G,A,C,C,G,C,G,T,C,T,T,T,Cyprus,Asprokoutsoullon,False,False,False,Neither
WATDE0040,T|C|T|A|G|C|G|A|G|A|C|G|G|C|T|C|T|T|T|C|G|G|G|C|G|C|C|G|A|A|C|C|G|A|C|C|C|C|G|C|C|T|C|G|C|C|C|T|G|C|T|A|C|T|T,Hap9,30.08715077,23.72,36.45430154,T,C,T,A,C,A,G,A,C,T,T,T,T,G,C,G,A,C,C,G,C,G,T,C,T,T,T,Turkey,,False,False,False,Neither
WATDE0041,T|C|T|A|G|C|G|A|G|A|C|G|G|C|T|A|T|T|T|C|G|G|G|C|G|C|C|G|A|A|C|C|G|A|C|C|C|C|G|C|C|T|C|G|C|C|C|T|G|C|C|C|C|T|T,Hap2,36.860625425,33.11,40.61125085,T,C,T,A,C,A,G,A,C,T,T,T,T,G,C,G,A,C,C,G,C,G,T,C,T,T,T,Egypt,,False,False,False,Neither
WATDE0042,C|C|T|A|G|C|G|A|G|A|C|G|G|C|T|A|T|T|T|C|G|G|G|C|G|C|C|G|A|A|C|C|G|A|C|C|C|C|G|C|C|T|C|G|C|C|C|T|G|C|T|C|C|T|T,Hap4,27.935558795,21.42,34.45111759,C,C,T,A,C,A,G,A,C,T,T,T,T,G,C,G,A,C,C,G,C,G,T,C,T,T,T,Iran,,False,False,False,Neither
WATDE0043,T|C|T|A|G|C|G|A|G|A|C|G|G|C|T|A|T|T|T|C|G|G|G|C|G|C|C|G|A|A|C|C|G|A|C|C|C|C|G|C|C|T|C|G|C|C|C|T|G|C|T|C|C|T|T,Hap1,34.668054595,39.01,30.32610919,T,C,T,A,C,A,G,A,C,T,T,T,T,G,C,G,A,C,C,G,C,G,T,C,T,T,T,Burma,2193/20-12,False,False,False,Neither
WATDE0044,C|C|C|G|G|A|A|G|A|A|G|G|G|C|A|A|G|G|C|C|G|G|G|T|G|T|T|A|G|G|T|C|A|T|T|C|C|T|A|C|T|C|C|G|T|T|T|C|T|C|T|C|C|T|C,Hap7,40.23707996,,40.23707996,C,C,C,G,A,G,A,A,C,A,G,G,C,G,T,A,G,T,C,A,C,A,C,T,C,T,C,China,,True,False,False,PublishedOnly
WATDE0046,T|C|T|A|G|C|G|A|G|A|C|G|G|C|T|A|T|T|T|C|G|G|G|C|G|C|C|G|A|A|C|C|G|A|C|C|C|C|G|C|C|T|C|G|C|C|C|T|G|C|T|C|C|T|T,Hap1,41.021676835,38.06,43.98335367,T,C,T,A,C,A,G,A,C,T,T,T,T,G,C,G,A,C,C,G,C,G,T,C,T,T,T,Bulgaria,Golema Franga,False,False,False,Neither
WATDE0047,T|C|T|A|G|C|G|A|G|A|C|G|G|C|T|A|T|T|T|C|G|G|G|C|G|C|C|G|A|A|C|C|G|A|C|C|C|C|G|C|C|T|C|G|C|C|C|T|G|C|T|C|C|T|T,Hap1,33.47408743,29.49,37.45817486,T,C,T,A,C,A,G,A,C,T,T,T,T,G,C,G,A,C,C,G,C,G,T,C,T,T,T,Yugoslavia,,False,False,False,Neither
WATDE0048,T|C|T|A|G|C|G|A|G|A|C|G|G|C|T|C|T|T|T|C|G|G|G|C|G|C|C|G|A|A|C|C|G|A|C|C|C|C|G|C|C|T|C|G|C|C|C|T|G|C|T|C|C|T|T,Hap6,39.349347865,34.98,43.71869573,T,C,T,A,C,A,G,A,C,T,T,T,T,G,C,G,A,C,C,G,C,G,T,C,T,T,T,Yugoslavia,,False,False,False,Neither
WATDE0049,T|C|T|A|G|C|G|A|G|A|C|G|G|C|T|A|T|T|T|C|G|G|G|C|G|C|C|G|A|A|C|C|G|A|C|C|C|C|G|C|C|T|C|G|C|C|C|T|G|C|C|C|C|T|T,Hap2,42.696511715,37.49,47.90302343,T,C,T,A,C,A,G,A,C,T,T,T,T,G,C,G,A,C,C,G,C,G,T,C,T,T,T,Yugoslavia,Veliko Hoce,False,False,False,Neither
WATDE0050,T|C|T|A|G|C|G|A|G|A|C|G|G|C|T|C|T|T|T|C|G|G|G|C|G|C|C|G|A|A|C|C|G|A|C|C|C|C|G|C|C|T|C|G|C|C|C|T|G|C|T|A|C|T|T,Hap9,37.58373375,34.83,40.3374675,T,C,T,A,C,A,G,A,C,T,T,T,T,G,C,G,A,C,C,G,C,G,T,C,T,T,T,Spain,,False,False,False,Neither
WATDE0051,C|C|T|A|G|C|G|A|G|A|C|G|G|C|T|A|T|T|T|C|A|G|G|C|G|C|C|G|A|A|C|C|G|A|C|C|C|C|G|C|C|T|T|G|C|C|C|T|G|A|T|C|C|T|T,Hap5,34.080675105,27.76,40.40135021,C,C,T,A,C,A,G,A,C,T,T,T,T,G,C,G,A,C,C,G,C,G,T,C,T,T,T,Portugal,Trigo Rietti,False,False,False,Neither
WATDE0052,T|C|T|A|G|C|G|A|G|A|C|G|G|C|T|A|T|T|T|C|G|G|G|C|G|C|C|G|A|A|C|C|G|A|C|C|C|C|G|C|C|T|C|G|C|C|C|T|G|C|T|C|C|T|T,Hap1,43.1641875,39.63,46.698375,T,C,T,A,C,A,G,A,C,T,T,T,T,G,C,G,A,C,C,G,C,G,T,C,T,T,T,Portugal,Trigo Ribeiro,False,False,False,Neither
WATDE0053,C|C|T|A|G|C|G|A|G|A|C|G|G|C|T|A|T|T|T|C|G|G|G|C|G|C|C|G|A|A|C|C|G|A|C|C|C|C|G|C|C|T|C|G|C|C|C|T|G|C|T|C|C|T|T,Hap4,44.16835165,39.48,48.8567033,C,C,T,A,C,A,G,A,C,T,T,T,T,G,C,G,A,C,C,G,C,G,T,C,T,T,T,Palestine,Abu Fashi,False,False,False,Neither
WATDE0054,T|C|T|A|G|C|G|A|G|A|C|G|G|C|T|A|T|T|T|C|G|G|G|C|G|C|C|G|A|A|C|C|G|A|C|C|C|C|G|C|C|T|C|G|C|C|C|T|G|C|T|C|C|T|T,Hap1,40.649579810000006,35.34,45.95915962,T,C,T,A,C,A,G,A,C,T,T,T,T,G,C,G,A,C,C,G,C,G,T,C,T,T,T,India,Desi,False,False,False,Neither
WATDE0055,C|C|T|A|G|C|G|A|G|A|C|G|G|C|T|A|T|T|T|C|A|G|G|C|G|C|C|G|A|A|C|C|G|A|C|C|C|C|G|C|C|T|T|G|C|C|C|T|G|A|T|C|C|T|T,Hap5,49.822887,45.14,54.505774,C,C,T,A,C,A,G,A,C,T,T,T,T,G,C,G,A,C,C,G,C,G,T,C,T,T,T,India,Dhania,False,False,False,Neither
WATDE0058,C|T|C|G|G|A|G|G|A|G|C|G|G|T|A|A|G|G|C|C|G|G|A|C|G|T|C|A|A|G|T|T|A|A|C|C|T|C|A|C|C|C|C|G|C|T|C|C|G|C|T|C|C|C|C,Hap8,41.795886,36.72,46.871772,C,T,C,G,A,G,A,G,T,A,G,G,C,A,T,A,G,T,T,A,T,A,C,T,C,C,C,China,,True,True,True,Published+Background
WATDE0059,T|C|T|A|G|C|G|A|G|A|C|G|G|C|T|A|T|T|T|C|G|G|G|C|G|C|C|G|A|A|C|C|G|A|C|T|C|C|G|T|C|T|C|G|C|C|C|T|G|C|T|C|C|T|T,Hap10,42.08617388,36.68,47.49234776,T,C,T,A,C,A,G,A,C,T,T,T,T,G,C,G,A,C,C,G,C,G,T,C,T,T,T,Romania,Samanta 117,False,False,False,Neither
WATDE0060,T|C|T|A|G|C|G|A|G|A|C|G|G|C|T|A|T|T|T|C|G|G|G|C|G|C|C|G|A|A|C|C|G|A|C|C|C|C|G|C|C|T|C|G|C|C|C|T|G|C|T|C|C|T|T,Hap1,31.32,31.32,,T,C,T,A,C,A,G,A,C,T,T,T,T,G,C,G,A,C,C,G,C,G,T,C,T,T,T,Afghanistan,,False,False,False,Neither
WATDE0061,T|C|T|A|G|C|G|A|G|A|C|G|G|C|T|A|T|T|T|C|G|G|G|C|G|C|C|G|A|A|C|C|G|A|C|C|C|C|G|C|C|T|C|G|C|C|C|T|G|C|T|C|C|T|T,Hap1,43.503701085,40.09,46.91740217,T,C,T,A,C,A,G,A,C,T,T,T,T,G,C,G,A,C,C,G,C,G,T,C,T,T,T,Afghanistan,,False,False,False,Neither
WATDE0063,T|C|T|A|G|C|G|A|G|A|C|G|G|C|T|A|T|T|T|C|G|G|G|C|G|C|C|G|A|A|C|C|G|A|C|C|C|C|G|C|C|T|C|G|C|C|C|T|G|C|T|C|C|T|T,Hap1,41.6,41.6,,T,C,T,A,C,A,G,A,C,T,T,T,T,G,C,G,A,C,C,G,C,G,T,C,T,T,T,Afghanistan,,False,False,False,Neither
WATDE0064,T|C|T|A|G|C|G|A|G|A|C|G|G|C|T|A|T|T|T|C|G|G|G|C|G|C|C|G|A|A|C|C|G|A|C|C|C|C|G|C|C|T|C|G|C|C|C|T|G|C|T|C|C|T|T,Hap1,23.64,23.64,,T,C,T,A,C,A,G,A,C,T,T,T,T,G,C,G,A,C,C,G,C,G,T,C,T,T,T,Afghanistan,,False,False,False,Neither
WATDE0065,T|C|T|A|G|C|G|A|G|A|C|G|G|C|T|A|T|T|T|C|G|G|G|C|G|C|C|G|A|A|C|C|G|A|C|C|C|C|G|C|C|T|C|G|C|C|C|T|G|C|C|C|C|T|T,Hap2,36.904926635,29.32,44.48985327,T,C,T,A,C,A,G,A,C,T,T,T,T,G,C,G,A,C,C,G,C,G,T,C,T,T,T,Poland,Ostka Skomoroska,False,False,False,Neither
WATDE0066,C|C|T|A|G|C|G|A|G|A|C|G|G|C|T|A|T|T|T|C|A|G|G|C|G|C|C|G|A|A|C|C|G|A|C|C|C|C|G|C|C|T|C/T|G|C|C|C|T|G|A|T|C|C|T|T,Hap18,40.864196805,36.91,44.81839361,C,C,T,A,C,A,G,A,C,T,T,T,T,G,C,G,A,C,C,G,C,G,T,C,T,T,T,Poland,Surka Oscista,False,False,False,Neither
WATDE0067,T|C|T|A|G|C|G|A|G|A|C|G|G|C|T|C|T|T|T|C|G|G|G|C|G|C|C|G|A|A|C|C|G|A|C|C|C|C|G|C|C|T|C|G|C|C|C|T|G|C|T|A|C|T|T,Hap9,40.03545357,34.13,45.94090714,T,C,T,A,C,A,G,A,C,T,T,T,T,G,C,G,A,C,C,G,C,G,T,C,T,T,T,Morocco,,False,False,False,Neither
WATDE0069,T|C|T|A|G|C|G|A|G|A|C|G|G|C|T|C|T|T|T|C|G|G|G|C|G|C|C|G|A|A|C|C|G|A|C|C|C|C|G|C|C|T|C|G|C|C|C|T|G|C|T|C|C|T|T,Hap6,53.165350685,49.37,56.96070137,T,C,T,A,C,A,G,A,C,T,T,T,T,G,C,G,A,C,C,G,C,G,T,C,T,T,T,Spain,"Hembrilla alto, fuerta",False,False,False,Neither
WATDE0070,T|C|T|A|G|C|G|A|G|A|C|G|G|C|T|A|T|T|T|C|G|G|G|C|G|C|C|G|A|A|C|C|G|A|C|C|C|C|G|C|C|T|C|G|C|C|C|T|G|C|T|C|C|T|T,Hap1,49.19437008,,49.19437008,T,C,T,A,C,A,G,A,C,T,T,T,T,G,C,G,A,C,C,G,C,G,T,C,T,T,T,Spain,Hembrilla Rieti,False,False,False,Neither
WATDE0072,T|C|T|A|A|C|G|A|G|A|C|G|G|C|T|A|T|T|T|C|G|G|G|C|G|C|C|G|A|A|C|C|G|A|C|C|C|C|G|C|C|T|C|G|C|C|C|T|G|C|T|C|C|T|T,Hap3,46.276072805,44.17,48.38214561,T,C,T,A,C,A,G,A,C,T,T,T,T,G,C,G,A,C,C,G,C,G,T,C,T,T,T,Greece,,False,False,False,Neither
WATDE0074,T|C|T|A|G|C|G|A|G|A|C|G|G|C|T|A|T|T|T|C|G|G|G|C|G|C|C|G|A|A|C|C|G|A|C|C|C|C|G|C|C|T|C|G|C|C|C|T|G|C|T|C|C|T|T,Hap1,48.98,48.98,,T,C,T,A,C,A,G,A,C,T,T,T,T,G,C,G,A,C,C,G,C,G,T,C,T,T,T,China,,False,False,False,Neither
WATDE0075,T|C|T|A|G|C|G|A|G|A|C|G|G|C|T|C|T|T|T|C|G|G|G|C|G|C|C|G|A|A|C|C|G|A|C|C|C|C|G|C|C|T|C|G|C|C|C|T|G|C|T|C|A|T|T,Hap12,39.03699423,,39.03699423,T,C,T,A,C,A,G,A,C,T,T,T,T,G,C,G,A,C,C,G,C,G,T,C,T,T,T,Iran,Vassfe,False,False,False,Neither
WATDE0076,C|C|T|A|G|C|G|A|G|A|C|G|G|C|T|A|T|T|T|C|G|G|G|C|G|C|C|G|A|A|C|C|G|A|C|C|C|C|G|C|C|T|C|G|C|C|C|T|G|C|T|C|C|T|T,Hap4,36.93798609,,36.93798609,C,C,T,A,C,A,G,A,C,T,T,T,T,G,C,G,A,C,C,G,C,G,T,C,T,T,T,Iran,,False,False,False,Neither
WATDE0077,C|C|C|G|G|A|A|G|A|A|G|G|G|C|A|A|G|G|C|C|G|G|G|T|G|T|T|A|G|G|T|C|A|T|T|C|C|T|A|C|T|C|C|G|T|T|T|C|T|C|T|C|C|T|C,Hap7,43.37190302,,43.37190302,C,C,C,G,A,G,A,A,C,A,G,G,C,G,T,A,G,T,C,A,C,A,C,T,C,T,C,Portugal,Trigo Anafil,True,False,False,PublishedOnly
WATDE0078,C|C|T|A|G|C|G|A|G|A|C|G|G|C|T|A|T|T|T|C|G|G|G|C|G|C|C|G|A|A|C|C|G|A|C|C|C|C|G|C|C|T|C|G|C|C|C|T|G|C|T|C|C|T|T,Hap4,36.17,36.17,,C,C,T,A,C,A,G,A,C,T,T,T,T,G,C,G,A,C,C,G,C,G,T,C,T,T,T,Greece,Karabash,False,False,False,Neither
WATDE0079,T|C|T|A|G|C|G|A|G|A|C|G|G|C|T|A|T|T|T|C|G|G|G|C|G|C|C|G|A|A|C|C|G|A|C|T|C|C|G|T|C|T|C|G|C|C|C|T|G|C|T|C|C|T|T,Hap10,38.977408735,34.77,43.18481747,T,C,T,A,C,A,G,A,C,T,T,T,T,G,C,G,A,C,C,G,C,G,T,C,T,T,T,Bulgaria,Svalene,False,False,False,Neither
WATDE0080,T|C|T|A|G|C|G|A|G|A|C|G|G|C|T|A|T|T|T|C|G|G|G|C|G|C|C|G|A|A|C|C|G|A|C|C|C|C|G|C|C|T|C|G|C|C|C|T|G|C|T|C|C|T|T,Hap1,51.272431935,44.27,58.27486387,T,C,T,A,C,A,G,A,C,T,T,T,T,G,C,G,A,C,C,G,C,G,T,C,T,T,T,Iran,,False,False,False,Neither
WATDE0081,T|C|T|A|G|C|G|A|G|A|C|G|G|C|T|A|T|T|T|C|G|G|G|C|G|C|C|G|A|A|C|C|G|A|C|C|C|C|G|C|C|T|C|G|C|C|C|T|G|C|T|C|C|T|T,Hap1,46.739207395,40.88,52.59841479,T,C,T,A,C,A,G,A,C,T,T,T,T,G,C,G,A,C,C,G,C,G,T,C,T,T,T,Iran,Qizilqin Boghda,False,False,False,Neither
WATDE0082,T|C|T|A|G|C|G|A|G|A|C|G|G|C|T|A|T|T|T|C|G|G|G|C|G|C|C|G|A|A|C|C|G|A|C|C|C|C|G|C|C|T|C|G|C|C|C|T|G|C|C|C|C|T|T,Hap2,36.89061126,30.35,43.43122252,T,C,T,A,C,A,G,A,C,T,T,T,T,G,C,G,A,C,C,G,C,G,T,C,T,T,T,Turkey,,False,False,False,Neither
WATDE0083,T|C|T|A|G|C|G|A|G|A|C|G|G|C|T|A|T|T|T|C|G|G|G|C|G|C|C|G|A|A|C|C|G|A|C|C|C|C|G|C|C|T|C|G|C|C|C|T|G|C|T|C|C|T|T,Hap1,41.49244911,38.13,44.85489822,T,C,T,A,C,A,G,A,C,T,T,T,T,G,C,G,A,C,C,G,C,G,T,C,T,T,T,Crete,,False,False,False,Neither
WATDE0084,T|C|T|A|G|C|G|A|G|A|C|G|G|C|T|C|T|T|T|C|G|G|G|C|G|C|C|G|A|A|C|C|G|A|C|C|C|C|G|C|C|T|C|G|C|C|C|T|G|C|T|C|C|T|T,Hap6,36.86402405,33.24,40.4880481,T,C,T,A,C,A,G,A,C,T,T,T,T,G,C,G,A,C,C,G,C,G,T,C,T,T,T,China,,False,False,False,Neither
WATDE0085,T|C|T|A|G|C|G|A|G|A|C|G|G|C|T|C|T|T|T|C|G|G|G|C|G|C|C|G|A|A|C|C|G|A|C|C|C|C|G|C|C|T|C|G|C|C|C|T|G|C|T|C|C|T|T,Hap6,42.854627125,39.49,46.21925425,T,C,T,A,C,A,G,A,C,T,T,T,T,G,C,G,A,C,C,G,C,G,T,C,T,T,T,China,,False,False,False,Neither
WATDE0086,T|C|T|A|G|C|G|A|G|A|C|G|G|C|T|A|T|T|T|C|G|G|G|C|G|C|C|G|A|A|C|C|G|A|C|T|C|C|G|T|C|T|C|G|C|C|C|T|G|C|T|C|C|T|T,Hap10,39.16859954,30.53,47.80719908,T,C,T,A,C,A,G,A,C,T,T,T,T,G,C,G,A,C,C,G,C,G,T,C,T,T,T,Romania,Samanta 1252,False,False,False,Neither
WATDE0087,T|C|T|A|A|C|G|A|G|A|C|G|G|C|T|A|T|T|T|C|G|G|G|C|G|C|C|G|A|A|C|C|G|A|C|C|C|C|G|C|C|T|C|G|C|C|C|T|G|C|T|C|C|T|T,Hap3,42.431054705,37.785,47.07710941,T,C,T,A,C,A,G,A,C,T,T,T,T,G,C,G,A,C,C,G,C,G,T,C,T,T,T,Poland,Zlotka Miczynskiego,False,False,False,Neither
WATDE0088,T|C|T|A|G|C|G|A|G|A|C|G|G|C|T|A|T|T|T|C|G|G|G|C|G|C|C|G|A|A|C|C|G|A|C|C|C|C|G|C|C|T|C|G|C|C|C|T|G|C|T|C|C|T|T,Hap1,46.66731056,40.07,53.26462112,T,C,T,A,C,A,G,A,C,T,T,T,T,G,C,G,A,C,C,G,C,G,T,C,T,T,T,USSR,"ferrugineum Al., Flaksberger 17525",False,False,False,Neither
WATDE0089,T|C|T|A|G|C|G|A|G|A|C|G|G|C|T|A|T|T|T|C|G|G|G|C|G|C|C|G|A|A|C|C|G|A|C|C|C|C|G|C|C|T|C|G|C|C|C|T|G|C|T|C|C|T|T,Hap1,60.6262685,53.45,67.802537,T,C,T,A,C,A,G,A,C,T,T,T,T,G,C,G,A,C,C,G,C,G,T,C,T,T,T,Italy,Grano locale,False,False,False,Neither
WATDE0091,C|C|T|A|G|C|G|A|G|A|C|G|G|C|T|A|T|T|T|C|A|G|G|C|G|C|C|G|A|A|C|C|G|A|C|C|C|C|G|C|C|T|T|G|C|C|C|T|G|A|T|C|C|T|T,Hap5,32.302934725,29.63,34.97586945,C,C,T,A,C,A,G,A,C,T,T,T,T,G,C,G,A,C,C,G,C,G,T,C,T,T,T,Spain,Trigo duros,False,False,False,Neither
WATDE0092,T|C|T|A|G|C|G|A|G|A|C|G|G|C|T|C|T|T|T|C|G|G|G|C|G|C|C|G|A|A|C|C|G|A|C|C|C|C|G|C|C|T|C|G|C|C|C|T|G|C|T|A|C|T|T,Hap9,36.74,36.74,,T,C,T,A,C,A,G,A,C,T,T,T,T,G,C,G,A,C,C,G,C,G,T,C,T,T,T,Greece,,False,False,False,Neither
WATDE0093,T|C|T|A|G|C|G|A|G|A|C|G|G|C|T|A|T|T|T|T|G|G|G|C|G|C|C|G|A|A|C|C|G|A|C|C|C|C|G|C|C|T|C|A|C|C|C|T|G|C|T|C|C|T|T,Hap16,41.47336317,36.44,46.50672634,T,C,T,A,C,A,G,A,C,T,T,T,T,G,C,G,A,C,C,G,C,G,T,C,T,T,T,India,Lyallpur 8A,False,False,False,Neither
WATDE0094,C|T|C|G|G|A|G|G|A|G|C|G|G|T|A|A|G|G|C|C|G|G|A|C|G|T|C|A|A|G|T|T|A|A|C|C|T|C|A|C|C|C|C|G|C|T|C|C|G|C|T|C|C|C|C,Hap8,29.131342735,25.29,32.97268547,C,T,C,G,A,G,A,G,T,A,G,G,C,A,T,A,G,T,T,A,T,A,C,T,C,C,C,China,,True,True,True,Published+Background
WATDE0095,T|C|T|A|G|C|G|A|G|A|C|G|G|C|T|A|T|T|T|C|G|G|G|C|G|C|C|G|A|A|C|C|G|A|C|C|C|C|G|C|C|T|C|G|C|C|C|T|G|C|T|C|C|T|T,Hap1,33.381128175,29.66,37.10225635,T,C,T,A,C,A,G,A,C,T,T,T,T,G,C,G,A,C,C,G,C,G,T,C,T,T,T,China,Kaifeng 323-9,False,False,False,Neither
WATDE0096,T|C|T|A|G|C|G|A|G|A|C|G|G|C|T|A|T|T|T|C|G|G|G|C|G|C|C|G|A|A|C|C|G|A|C|C|C|C|G|C|C|T|C|G|C|C|C|T|G|C|T|C|C|T|T,Hap1,35.397620935,31.27,39.52524187,T,C,T,A,C,A,G,A,C,T,T,T,T,G,C,G,A,C,C,G,C,G,T,C,T,T,T,Iran,Ma'auneh,False,False,False,Neither
WATDE0097,T|C|T|A|G|C|G|A|G|A|C|G|G|C|T|A|T|T|T|C|G|G|G|C|G|C|C|G|A|A|C|C|G|A|C|C|C|C|G|C|C|T|C|G|C|C|C|T|G|C|T|C|C|T|T,Hap1,35.49,35.49,,T,C,T,A,C,A,G,A,C,T,T,T,T,G,C,G,A,C,C,G,C,G,T,C,T,T,T,Iran,Kooseh,False,False,False,Neither
WATDE0098,T|C|T|A|G|C|G|A|G|A|C|G|G|C|T|A|T|T|T|C|G|G|G|C|G|C|C|G|A|A|C|C|G|A|C|C|C|C|G|C|C|T|C|G|C|C|C|T|G|C|T|C|C|T|T,Hap1,48.382619615,47.11,49.65523923,T,C,T,A,C,A,G,A,C,T,T,T,T,G,C,G,A,C,C,G,C,G,T,C,T,T,T,India,Walaiti (Mastung wheat),False,False,False,Neither
WATDE0099,T|C|T|A|G|C|G|A|G|A|C|G|G|C|T|A|T|T|T|C|G|G|G|C|G|C|C|G|A|A|C|C|G|A|C|C|C|C|G|C|C|T|C|G|C|C|C|T|G|C|T|C|C|T|T,Hap1,34.871360045,30.4,39.34272009,T,C,T,A,C,A,G,A,C,T,T,T,T,G,C,G,A,C,C,G,C,G,T,C,T,T,T,China,,False,False,False,Neither
WATDE0100,C|C|T|A|G|C|G|A|G|A|C|G|G|C|T|A|T|T|T|C|G|G|G|C|G|C|C|G|A|A|C|C|G|A|C|C|C|C|G|C|C|T|C|G|C|C|C|T|G|C|T|C|C|T|T,Hap4,27.82,27.82,,C,C,T,A,C,A,G,A,C,T,T,T,T,G,C,G,A,C,C,G,C,G,T,C,T,T,T,Iran,Gandum-i-Jiruft,False,False,False,Neither
WATDE0101,T|C|T|A|G|C|G|A|G|A|C|G|G|C|T|A|T|T|T|C|G|G|G|C|G|C|C|G|A|A|C|C|G|A|C|C|C|C|G|C|C|T|C|A|C|C|C|T|G|C|T|C|C|T|T,Hap13,25.065293515,21.0,29.13058703,T,C,T,A,C,A,G,A,C,T,T,T,T,G,C,G,A,C,C,G,C,G,T,C,T,T,T,India,Gahu (Nepali) or Kyo (Sikkimese),False,False,False,Neither
WATDE0102,C|C|T|A|G|C|G|A|G|A|C|G|G|C|T|A|T|T|T|C|A|G|G|C|G|C|C|G|A|A|C|C|G|A|C|C|C|C|G|C|C|T|T|G|C|C|C|T|G|A|T|C|C|T|T,Hap5,34.41377527,36.95,31.87755054,C,C,T,A,C,A,G,A,C,T,T,T,T,G,C,G,A,C,C,G,C,G,T,C,T,T,T,India,Gahu (Nepali) or Kyo (Sikkimese),False,False,False,Neither
WATDE0103,T|C|T|A|G|C|G|A|G|A|C|G|A|C|T|A|T|T|T|C|G|G|G|C|G|C|C|G|A|A|C|C|G|A|C|C|C|C|G|C|C|T|C|G|C|C|C|T|G|C|C|C|C|T|T,Hap14,26.773685025,23.13,30.41737005,T,C,T,A,C,A,G,A,C,T,T,T,T,G,C,G,A,C,C,G,C,G,T,C,T,T,T,USSR,,False,False,False,Neither
WATDE0104,T|C|T|A|G|C|G|A|G|A|C|G|G|C|T|A|T|T|T|C|G|G|G|C|G|C|C|G|A|A|C|C|G|A|C|C|C|C|G|C|C|T|C|G|C|C|C|T|G|C|C|C|C|T|T,Hap2,43.307311345,38.415,48.19962269,T,C,T,A,C,A,G,A,C,T,T,T,T,G,C,G,A,C,C,G,C,G,T,C,T,T,T,Algeria,,False,False,False,Neither
WATDE0105,T|C|T|A|G|C|G|A|G|A|C|G|G|C|T|A|T|T|T|C|G|G|G|C|G|C|C|G|A|A|C|C|G|A|C|C|C|C|G|C|C|T|C|G|C|C|C|T|G|C|T|C|C|T|T,Hap1,30.078267645,23.83,36.32653529,T,C,T,A,C,A,G,A,C,T,T,T,T,G,C,G,A,C,C,G,C,G,T,C,T,T,T,USSR,Muganka,False,False,False,Neither
WATDE0106,T|C|T|A|G|C|G|A|G|A|C|G|G|C|T|A|T|T|T|C|G|G|G|C|G|C|C|G|A|A|C|C|G|A|C|C|C|C|G|C|C|T|C|G|C|C|C|T|G|C|T|C|C|T|T,Hap1,36.650219515,29.13,44.17043903,T,C,T,A,C,A,G,A,C,T,T,T,T,G,C,G,A,C,C,G,C,G,T,C,T,T,T,Ethiopia,,False,False,False,Neither
WATDE0107,T|C|T|A|G|C|G|A|G|A|C|G|A|C|T|A|T|T|T|C|G|G|G|C|G|C|C|G|A|A|C|C|G|A|C|C|C|C|G|C|C|T|C|G|C|C|C|T|G|C|C|C|C|T|T,Hap14,32.636515715,27.97,37.30303143,T,C,T,A,C,A,G,A,C,T,T,T,T,G,C,G,A,C,C,G,C,G,T,C,T,T,T,USSR,,False,False,False,Neither
WATDE0108,T|C|T|A|G|C|G|A|G|A|C|G|A|C|T|A|T|T|T|C|G|G|G|C|G|C|C|G|A|A|C|C|G|A|C|C|C|C|G|C|C|T|C|G|C|C|C|T|G|C|C|C|C|T|T,Hap14,34.212512770000004,26.6,41.82502554,T,C,T,A,C,A,G,A,C,T,T,T,T,G,C,G,A,C,C,G,C,G,T,C,T,T,T,USSR,Valki Exp Sta 3,False,False,False,Neither
WATDE0109,T|C|T|A|A|C|G|A|G|A|C|G|G|C|T|A|T|T|T|C|G|G|G|C|G|C|C|G|A|A|C|C|G|A|C|C|C|C|G|C|C|T|C|G|C|C|C|T|G|C|T|C|C|T|T,Hap3,38.25017246,32.59,43.91034492,T,C,T,A,C,A,G,A,C,T,T,T,T,G,C,G,A,C,C,G,C,G,T,C,T,T,T,USSR,Valki Exp Sta 1,False,False,False,Neither
WATDE0110,C|C|T|A|G|C|G|A|G|A|C|G|G|C|T|A|T|T|T|C|G|G|G|C|G|C|C|G|A|A|C|C|G|A|C|C|C|C|G|C|C|T|C|G|C|C|C|T|G|C|T|C|C|T|T,Hap4,28.550705195,22.81,34.29141039,C,C,T,A,C,A,G,A,C,T,T,T,T,G,C,G,A,C,C,G,C,G,T,C,T,T,T,USSR,,False,False,False,Neither
WATDE0111,C|C|T|A|G|C|G|A|G|A|C|G|G|C|T|A|T|T|T|C|G|G|G|C|G|C|C|G|A|A|C|C|G|A|C|C|C|C|G|C|C|T|C|G|C|C|C|T|G|C|T|C|C|T|T,Hap4,28.05764202,20.82,35.29528404,C,C,T,A,C,A,G,A,C,T,T,T,T,G,C,G,A,C,C,G,C,G,T,C,T,T,T,Finland,,False,False,False,Neither
WATDE0112,T|C|T|A|G|C|G|A|G|A|C|G|G|C|T|A|T|T|T|C|G|G|G|C|G|C|C|G|A|A|C|C|G|A|C|C|C|C|G|C|C|T|C|G|C|C|C|T|G|C|T|C|C|T|T,Hap1,38.52726465,34.18,42.8745293,T,C,T,A,C,A,G,A,C,T,T,T,T,G,C,G,A,C,C,G,C,G,T,C,T,T,T,Italy,Oberdan,False,False,False,Neither
WATDE0113,T|C|T|A|G|C|G|A|G|A|C|G|G|C|T|A|T|T|T|C|G|G|G|C|G|C|C|G|A|A|C|C|G|A|C|C|C|C|G|C|C|T|C|G|C|C|C|T|G|C|T|C|C|T|T,Hap1,33.559030905,28.04,39.07806181,T,C,T,A,C,A,G,A,C,T,T,T,T,G,C,G,A,C,C,G,C,G,T,C,T,T,T,USSR,,False,False,False,Neither
WATDE0115,C|C|T|A|G|C|G|A|G|A|C|G|G|C|T|A|T|T|T|C|G|G|G|C|G|C|C|G|A|A|C|C|G|A|C|C|C|C|G|C|C|T|C|G|C|C|C|T|G|C|T|C|C|T|T,Hap4,27.62270048,22.04,33.20540096,C,C,T,A,C,A,G,A,C,T,T,T,T,G,C,G,A,C,C,G,C,G,T,C,T,T,T,Tunisia,,False,False,False,Neither
WATDE0116,C|C|C|G|G|A|A|G|A|A|G|G|G|C|A|A|G|G|C|C|G|G|G|T|G|T|T|A|G|G|T|C|A|T|T|C|C|T|A|C|T|C|C|G|T|T|T|C|T|C|T|C|C|T|C,Hap7,35.924222565,32.2,39.64844513,C,C,C,G,A,G,A,A,C,A,G,G,C,G,T,A,G,T,C,A,C,A,C,T,C,T,C,Tunisia,Allorca,True,False,False,PublishedOnly
WATDE0117,C|T|C|G|G|A|G|G|A|G|C|G|G|T|A|A|G|G|C|C|G|G|A|C|G|T|C|A|A|G|T|T|A|A|C|C|T|C|A|C|C|C|C|G|C|T|C|C|G|C|T|C|C|C|C,Hap8,33.51437557,28.95,38.07875114,C,T,C,G,A,G,A,G,T,A,G,G,C,A,T,A,G,T,T,A,T,A,C,T,C,C,C,Italy,,True,True,True,Published+Background
WATDE0118,C|C|C|G|G|A|A|G|A|A|G|G|G|C|A|A|G|G|C|C|G|G|G|T|G|T|T|A|G|G|T|C|A|T|T|C|C|T|A|C|T|C|C|G|T|T|T|C|T|C|T|C|C|T|C,Hap7,21.81,21.81,,C,C,C,G,A,G,A,A,C,A,G,G,C,G,T,A,G,T,C,A,C,A,C,T,C,T,C,China,,True,False,False,PublishedOnly
WATDE0119,T|C|T|A|A|C|G|A|G|A|C|G|G|C|T|A|T|T|T|C|G|G|G|C|G|C|C|G|A|A|C|C|G|A|C|C|C|C|G|C|C|T|C|G|C|C|C|T|G|C|T|C|C|T|T,Hap3,33.77396281,24.5,43.04792562,T,C,T,A,C,A,G,A,C,T,T,T,T,G,C,G,A,C,C,G,C,G,T,C,T,T,T,Hungary,,False,False,False,Neither
WATDE0120,T|C|T|A|A|C|G|A|G|A|C|G|G|C|T|A|T|T|T|C|G|G|G|C|G|C|C|G|A|A|C|C|G|A|C|C|C|C|G|C|C|T|C|G|C|C|C|T|G|C|T|C|C|T|T,Hap3,29.169753915,18.18,40.15950783,T,C,T,A,C,A,G,A,C,T,T,T,T,G,C,G,A,C,C,G,C,G,T,C,T,T,T,Morocco,,False,False,False,Neither
WATDE0121,T|C|T|A|A|C|G|A|G|A|C|G|G|C|T|A|T|T|T|C|G|G|G|C|G|C|C|G|A|A|C|C|G|A|C|C|C|C|G|C|C|T|C|G|C|C|C|T|G|C|T|C|C|T|T,Hap3,34.041345895,25.92,42.16269179,T,C,T,A,C,A,G,A,C,T,T,T,T,G,C,G,A,C,C,G,C,G,T,C,T,T,T,Crete,Blé mavratheri,False,False,False,Neither
WATDE0122,T|C|T|A|G|C|G|A|G|A|C|G|G|C|T|A|T|T|T|C|G|G|G|C|G|C|C|G|A|A|C|C|G|A|C|C|C|C|G|C|C|T|C|G|C|C|C|T|G|C|T|C|C|T|T,Hap1,28.76,28.76,,T,C,T,A,C,A,G,A,C,T,T,T,T,G,C,G,A,C,C,G,C,G,T,C,T,T,T,Iran,,False,False,False,Neither
WATDE0123,T|C|T|A|A|C|G|A|G|A|C|G|G|C|T|A|T|T|T|C|G|G|G|C|G|C|C|G|A|A|C|C|G|A|C|C|C|C|G|C|C|T|C|G|C|C|C|T|G|C|T|C|C|T|T,Hap3,46.481131335,46.67,46.29226267,T,C,T,A,C,A,G,A,C,T,T,T,T,G,C,G,A,C,C,G,C,G,T,C,T,T,T,Australia,,False,False,False,Neither
WATDE0124,T|C|T|A|A|C|G|A|G|A|C|G|G|C|T|A|T|T|T|C|G|G|G|C|G|C|C|G|A|A|C|C|G|A|C|C|C|C|G|C|C|T|C|G|C|C|C|T|G|C|T|C|C|T|T,Hap3,41.37448528,37.31,45.43897056,T,C,T,A,C,A,G,A,C,T,T,T,T,G,C,G,A,C,C,G,C,G,T,C,T,T,T,Australia,,False,False,False,Neither
WATDE0126,C|C|T|A|G|C|G|A|G|A|C|G|G|C|T|A|T|T|T|C|A|G|G|C|G|C|C|G|A|A|C|C|G|A|C|C|C|C|G|C|C|T|T|G|C|C|C|T|G|A|T|C|C|T|T,Hap5,37.964747,34.36,41.569494,C,C,T,A,C,A,G,A,C,T,T,T,T,G,C,G,A,C,C,G,C,G,T,C,T,T,T,Portugal,Trigo Temporao de Coruche,False,False,False,Neither
WATDE0127,T|C|T|A|G|C|G|A|G|A|C|G|G|C|T|A|T|T|T|C|G|G|G|C|G|C|C|G|A|A|C|C|G|A|C|C|C|C|G|C|C|T|C|G|C|C|C|T|G|C|C|C|C|T|T,Hap2,47.151996175,46.15,48.15399235,T,C,T,A,C,A,G,A,C,T,T,T,T,G,C,G,A,C,C,G,C,G,T,C,T,T,T,Portugal,Trigo Precoce,False,False,False,Neither
WATDE0129,T|C|T|A|G|C|G|A|G|A|C|A|G|C|T|A|T|T|T|C|G|G|G|C|G|C|C|G|A|A|C|C|G|A|C|C|C|C|G|C|C|T|C|G|C|C|C|T|G|C|T|C|C|T|T,Hap11,46.59650934,44.82,48.37301868,T,C,T,A,C,A,G,A,C,T,T,T,T,G,C,G,A,C,C,G,C,G,T,C,T,T,T,India,Pusa 80-5,False,False,False,Neither
WATDE0131,T|C|T|A|G|C|G|A|G|A|C|G|G|C|T|A|T|T|T|C|G|G|G|C|G|C|C|G|A|A|C|C|G|A|C|C|C|C|G|C|C|T|C|G|C|C|C|C/T|G|C|T|C|C|T|T,Hap19,39.729298525,35.53,43.92859705,T,C,T,A,C,A,G,A,C,T,T,T,T,G,C,G,A,C,C,G,C,G,T,C,C/T,T,T,India,Pusa 111,False,False,False,Neither
WATDE0133,T|C|T|A|G|C|G|A|G|A|C|A|G|C|T|A|T|T|T|C|G|G|G|C|G|C|C|G|A|A|C|C|G|A|C|C|C|C|G|C|C|T|C|G|C|C|C|T|G|C|T|C|C|T|T,Hap11,40.85046747,38.58,43.12093494,T,C,T,A,C,A,G,A,C,T,T,T,T,G,C,G,A,C,C,G,C,G,T,C,T,T,T,India,Pusa 90,False,False,False,Neither
WATDE0134,T|C|T|A|G|C|G|A|G|A|C|G|G|C|T|A|T|T|T|C|G|G|G|C|G|C|C|G|A|A|C|C|G|A|C|C|C|C|G|C|C|T|C|G|C|C|C|T|G|C|C|C|C|T|T,Hap2,42.412003045,38.08,46.74400609,T,C,T,A,C,A,G,A,C,T,T,T,T,G,C,G,A,C,C,G,C,G,T,C,T,T,T,Bulgaria,Bebrovo,False,False,False,Neither
WATDE0138,T|C|T|A|G|C|G|A|G|A|C|G|G|C|T|A|T|T|T|C|G|G|G|C|G|C|C|G|A|A|C|C|G|A|C|C|C|C|G|C|C|T|C|G|C|C|C|T|G|C|C|C|C|T|T,Hap2,34.67507102,24.55,44.80014204,T,C,T,A,C,A,G,A,C,T,T,T,T,G,C,G,A,C,C,G,C,G,T,C,T,T,T,Yugoslavia,,False,False,False,Neither
WATDE0140,T|C|T|A|G|C|G|A|G|A|C|G|G|C|T|A|T|T|T|C|G|G|G|C|G|C|C|G|A|A|C|C|G|A|C|C|C|C|G|C|C|T|C|G|C|C|C|T|G|C|T|C|C|T|T,Hap1,42.3772935,37.86,46.894587,T,C,T,A,C,A,G,A,C,T,T,T,T,G,C,G,A,C,C,G,C,G,T,C,T,T,T,Spain,Mocho,False,False,False,Neither
WATDE0141,T|C|T|A|A|C|G|A|G|A|C|G|G|C|T|A|T|T|T|C|G|G|G|C|G|C|C|G|A|A|C|C|G|A|C|C|C|C|G|C|C|T|C|G|C|C|C|T|G|C|T|C|C|T|T,Hap3,39.60294036,35.51,43.69588072,T,C,T,A,C,A,G,A,C,T,T,T,T,G,C,G,A,C,C,G,C,G,T,C,T,T,T,Spain,Mocho,False,False,False,Neither
WATDE0143,C|C|T|A|G|C|G|A|G|A|C|G|G|C|T|A|T|T|T|C|G|G|G|C|G|C|C|G|A|A|C|C|G|A|C|C|C|C|G|C|C|T|C|G|C|C|C|T|G|C|T|C|C|T|T,Hap4,30.905310755,26.31,35.50062151,C,C,T,A,C,A,G,A,C,T,T,T,T,G,C,G,A,C,C,G,C,G,T,C,T,T,T,India,,False,False,False,Neither
WATDE0144,C|C|T|A|G|C|G|A|G|A|C|G|G|C|T|A|T|T|T|C|G|G|G|C|G|C|C|G|A|A|C|C|G|A|C|C|C|C|G|C|C|T|C|G|C|C|C|T|G|C|T|C|C|T|T,Hap4,31.48394577,26.29,36.67789154,C,C,T,A,C,A,G,A,C,T,T,T,T,G,C,G,A,C,C,G,C,G,T,C,T,T,T,India,Gangajali,False,False,False,Neither
WATDE0146,C|C|T|A|G|C|G|A|G|A|C|G|G|C|T|A|T|T|T|C|G|G|G|C|G|C|C|G|A|A|C|C|G|A|C|C|C|C|G|C|C|T|C|G|C|C|C|T|G|C|T|C|C|T|T,Hap4,29.095601315,22.54,35.65120263,C,C,T,A,C,A,G,A,C,T,T,T,T,G,C,G,A,C,C,G,C,G,T,C,T,T,T,India,Boojri,False,False,False,Neither
WATDE0148,C|C|T|A|G|C|G|A|G|A|C|G|G|C|T|A|T|T|T|C|A|G|G|C|G|C|C|G|A|A|C|C|G|A|C|C|C|C|G|C|C|T|T|G|C|C|C|T|G|A|T|C|C|T|T,Hap5,42.451341275,41.8,43.10268255,C,C,T,A,C,A,G,A,C,T,T,T,T,G,C,G,A,C,C,G,C,G,T,C,T,T,T,Australia,Improved Steinwedel,False,False,False,Neither
WATDE0149,C|C|T|A|G|C|G|A|G|A|C|G|G|C|T|A|T|T|T|C|G|G|G|C|G|C|C|G|A|A|C|C|G|A|C|C|C|C|G|C|C|T|C|G|C|C|C|T|G|C|T|C|C|T|T,Hap4,34.498296690000004,28.65,40.34659338,C,C,T,A,C,A,G,A,C,T,T,T,T,G,C,G,A,C,C,G,C,G,T,C,T,T,T,Australia,Aussie,False,False,False,Neither
WATDE0150,T|C|T|A|G|C|G|A|G|A|C|G|G|C|T|A|T|T|T|C|G|G|G|C|G|C|C|G|A|A|C|C|G|A|C|C|C|C|G|C|C|T|C|G|C|C|C|T|G|C|C|C|C|T|T,Hap2,41.901332100000005,38.82,44.9826642,T,C,T,A,C,A,G,A,C,T,T,T,T,G,C,G,A,C,C,G,C,G,T,C,T,T,T,Australia,Sultan,False,False,False,Neither
WATDE0151,T|C|T|A|G|C|G|A|G|A|C|A|G|C|T|A|T|T|T|C|G|G|G|C|G|C|C|G|A|A|C|C|G|A|C|C|C|C|G|C|C|T|C|G|C|C|C|T|G|C|T|C|C|T|T,Hap11,39.42775126,36.2,42.65550252,T,C,T,A,C,A,G,A,C,T,T,T,T,G,C,G,A,C,C,G,C,G,T,C,T,T,T,Australia,Sunset,False,False,False,Neither
WATDE0152,T|C|T|A|G|C|G|A|G|A|C|A|G|C|T|A|T|T|T|C|G|G|G|C|G|C|C|G|A|A|C|C|G|A|C|C|C|C|G|C|C|T|C|G|C|C|C|T|G|C|T|C|C|T|T,Hap11,47.435036115,43.02,51.85007223,T,C,T,A,C,A,G,A,C,T,T,T,T,G,C,G,A,C,C,G,C,G,T,C,T,T,T,Australia,Ford,False,False,False,Neither
WATDE0154,C|C|T|A|G|C|G|A|G|A|C|G|G|C|T|A|T|T|T|C|G|G|G|C|G|C|C|G|A|A|C|C|G|A|C|C|C|C|G|C|C|T|C|G|C|C|C|T|G|C|T|C|C|T|T,Hap4,38.71707119,34.66,42.77414238,C,C,T,A,C,A,G,A,C,T,T,T,T,G,C,G,A,C,C,G,C,G,T,C,T,T,T,Australia,Early Bird,False,False,False,Neither
WATDE0156,C|C|T|A|G|C|G|A|G|A|C|G|G|C|T|A|T|T|T|C|A|G|G|C|G|C|C|G|A|A|C|C|G|A|C|C|C|C|G|C|C|T|T|G|C|C|C|T|G|A|T|C|C|T|T,Hap5,38.385226525,34.01,42.76045305,C,C,T,A,C,A,G,A,C,T,T,T,T,G,C,G,A,C,C,G,C,G,T,C,T,T,T,Unknown,,False,False,False,Neither
WATDE0157,C|C|T|A|G|C|G|A|G|A|C|G|G|C|T|A|T|T|T|C|G|G|G|C|G|C|C|G|A|A|C|C|G|A|C|C|C|C|G|C|C|T|C|G|C|C|C|T|G|C|T|C|C|T|T,Hap4,34.734035635,31.33,38.13807127,C,C,T,A,C,A,G,A,C,T,T,T,T,G,C,G,A,C,C,G,C,G,T,C,T,T,T,Australia,Rajah,False,False,False,Neither
WATDE0158,C|C|T|A|G|C|G|A|G|A|C|G|G|C|T|A|T|T|T|C|A|G|G|C|G|C|C|G|A|A|C|C|G|A|C|C|C|C|G|C|C|T|T|G|C|C|C|T|G|A|T|C|C|T|T,Hap5,41.529595905,40.39,42.66919181,C,C,T,A,C,A,G,A,C,T,T,T,T,G,C,G,A,C,C,G,C,G,T,C,T,T,T,India,Dehak,False,False,False,Neither
WATDE0159,T|C|T|A|G|C|G|A|G|A|C|G|G|C|T|A|T|T|T|C|G|G|G|C|G|C|C|G|A|A|C|C|G|A|C|C|C|C|G|C|C|T|C|G|C|C|C|T|G|C|T|C|C|T|T,Hap1,39.813832765,39.71,39.91766553,T,C,T,A,C,A,G,A,C,T,T,T,T,G,C,G,A,C,C,G,C,G,T,C,T,T,T,Poland,Blondynka,False,False,False,Neither
WATDE0160,T|C|T|A|A|C|G|A|G|A|C|G|G|C|T|A|T|T|T|C|G|G|G|C|G|C|C|G|A|A|C|C|G|A|C|C|C|C|G|C|C|T|C|G|C|C|C|T|G|C|T|C|C|T|T,Hap3,36.737505825,30.24,43.23501165,T,C,T,A,C,A,G,A,C,T,T,T,T,G,C,G,A,C,C,G,C,G,T,C,T,T,T,Poland,Bialy Krzyz Ryxa,False,False,False,Neither
WATDE0162,T|C|T|A|A|C|G|A|G|A|C|G|G|C|T|A|T|T|T|C|G|G|G|C|G|C|C|G|A|A|C|C|G|A|C|C|C|C|G|C|C|T|C|G|C|C|C|T|G|C|T|C|C|T|T,Hap3,37.570307085,29.04,46.10061417,T,C,T,A,C,A,G,A,C,T,T,T,T,G,C,G,A,C,C,G,C,G,T,C,T,T,T,Poland,Wysololitewka Sobieszynska,False,False,False,Neither
WATDE0164,T|C|T|A|A|C|G|A|G|A|C|G|G|C|T|A|T|T|T|C|G|G|G|C|G|C|C|G|A|A|C|C|G|A|C|C|C|C|G|C|C|T|C|G|C|C|C|T|G|C|T|C|C|T|T,Hap3,42.70486085,37.42,47.9897217,T,C,T,A,C,A,G,A,C,T,T,T,T,G,C,G,A,C,C,G,C,G,T,C,T,T,T,Poland,Graniatka Dankowska,False,False,False,Neither
WATDE0165,T|C|T|A|A|C|G|A|G|A|C|G|G|C|T|A|T|T|T|C|G|G|G|C|G|C|C|G|A|A|C|C|G|A|C|C|C|C|G|C|C|T|C|G|C|C|C|T|G|C|T|C|C|T|T,Hap3,33.151567490000005,29.68,36.62313498,T,C,T,A,C,A,G,A,C,T,T,T,T,G,C,G,A,C,C,G,C,G,T,C,T,T,T,Italy,"Mairca di Pali, Flaksberger 19341",False,False,False,Neither
WATDE0168,T|C|T|A|G|C|G|A|G|A|C|G|G|C|T|A|T|T|T|C|G|G|G|C|G|C|C|G|A|A|C|C|G|A|C|C|C|C|G|C|C|T|C|G|C|C|C|T|G|C|C|C|C|T|T,Hap2,41.32172806,34.275,48.36845612,T,C,T,A,C,A,G,A,C,T,T,T,T,G,C,G,A,C,C,G,C,G,T,C,T,T,T,France,Alliés,False,False,False,Neither
WATDE0169,T|C|T|A|A|C|G|A|G|A|C|G|G|C|T|A|T|T|T|C|G|G|G|C|G|C|C|G|A|A|C|C|G|A|C|C|C|C|G|C|C|T|C|G|C|C|C|T|G|C|T|C|C|T|T,Hap3,49.04212617,46.8,51.28425234,T,C,T,A,C,A,G,A,C,T,T,T,T,G,C,G,A,C,C,G,C,G,T,C,T,T,T,Tunisia,Bartletta,False,False,False,Neither
WATDE0171,C|T|C|G|G|A|G|G|A|G|C|G|G|T|A|A|G|G|C|C|G|G|A|C|G|T|C|A|A|G|T|T|A|A|C|C|T|C|A|C|C|C|C|G|C|T|C|C|G|C|T|C|C|C|C,Hap8,43.623419725,42.36,44.88683945,C,T,C,G,A,G,A,G,T,A,G,G,C,A,T,A,G,T,T,A,T,A,C,T,C,C,C,Crete,,True,True,True,Published+Background
WATDE0173,T|C|T|A|G|C|G|A|G|A|C|G|G|C|T|A|T|T|T|C|G|G|G|C|G|C|C|G|A|A|C|C|G|A|C|C|C|C|G|C|C|T|C|G|C|C|C|T|G|C|C|C|C|T|T,Hap2,45.041176355000005,43.06,47.02235271,T,C,T,A,C,A,G,A,C,T,T,T,T,G,C,G,A,C,C,G,C,G,T,C,T,T,T,Spain,Pelado de espiga larga,False,False,False,Neither
WATDE0175,T|C|T|A|G|C|G|A|G|A|C|G|G|C|T|A|T|T|T|C|G|G|G|C|G|C|C|G|A|A|C|C|G|A|C|C|C|C|G|C|C|T|C|G|C|C|C|T|G|C|C|C|C|T|T,Hap2,49.313295305,48.15,50.47659061,T,C,T,A,C,A,G,A,C,T,T,T,T,G,C,G,A,C,C,G,C,G,T,C,T,T,T,Spain,Pelado de Estella,False,False,False,Neither
WATDE0176,T|C|T|A|G|C|G|A|G|A|C|G|G|C|T|A|T|T|T|C|G|G|G|C|G|C|C|G|A|A|C|C|G|A|C|C|C|C|G|C|C|T|C|G|C|C|C|T|G|C|C|C|C|T|T,Hap2,41.604286805,36.93,46.27857361,T,C,T,A,C,A,G,A,C,T,T,T,T,G,C,G,A,C,C,G,C,G,T,C,T,T,T,Spain,Buen labrador,False,False,False,Neither
WATDE0177,T|C|T|A|G|C|G|A|G|A|C|G|G|C|T|A|T|T|T|C|G|G|G|C|G|C|C|G|A|A|C|C|G|A|C|C|C|C|G|C|C|T|C|G|C|C|C|T|G|C|T|C|C|T|T,Hap1,47.48689228,45.46,49.51378456,T,C,T,A,C,A,G,A,C,T,T,T,T,G,C,G,A,C,C,G,C,G,T,C,T,T,T,Spain,Pelado grano cilindrico,False,False,False,Neither
WATDE0180,C|C|T|A|G|C|G|A|G|A|C|G|G|C|T|A|T|T|T|C|G|G|G|C|G|C|C|G|A|A|C|C|G|A|C|C|C|C|G|C|C|T|C|G|C|C|C|T|G|C|T|C|C|T|T,Hap4,39.09805104,37.27,40.92610208,C,C,T,A,C,A,G,A,C,T,T,T,T,G,C,G,A,C,C,G,C,G,T,C,T,T,T,Spain,,False,False,False,Neither
WATDE0181,C|C|T|A|G|C|G|A|G|A|C|G|G|C|T|A|T|T|T|C|G|G|G|C|G|C|C|G|A|A|C|C|G|A|C|C|C|C|G|C|C|T|C|G|C|C|C|T|G|C|T|C|C|T|T,Hap4,44.0851182,43.11,45.0602364,C,C,T,A,C,A,G,A,C,T,T,T,T,G,C,G,A,C,C,G,C,G,T,C,T,T,T,Spain,,False,False,False,Neither
WATDE0182,T|C|T|A|G|C|G|A|G|A|C|G|G|C|T|A|T|T|T|C|G|G|G|C|G|C|C|G|A|A|C|C|G|A|C|C|C|C|G|C|C|T|C|G|C|C|C|T|G|C|C|C|C|T|T,Hap2,39.49833929,37.45,41.54667858,T,C,T,A,C,A,G,A,C,T,T,T,T,G,C,G,A,C,C,G,C,G,T,C,T,T,T,Spain,,False,False,False,Neither
WATDE0183,C|C|C|G|G|A|A|G|A|A|G|G|G|C|A|A|G|G|C|C|G|G|G|T|G|T|T|A|G|G|T|C|A|T|T|C|C|T|A|C|T|C|C|G|T|T|T|C|T|C|T|C|C|T|C,Hap7,36.274328215,34.73,37.81865643,C,C,C,G,A,G,A,A,C,A,G,G,C,G,T,A,G,T,C,A,C,A,C,T,C,T,C,Spain,Trigo Alaga,True,False,False,PublishedOnly
WATDE0184,T|C|T|A|A|C|G|A|G|A|C|G|G|C|T|A|T|T|T|C|G|G|G|C|G|C|C|G|A|A|C|C|G|A|C|C|C|C|G|C|C|T|C|G|C|C|C|T|G|C|T|C|C|T|T,Hap3,42.648284385,37.535,47.76156877,T,C,T,A,C,A,G,A,C,T,T,T,T,G,C,G,A,C,C,G,C,G,T,C,T,T,T,Portugal,Trigo Ideal,False,False,False,Neither
WATDE0185,C|C|C|G|G|A|A|G|A|A|G|G|G|C|A|A|G|G|C|C|G|G|G|T|G|T|T|A|G|G|T|C|A|T|T|C|C|T|A|C|T|C|C|G|T|T|T|C|T|C|T|C|C|T|C,Hap7,42.001336725,39.96,44.04267345,C,C,C,G,A,G,A,A,C,A,G,G,C,G,T,A,G,T,C,A,C,A,C,T,C,T,C,Portugal,Trigo Candeal,True,False,False,PublishedOnly
WATDE0187,C|C|C|G|G|A|A|G|A|A|G|G|G|C|A|A|G|G|C|C|G|A|G|T|G|T|T|A|G|G|T|C|A|T|T|C|C|T|A|C|T|C|C|G|T|T|T|C|T|C|T|C|C|T|C,Hap15,50.23931158,,50.23931158,C,C,C,G,A,G,A,A,C,A,G,G,C,G,T,A,G,T,C,A,C,A,C,T,C,T,C,Portugal,Trigo mole da regiad,True,False,False,PublishedOnly
WATDE0190,T|C|T|A|G|C|G|A|G|A|C|G|G|C|T|C|T|T|T|C|G|G|G|C|G|C|C|G|A|A|C|C|G|A|C|C|C|C|G|C|C|T|C|G|C|C|C|T|G|C|T|C|A|T|T,Hap12,49.508909845,45.16,53.85781969,T,C,T,A,C,A,G,A,C,T,T,T,T,G,C,G,A,C,C,G,C,G,T,C,T,T,T,Spain,Mocho Rojo,False,False,False,Neither
WATDE0191,C|C|T|A|G|C|G|A|G|A|C|G|G|C|T|A|T|T|T|C|A|G|G|C|G|C|C|G|A|A|C|C|G|A|C|C|C|C|G|C|C|T|T|G|C|C|C|T|G|A|T|C|C|T|T,Hap5,33.823353175,28.92,38.72670635,C,C,T,A,C,A,G,A,C,T,T,T,T,G,C,G,A,C,C,G,C,G,T,C,T,T,T,Spain,Great wheat,False,False,False,Neither
WATDE0192,T|C|T|A|G|C|G|A|G|A|C|G|G|C|T|A|T|T|T|C|G|G|G|C|G|C|C|G|A|A|C|C|G|A|C|C|C|C|G|C|C|T|C|G|C|C|C|T|G|C|T|C|C|T|T,Hap1,31.53059437,26.0,37.06118874,T,C,T,A,C,A,G,A,C,T,T,T,T,G,C,G,A,C,C,G,C,G,T,C,T,T,T,Spain,Manitoba,False,False,False,Neither
WATDE0194,T|C|T|A|G|C|G|A|G|A|C|G|G|C|T|C|T|T|T|C|G|G|G|C|G|C|C|G|A|A|C|C|G|A|C|C|C|C|G|C|C|T|C|G|C|C|C|T|G|C|T|C|A|T|T,Hap12,48.696243085,44.21,53.18248617,T,C,T,A,C,A,G,A,C,T,T,T,T,G,C,G,A,C,C,G,C,G,T,C,T,T,T,Spain,,False,False,False,Neither
WATDE0195,T|C|T|A|G|C|G|A|G|A|C|G|G|C|T|C|T|T|T|C|G|G|G|C|G|C|C|G|A|A|C|C|G|A|C|C|C|C|G|C|C|T|C|G|C|C|C|T|G|C|T|C|C|T|T,Hap6,42.54283183,39.09,45.99566366,T,C,T,A,C,A,G,A,C,T,T,T,T,G,C,G,A,C,C,G,C,G,T,C,T,T,T,Spain,Erria,False,False,False,Neither
WATDE0196,T|C|T|A|G|C|G|A|G|A|C|G|G|C|T|A|T|T|T|C|G|G|G|C|G|C|C|G|A|A|C|C|G|A|C|C|C|C|G|C|C|T|C|G|C|C|C|T|G|C|T|C|C|T|T,Hap1,41.05786745,33.51,48.6057349,T,C,T,A,C,A,G,A,C,T,T,T,T,G,C,G,A,C,C,G,C,G,T,C,T,T,T,Spain,Mocho,False,False,False,Neither
WATDE0198,T|C|T|A|G|C|G|A|G|A|C|G|G|C|T|C|T|T|T|C|G|G|G|C|G|C|C|G|A|A|C|C|G|A|C|C|C|C|G|C|C|T|C|G|C|C|C|T|G|C|T|C|C|T|T,Hap6,42.15116933,35.87,48.43233866,T,C,T,A,C,A,G,A,C,T,T,T,T,G,C,G,A,C,C,G,C,G,T,C,T,T,T,Spain,Toseta de Oronz,False,False,False,Neither
WATDE0199,T|C|T|A|G|C|G|A|G|A|C|G|G|C|T|A|T|T|T|C|G|G|G|C|G|C|C|G|A|A|C|C|G|A|C|C|C|C|G|C|C|T|C|G|C|C|C|T|G|C|C|C|C|T|T,Hap2,34.812968264999995,31.57,38.05593653,T,C,T,A,C,A,G,A,C,T,T,T,T,G,C,G,A,C,C,G,C,G,T,C,T,T,T,Unknown,,False,False,False,Neither
WATDE0200,T|C|T|A|G|C|G|A|G|A|C|G|G|C|T|A|T|T|T|C|G|G|G|C|G|C|C|G|A|A|C|C|G|A|C|C|C|C|G|C|C|T|C|G|C|C|C|T|G|C|T|C|C|T|T,Hap1,53.47812587,51.62,55.33625174,T,C,T,A,C,A,G,A,C,T,T,T,T,G,C,G,A,C,C,G,C,G,T,C,T,T,T,Spain,Palado sensible a sequia,False,False,False,Neither
WATDE0202,T|C|T|A|G|C|G|A|G|A|C|G|G|C|T|C|T|T|T|C|G|G|G|C|G|C|C|G|A|A|C|C|G|A|C|C|C|C|G|C|C|T|C|G|C|C|C|T|G|C|T|C|A|T|T,Hap12,47.62691641,40.78,54.47383282,T,C,T,A,C,A,G,A,C,T,T,T,T,G,C,G,A,C,C,G,C,G,T,C,T,T,T,Spain,Great wheat,False,False,False,Neither
WATDE0204,T|C|T|A|G|C|G|A|G|A|C|G|G|C|T|A|T|T|T|C|G|G|G|C|G|C|C|G|A|A|C|C|G|A|C|C|C|C|G|C|C|T|C|G|C|C|C|T|G|C|C|C|C|T|T,Hap2,32.7798602,27.23,38.3297204,T,C,T,A,C,A,G,A,C,T,T,T,T,G,C,G,A,C,C,G,C,G,T,C,T,T,T,Yugoslavia,Rustic winter,False,False,False,Neither
WATDE0205,T|C|T|A|G|C|G|A|G|A|C|G|G|C|T|A|T|T|T|C|G|G|G|C|G|C|C|G|A|A|C|C|G|A|C|C|C|C|G|C|C|T|C|G|C|C|C|T|G|C|C|C|C|T|T,Hap2,40.731748045,32.26,49.20349609,T,C,T,A,C,A,G,A,C,T,T,T,T,G,C,G,A,C,C,G,C,G,T,C,T,T,T,Bulgaria,Bebrovo,False,False,False,Neither
WATDE0206,T|C|T|A|G|C|G|A|G|A|C|G|G|C|T|A|T|T|T|C|G|G|G|C|G|C|C|G|A|A|C|C|G|A|C|C|C|C|G|C|C|T|C|G|C|C|C|T|G|C|C|C|C|T|T,Hap2,54.36431919,,54.36431919,T,C,T,A,C,A,G,A,C,T,T,T,T,G,C,G,A,C,C,G,C,G,T,C,T,T,T,Yugoslavia,Bon Fermier,False,False,False,Neither
WATDE0207,T|C|T|A|G|C|G|A|G|A|C|G|G|C|T|A|T|T|T|C|G|G|G|C|G|C|C|G|A|A|C|C|G|A|C|C|C|C|G|C|C|T|C|G|C|C|C|T|G|C|C|C|C|T|T,Hap2,36.840586035,25.08,48.60117207,T,C,T,A,C,A,G,A,C,T,T,T,T,G,C,G,A,C,C,G,C,G,T,C,T,T,T,Yugoslavia,Potiska,False,False,False,Neither
WATDE0209,T|C|T|A|G|C|G|A|G|A|C|G|G|C|T|A|T|T|T|C|G|G|G|C|G|C|C|G|A|A|C|C|G|A|C|C|C|C|G|C|C|T|C|G|C|C|C|T|G|C|T|C|C|T|T,Hap1,32.83418437,28.16,37.50836874,T,C,T,A,C,A,G,A,C,T,T,T,T,G,C,G,A,C,C,G,C,G,T,C,T,T,T,Yugoslavia,Bon Fermier,False,False,False,Neither
WATDE0211,T|C|T|A|G|C|G|A|G|A|C|G|G|C|T|A|T|T|T|C|G|G|G|C|G|C|C|G|A|A|C|C|G|A|C|C|C|C|G|C|C|T|C|G|C|C|C|T|G|C|C|C|C|T|T,Hap2,45.810040825,40.71,50.91008165,T,C,T,A,C,A,G,A,C,T,T,T,T,G,C,G,A,C,C,G,C,G,T,C,T,T,T,Yugoslavia,Native winter,False,False,False,Neither
WATDE0212,T|C|T|A|G|C|G|A|G|A|C|G|G|C|T|A|T|T|T|C|G|G|G|C|G|C|C|G|A|A|C|C|G|A|C|C|C|C|G|C|C|T|C|G|C|C|C|T|G|C|C|C|C|T|T,Hap2,40.077203635,34.72,45.43440727,T,C,T,A,C,A,G,A,C,T,T,T,T,G,C,G,A,C,C,G,C,G,T,C,T,T,T,Yugoslavia,Native winter,False,False,False,Neither
WATDE0214,T|C|T|A|G|C|G|A|G|A|C|G|G|C|T|A|T|T|T|C|G|G|G|C|G|C|C|G|A|A|C|C|G|A|C|C|C|C|G|C|C|T|C|G|C|C|C|T|G|C|T|C|C|T|T,Hap1,35.934891631666645,34.2108333333333,37.65894993,T,C,T,A,C,A,G,A,C,T,T,T,T,G,C,G,A,C,C,G,C,G,T,C,T,T,T,India,,False,False,False,Neither
WATDE0215,T|C|T|A|G|C|G|A|G|A|C|A|G|C|T|A|T|T|T|C|G|G|G|C|G|C|C|G|A|A|C|C|G|A|C|C|C|C|G|C|C|T|C|G|C|C|C|T|G|C|T|C|C|T|T,Hap11,35.55537814,,35.55537814,T,C,T,A,C,A,G,A,C,T,T,T,T,G,C,G,A,C,C,G,C,G,T,C,T,T,T,India,Red Tikoria,False,False,False,Neither
WATDE0217,T|C|T|A|G|C|G|A|G|A|C|G|G|C|T|A|T|T|T|C|G|G|G|C|G|C|C|G|A|A|C|C|G|A|C|C|C|C|G|C|C|T|C|G|C|C|C|T|G|C|C|C|C|T|T,Hap2,52.39307652,,52.39307652,T,C,T,A,C,A,G,A,C,T,T,T,T,G,C,G,A,C,C,G,C,G,T,C,T,T,T,Spain,Moro,False,False,False,Neither
WATDE0219,T|C|T|A|G|C|G|A|G|A|C|G|G|C|T|A|T|T|T|C|G|G|G|C|G|C|C|G|A|A|C|C|G|A|C|C|C|C|G|C|C|T|C|G|C|C|C|T|G|C|T|C|C|T|T,Hap1,37.27565229,,37.27565229,T,C,T,A,C,A,G,A,C,T,T,T,T,G,C,G,A,C,C,G,C,G,T,C,T,T,T,Spain,Marquis,False,False,False,Neither
WATDE0220,T|C|T|A|G|C|G|A|G|A|C|G|G|C|T|A|T|T|T|C|G|G|G|C|G|C|C|G|A|A|C|C|G|A|C|C|C|C|G|C|C|T|C|G|C|C|C|T|G|C|T|C|C|T|T,Hap1,37.47186403,,37.47186403,T,C,T,A,C,A,G,A,C,T,T,T,T,G,C,G,A,C,C,G,C,G,T,C,T,T,T,India,Desi,False,False,False,Neither
WATDE0222,C|C|C|G|G|A|A|G|A|A|G|G|G|C|A|A|G|G|C|C|G|A|G|T|G|T|T|A|G|G|T|C|A|T|T|C|C|T|A|C|T|C|C|G|T|T|T|C|T|C|T|C|C|T|C,Hap15,54.84800388,,54.84800388,C,C,C,G,A,G,A,A,C,A,G,G,C,G,T,A,G,T,C,A,C,A,C,T,C,T,C,Poland,Trigo preto rijo,True,False,False,PublishedOnly
WATDE0223,T|C|T|A|G|C|G|A|G|A|C|G|G|C|T|A|T|T|T|C|G|G|G|C|G|C|C|G|A|A|C|C|G|A|C|C|C|C|G|C|C|T|C|G|C|C|C|T|G|C|C|C|C|T|T,Hap2,40.90784954,,40.90784954,T,C,T,A,C,A,G,A,C,T,T,T,T,G,C,G,A,C,C,G,C,G,T,C,T,T,T,Australia,Bowen,False,False,False,Neither
WATDE0224,T|C|T|A|G|C|G|A|G|A|C|G|G|C|T|A|T|T|T|T|G|G|G|C|G|C|C|G|A|A|C|C|G|A|C|C|C|C|G|C|C|T|C|A|C|C|C|T|G|C|T|C|C|T|T,Hap16,36.59781934,34.51,38.68563868,T,C,T,A,C,A,G,A,C,T,T,T,T,G,C,G,A,C,C,G,C,G,T,C,T,T,T,Australia,Cedar,False,False,False,Neither
WATDE0225,T|C|T|A|G|C|G|A|G|A|C|A|G|C|T|A|T|T|T|C|G|G|G|C|G|C|C|G|A|A|C|C|G|A|C|C|C|C|G|C|C|T|C|G|C|C|C|T|G|C|T|C|C|T|T,Hap11,31.71797263,26.32,37.11594526,T,C,T,A,C,A,G,A,C,T,T,T,T,G,C,G,A,C,C,G,C,G,T,C,T,T,T,India,Rodi Garamseli,False,False,False,Neither
WATDE0227,T|C|T|A|G|C|G|A|G|A|C|G|G|C|T|C|T|T|T|C|G|G|G|C|G|C|C|G|A|A|C|C|G|A|C|C|C|C|G|C|C|T|C|G|C|C|C|T|G|C|T|C|A|T|T,Hap12,32.530461845,30.66,34.40092369,T,C,T,A,C,A,G,A,C,T,T,T,T,G,C,G,A,C,C,G,C,G,T,C,T,T,T,India,Pashmak,False,False,False,Neither
WATDE0228,T|C|T|A|G|C|G|A|G|A|C|G|G|C|T|C|T|T|T|C|G|G|G|C|G|C|C|G|A|A|C|C|G|A|C|C|C|C|G|C|C|T|C|G|C|C|C|T|G|C|T|C|A|T|T,Hap12,34.75666665,33.31,36.2033333,T,C,T,A,C,A,G,A,C,T,T,T,T,G,C,G,A,C,C,G,C,G,T,C,T,T,T,India,Pashmak,False,False,False,Neither
WATDE0229,C|C|T|A|G|C|G|A|G|A|C|G|G|C|T|A|T|T|T|C|G|G|G|C|G|C|C|G|A|A|C|C|G|A|C|C|C|C|G|C|C|T|C|G|C|C|C|T|G|C|T|C|C|T|T,Hap4,30.792786045,25.98,35.60557209,C,C,T,A,C,A,G,A,C,T,T,T,T,G,C,G,A,C,C,G,C,G,T,C,T,T,T,China,,False,False,False,Neither
WATDE0232,T|C|T|A|A|C|G|A|G|A|C|G|G|C|T|A|T|T|T|C|G|G|G|C|G|C|C|G|A|A|C|C|G|A|C|C|C|C|G|C|C|T|C|G|C|C|C|T|G|C|T|C|C|T|T,Hap3,40.14031414,35.59,44.69062828,T,C,T,A,C,A,G,A,C,T,T,T,T,G,C,G,A,C,C,G,C,G,T,C,T,T,T,Poland,Bialy Krzyz Ryxa,False,False,False,Neither
WATDE0233,T|C|T|A|G|C|G|A|G|A|C|G|G|C|T|A|T|T|T|C|G|G|G|C|G|C|C|G|A|A|C|C|G|A|C|C|C|C|G|C|C|T|C|G|C|C|C|T|G|C|C|C|C|T|T,Hap2,36.88732126,32.52,41.25464252,T,C,T,A,C,A,G,A,C,T,T,T,T,G,C,G,A,C,C,G,C,G,T,C,T,T,T,Poland,Hors Concurs,False,False,False,Neither
WATDE0234,T|C|T|A|G|C|G|A|G|A|C|A|G|C|T|A|T|T|T|C|G|G|G|C|G|C|C|G|A|A|C|C|G|A|C|C|C|C|G|C|C|T|C|G|C|C|C|T|G|C|T|C|C|T|T,Hap11,32.382875995,27.7,37.06575199,T,C,T,A,C,A,G,A,C,T,T,T,T,G,C,G,A,C,C,G,C,G,T,C,T,T,T,Poland,Kolben Heinego,False,False,False,Neither
WATDE0235,T|C|T|A|G|C|G|A|G|A|C|G|G|C|T|A|T|T|T|C|G|G|G|C|G|C|C|G|A|A|C|C|G|A|C|C|C|C|G|C|C|T|C|G|C|C|C|T|G|C|C|C|C|T|T,Hap2,44.019187665,41.34,46.69837533,T,C,T,A,C,A,G,A,C,T,T,T,T,G,C,G,A,C,C,G,C,G,T,C,T,T,T,Poland,Kitnouska,False,False,False,Neither
WATDE0236,T|C|T|A|A|C|G|A|G|A|C|G|G|C|T|A|T|T|T|C|G|G|G|C|G|C|C|G|A|A|C|C|G|A|C|C|C|C|G|C|C|T|C|G|C|C|C|T|G|C|T|C|C|T|T,Hap3,32.964467985,26.86,39.06893597,T,C,T,A,C,A,G,A,C,T,T,T,T,G,C,G,A,C,C,G,C,G,T,C,T,T,T,Italy,Flaksberger 21223,False,False,False,Neither
WATDE0237,T|C|T|A|A|C|G|A|G|A|C|G|G|C|T|A|T|T|T|C|G|G|G|C|G|C|C|G|A|A|C|C|G|A|C|C|C|C|G|C|C|T|C|G|C|C|C|T|G|C|T|C|C|T|T,Hap3,47.216405755,44.7,49.73281151,T,C,T,A,C,A,G,A,C,T,T,T,T,G,C,G,A,C,C,G,C,G,T,C,T,T,T,Italy,"Gentil Rossa, Flaksberger 19927",False,False,False,Neither
WATDE0238,T|C|T|A|G|C|G|A|G|A|C|G|G|C|T|A|T|T|T|C|G|G|G|C|G|C|C|G|A|A|C|C|G|A|C|C|C|C|G|C|C|T|C|G|C|C|C|T|G|C|C|C|C|T|T,Hap2,38.49390417,31.85,45.13780834,T,C,T,A,C,A,G,A,C,T,T,T,T,G,C,G,A,C,C,G,C,G,T,C,T,T,T,Italy,"Tipo Coronation R.95, Flaksberger 26539",False,False,False,Neither
WATDE0239,T|C|T|A|G|C|G|A|G|A|C|G|G|C|T|A|T|T|T|C|G|G|G|C|G|C|C|G|A|A|C|C|G|A|C|C|C|C|G|C|C|T|C|G|C|C|C|T|G|C|C|C|C|T|T,Hap2,33.258150165,26.01,40.50630033,T,C,T,A,C,A,G,A,C,T,T,T,T,G,C,G,A,C,C,G,C,G,T,C,T,T,T,France,Hâtif de Saône,False,False,False,Neither
WATDE0241,C|C|T|A|G|C|G|A|G|A|C|G|G|C|T|A|T|T|T|C|A|G|G|C|G|C|C|G|A|A|C|C|G|A|C|C|C|C|G|C|C|T|T|G|C|C|C|T|G|A|T|C|C|T|T,Hap5,36.473641555,33.6,39.34728311,C,C,T,A,C,A,G,A,C,T,T,T,T,G,C,G,A,C,C,G,C,G,T,C,T,T,T,France,Magnitot,False,False,False,Neither
WATDE0242,T|C|T|A|G|C|G|A|G|A|C|G|G|C|T|A|T|T|T|C|G|G|G|C|G|C|C|G|A|A|C|C|G|A|C|C|C|C|G|C|C|T|C|G|C|C|C|T|G|C|C|C|C|T|T,Hap2,49.637117185,46.11,53.16423437,T,C,T,A,C,A,G,A,C,T,T,T,T,G,C,G,A,C,C,G,C,G,T,C,T,T,T,France,D.D. Tourneur,False,False,False,Neither
WATDE0246,T|C|T|A|A|C|G|A|G|A|C|G|G|C|T|A|T|T|T|C|G|G|G|C|G|C|C|G|A|A|C|C|G|A|C|C|C|C|G|C|C|T|C|G|C|C|C|T|G|C|T|C|C|T|T,Hap3,48.22624546,43.74,52.71249092,T,C,T,A,C,A,G,A,C,T,T,T,T,G,C,G,A,C,C,G,C,G,T,C,T,T,T,Morocco,,False,False,False,Neither
WATDE0247,T|C|T|A|G|C|G|A|G|A|C|G|G|C|T|C|T|T|T|C|G|G|G|C|G|C|C|G|A|A|C|C|G|A|C|C|C|C|G|C|C|T|C|G|C|C|C|T|G|C|T|C|C|T|T,Hap6,43.16316271,38.51,47.81632542,T,C,T,A,C,A,G,A,C,T,T,T,T,G,C,G,A,C,C,G,C,G,T,C,T,T,T,Turkey,,False,False,False,Neither
WATDE0248,T|C|T|A|G|C|G|A|G|A|C|G|G|C|T|A|T|T|T|C|G|G|G|C|G|C|C|G|A|A|C|C|G|A|C|C|C|C|G|C|C|T|C|G|C|C|C|T|G|C|C|C|C|T|T,Hap2,37.076818495,29.39,44.76363699,T,C,T,A,C,A,G,A,C,T,T,T,T,G,C,G,A,C,C,G,C,G,T,C,T,T,T,Spain,Trigo blancos,False,False,False,Neither
WATDE0249,T|C|T|A|G|C|G|A|G|A|C|G|G|C|T|A|T|T|T|C|G|G|G|C|G|C|C|G|A|A|C|C|G|A|C|C|C|C|G|C|C|T|C|G|C|C|C|T|G|C|C|C|C|T|T,Hap2,44.150203155,40.84,47.46040631,T,C,T,A,C,A,G,A,C,T,T,T,T,G,C,G,A,C,C,G,C,G,T,C,T,T,T,Yugoslavia,,False,False,False,Neither
WATDE0250,T|C|T|A|G|C|G|A|G|A|C|G|G|C|T|A|T|T|T|C|G|G|G|C|G|C|C|G|A|A|C|C|G|A|C|C|C|C|G|C|C|T|C|G|C|C|C|T|G|C|T|C|C|T|T,Hap1,42.08541544,40.37,43.80083088,T,C,T,A,C,A,G,A,C,T,T,T,T,G,C,G,A,C,C,G,C,G,T,C,T,T,T,Yugoslavia,,False,False,False,Neither
WATDE0252,T|C|T|A|A|C|G|A|G|A|C|G|G|C|T|A|T|T|T|C|G|G|G|C|G|C|C|G|A|A|C|C|G|A|C|C|C|C|G|C|C|T|C|G|C|C|C|T|G|C|T|C|C|T|T,Hap3,43.82579128,41.3,46.35158256,T,C,T,A,C,A,G,A,C,T,T,T,T,G,C,G,A,C,C,G,C,G,T,C,T,T,T,Spain,,False,False,False,Neither
WATDE0253,T|C|T|A|A|C|G|A|G|A|C|G|G|C|T|A|T|T|T|C|G|G|G|C|G|C|C|G|A|A|C|C|G|A|C|C|C|C|G|C|C|T|C|G|C|C|C|T|G|C|T|C|C|T|T,Hap3,44.090011865,41.29,46.89002373,T,C,T,A,C,A,G,A,C,T,T,T,T,G,C,G,A,C,C,G,C,G,T,C,T,T,T,Spain,Trigo môcho (sin raspa),False,False,False,Neither
WATDE0254,C|C|T|A|G|C|G|A|G|A|C|G|G|C|T|A|T|T|T|C|G|G|G|C|G|C|C|G|A|A|C|C|G|A|C|C|C|C|G|C|C|T|C|G|C|C|C|T|G|C|T|C|C|T|T,Hap4,34.91871022,24.8,45.03742044,C,C,T,A,C,A,G,A,C,T,T,T,T,G,C,G,A,C,C,G,C,G,T,C,T,T,T,Portugal,Trigo Colonial,False,False,False,Neither
WATDE0257,C|C|T|A|G|C|G|A|G|A|C|G|G|C|T|A|T|T|T|C|A|G|G|C|G|C|C|G|A|A|C|C|G|A|C|C|C|C|G|C|C|T|T|G|C|C|C|T|G|A|T|C|C|T|T,Hap5,39.01114753,35.02,43.00229506,C,C,T,A,C,A,G,A,C,T,T,T,T,G,C,G,A,C,C,G,C,G,T,C,T,T,T,Australia,,False,False,False,Neither
WATDE0260,T|C|T|A|G|C|G|A|G|A|C|A|G|C|T|A|T|T|T|C|G|G|G|C|G|C|C|G|A|A|C|C|G|A|C|C|C|C|G|C|C|T|C|G|C|C|C|T|G|C|T|C|C|T|T,Hap11,44.72307312,43.09,46.35614624,T,C,T,A,C,A,G,A,C,T,T,T,T,G,C,G,A,C,C,G,C,G,T,C,T,T,T,Australia,,False,False,False,Neither
WATDE0263,T|C|T|A|G|C|G|A|G|A|C|G|G|C|T|A|T|T|T|C|G|G|G|C|G|C|C|G|A|A|C|C|G|A|C|C|C|C|G|C|C|T|C|G|C|C|C|T|G|C|T|C|C|T|T,Hap1,34.925256335,33.2,36.65051267,T,C,T,A,C,A,G,A,C,T,T,T,T,G,C,G,A,C,C,G,C,G,T,C,T,T,T,India,Federation,False,False,False,Neither
WATDE0264,T|C|T|A|G|C|G|A|G|A|C|A|G|C|T|A|T|T|T|C|G|G|G|C|G|C|C|G|A|A|C|C|G|A|C|C|C|C|G|C|C|T|C|G|C|C|C|T|G|C|T|C|C|T|T,Hap11,40.450011785,34.01,46.89002357,T,C,T,A,C,A,G,A,C,T,T,T,T,G,C,G,A,C,C,G,C,G,T,C,T,T,T,India,Phundi,False,False,False,Neither
WATDE0266,T|C|T|A|G|C|G|A|G|A|C|G|G|C|T|A|T|T|T|C|G|G|G|C|G|C|C|G|A|A|C|C|G|A|C|C|C|C|G|C|C|T|C|G|C|C|C|T|G|C|T|C|C|T|T,Hap1,37.158289785,32.56,41.75657957,T,C,T,A,C,A,G,A,C,T,T,T,T,G,C,G,A,C,C,G,C,G,T,C,T,T,T,India,,False,False,False,Neither
WATDE0268,T|C|T|A|A|C|G|A|G|A|C|G|G|C|T|A|T|T|T|C|G|G|G|C|G|C|C|G|A|A|C|C|G|A|C|C|C|C|G|C|C|T|C|G|C|C|C|T|G|C|T|C|C|T|T,Hap3,44.31806146,39.93,48.70612292,T,C,T,A,C,A,G,A,C,T,T,T,T,G,C,G,A,C,C,G,C,G,T,C,T,T,T,Spain,Marquis,False,False,False,Neither
WATDE0270,T|C|T|A|A|C|G|A|G|A|C|G|G|C|T|A|T|T|T|C|G|G|G|C|G|C|C|G|A|A|C|C|G|A|C|C|C|C|G|C|C|T|C|G|C|C|C|T|G|C|T|C|C|T|T,Hap3,42.536928825,38.015,47.05885765,T,C,T,A,C,A,G,A,C,T,T,T,T,G,C,G,A,C,C,G,C,G,T,C,T,T,T,Unknown,,False,False,False,Neither
WATDE0271,C|C|T|A|G|C|G|A|G|A|C|G|G|C|T|A|T|T|T|C|A|G|G|C|G|C|C|G|A|A|C|C|G|A|C|C|C|C|G|C|C|T|C/T|G|C|C|C|T|G|A|T|C|C|T|T,Hap18,38.90783434,32.29,45.52566868,C,C,T,A,C,A,G,A,C,T,T,T,T,G,C,G,A,C,C,G,C,G,T,C,T,T,T,Australia,Union,False,False,False,Neither
WATDE0272,C|C|T|A|G|C|G|A|G|A|C|G|G|C|T|A|T|T|T|C|A|G|G|C|G|C|C|G|A|A|C|C|G|A|C|C|C|C|G|C|C|T|T|G|C|C|C|T|G|A|T|C|C|T|T,Hap5,42.50108191,38.5,46.50216382,C,C,T,A,C,A,G,A,C,T,T,T,T,G,C,G,A,C,C,G,C,G,T,C,T,T,T,Australia,Waratah,False,False,False,Neither
WATDE0273,T|C|T|A|G|C|G|A|G|A|C|A|G|C|T|A|T|T|T|C|G|G|G|C|G|C|C|G|A|A|C|C|G|A|C|C|C|C|G|C|C|T|C|G|C|C|C|T|G|C|T|C|C|T|T,Hap11,43.255640325,39.06,47.45128065,T,C,T,A,C,A,G,A,C,T,T,T,T,G,C,G,A,C,C,G,C,G,T,C,T,T,T,Australia,Bena,False,False,False,Neither
WATDE0275,T|C|T|A|A|C|G|A|G|A|C|G|G|C|T|A|T|T|T|C|G|G|G|C|G|C|C|G|A|A|C|C|G|A|C|C|C|C|G|C|C|T|C|G|C|C|C|T|G|C|T|C|C|T|T,Hap3,36.526006095,30.83,42.22201219,T,C,T,A,C,A,G,A,C,T,T,T,T,G,C,G,A,C,C,G,C,G,T,C,T,T,T,Australia,Canberra,False,False,False,Neither
WATDE0276,T|C|T|A|G|C|G|A|G|A|C|G|G|C|T|A|T|T|T|C|G|G|G|C|G|C|C|G|A|A|C|C|G|A|C|C|C|C|G|C|C|T|C|G|C|C|C|T|G|C|C|C|C|T|T,Hap2,43.341809285,40.04,46.64361857,T,C,T,A,C,A,G,A,C,T,T,T,T,G,C,G,A,C,C,G,C,G,T,C,T,T,T,Australia,Exquisite,False,False,False,Neither
WATDE0277,T|C|T|A|G|C|G|A|G|A|C|A|G|C|T|A|T|T|T|C|G|G|G|C|G|C|C|G|A|A|C|C|G|A|C|C|C|C|G|C|C|T|C|G|C|C|C|T|G|C|T|C|C|T|T,Hap11,41.014537155,37.27,44.75907431,T,C,T,A,C,A,G,A,C,T,T,T,T,G,C,G,A,C,C,G,C,G,T,C,T,T,T,Australia,Federation,False,False,False,Neither
WATDE0278,C|C|T|A|G|C|G|A|G|A|C|G|G|C|T|A|T|T|T|C|A|G|G|C|G|C|C|G|A|A|C|C|G|A|C|C|C|C|G|C|C|T|T|G|C|C|C|T|G|A|T|C|C|T|T,Hap5,37.663537625,34.62,40.70707525,C,C,T,A,C,A,G,A,C,T,T,T,T,G,C,G,A,C,C,G,C,G,T,C,T,T,T,Australia,Duchess,False,False,False,Neither
WATDE0280,T|C|T|A|A|C|G|A|G|A|C|G|G|C|T|A|T|T|T|C|G|G|G|C|G|C|C|G|A|A|C|C|G|A|C|C|C|C|G|C|C|T|C|G|C|C|C|T|G|C|T|C|C|T|T,Hap3,46.73256546,42.66,50.80513092,T,C,T,A,C,A,G,A,C,T,T,T,T,G,C,G,A,C,C,G,C,G,T,C,T,T,T,Turkey,,False,False,False,Neither
WATDE0281,T|C|T|A|A|C|G|A|G|A|C|G|G|C|T|A|T|T|T|C|G|G|G|C|G|C|C|G|A|A|C|C|G|A|C|C|C|C|G|C|C|T|C|G|C|C|C|T|G|C|T|C|C|T|T,Hap3,46.46887859,42.63,50.30775718,T,C,T,A,C,A,G,A,C,T,T,T,T,G,C,G,A,C,C,G,C,G,T,C,T,T,T,Morocco,Recio,False,False,False,Neither
WATDE0282,T|C|T|A|A|C|G|A|G|A|C|G|G|C|T|A|T|T|T|C|G|G|G|C|G|C|C|G|A|A|C|C|G|A|C|C|C|C|G|C|C|T|C|G|C|C|C|T|G|C|T|C|C|T|T,Hap3,36.46,36.46,,T,C,T,A,C,A,G,A,C,T,T,T,T,G,C,G,A,C,C,G,C,G,T,C,T,T,T,Spain,,False,False,False,Neither
WATDE0284,T|C|T|A|G|C|G|A|G|A|C|G|G|C|T|A|T|T|T|C|G|G|G|C|G|C|C|G|A|A|C|C|G|A|C|C|C|C|G|C|C|T|C|G|C|C|C|T|G|C|C|C|C|T|T,Hap2,41.641948735,35.39,47.89389747,T,C,T,A,C,A,G,A,C,T,T,T,T,G,C,G,A,C,C,G,C,G,T,C,T,T,T,Spain,Buen labrador,False,False,False,Neither
WATDE0285,C|C|T|A|G|C|G|A|G|A|C|G|G|C|T|A|T|T|T|C|G|G|G|C|G|C|C|G|A|A|C|C|G|A|C|C|C|C|G|C|C|T|C|G|C|C|C|T|G|C|T|C|C|T|T,Hap4,38.57101265,36.33,40.8120253,C,C,T,A,C,A,G,A,C,T,T,T,T,G,C,G,A,C,C,G,C,G,T,C,T,T,T,Spain,Aurora,False,False,False,Neither
WATDE0287,C|C|T|A|G|C|G|A|G|A|C|G|G|C|T|A|T|T|T|C|A|G|G|C|G|C|C|G|A|A|C|C|G|A|C|C|C|C|G|C|C|T|T|G|C|C|C|T|G|A|T|C|C|T|T,Hap5,41.59492667000001,38.7,44.48985334,C,C,T,A,C,A,G,A,C,T,T,T,T,G,C,G,A,C,C,G,C,G,T,C,T,T,T,Australia,,False,False,False,Neither
WATDE0288,T|C|T|A|G|C|G|A|G|A|C|G|G|C|T|A|T|T|T|C|G|G|G|C|G|C|C|G|A|A|C|C|G|A|C|C|C|C|G|C|C|T|C|G|C|C|C|T|G|C|T|C|C|T|T,Hap1,35.64260071,32.595,38.69020142,T,C,T,A,C,A,G,A,C,T,T,T,T,G,C,G,A,C,C,G,C,G,T,C,T,T,T,United Kingdom,,False,False,False,Neither
WATDE0291,T|C|T|A|A|C|G|A|G|A|C|G|G|C|T|A|T|T|T|C|G|G|G|C|G|C|C|G|A|A|C|C|G|A|C|C|C|C|G|C|C|T|C|G|C|C|C|T|G|C|T|C|C|T|T,Hap3,49.751767885,44.4,55.10353577,T,C,T,A,C,A,G,A,C,T,T,T,T,G,C,G,A,C,C,G,C,G,T,C,T,T,T,Portugal,Trigo Brancal,False,False,False,Neither
WATDE0292,C|C|C|G|G|A|A|G|A|A|G|G|G|C|A|A|G|G|C|C|G|G|G|T|G|T|T|A|G|G|T|C|A|T|T|C|C|T|A|C|T|C|C|G|T|T|T|C|T|C|T|C|C|T|C,Hap7,42.137007675,38.47,45.80401535,C,C,C,G,A,G,A,A,C,A,G,G,C,G,T,A,G,T,C,A,C,A,C,T,C,T,C,Portugal,Trigo luanco rijo,True,False,False,PublishedOnly
WATDE0293,T|C|T|A|G|C|G|A|G|A|C|G|G|C|T|A|T|T|T|C|G|G|G|C|G|C|C|G|A|A|C|C|G|A|C|C|C|C|G|C|C|T|C|G|C|C|C|T|G|C|C|C|C|T|T,Hap2,43.866617905,41.66,46.07323581,T,C,T,A,C,A,G,A,C,T,T,T,T,G,C,G,A,C,C,G,C,G,T,C,T,T,T,Portugal,Trigo mole da regiad,False,False,False,Neither
WATDE0294,T|C|T|A|G|C|G|A|G|A|C|G|G|C|T|A|T|T|T|C|G|G|G|C|G|C|C|G|A|A|C|C|G|A|C|C|C|C|G|C|C|T|C|G|C|C|C|T|G|C|C|C|C|T|T,Hap2,39.98332534,35.6,44.36665068,T,C,T,A,C,A,G,A,C,T,T,T,T,G,C,G,A,C,C,G,C,G,T,C,T,T,T,Portugal,Trigo Marques on Pero Espuna,False,False,False,Neither
WATDE0296,T|C|T|A|G|C|G|A|G|A|C|G|G|C|T|A|T|T|T|C|G|G|G|C|G|C|C|G|A|A|C|C|G|A|C|C|C|C|G|C|C|T|C|G|C|C|C|T|G|C|C|C|C|T|T,Hap2,42.86461603,42.225,43.50423206,T,C,T,A,C,A,G,A,C,T,T,T,T,G,C,G,A,C,C,G,C,G,T,C,T,T,T,Yugoslavia,Native winter,False,False,False,Neither
WATDE0298,T|C|T|A|G|C|G|A|G|A|C|G|G|C|T|A|T|T|T|C|G|G|G|C|G|C|C|G|A|A|C|C|G|A|C|C|C|C|G|C|C|T|C|G|C|C|C|T|G|C|T|C|C|T|T,Hap1,42.582397365000006,39.63,45.53479473,T,C,T,A,C,A,G,A,C,T,T,T,T,G,C,G,A,C,C,G,C,G,T,C,T,T,T,Yugoslavia,Somod Golica winter St. 1/14,False,False,False,Neither
WATDE0299,T|C|T|A|G|C|G|A|G|A|C|G|G|C|T|A|T|T|T|C|G|G|G|C|G|C|C|G|A|A|C|C|G|A|C|C|C|C|G|C|C|T|C|G|C|C|C|T|G|C|T|C|C|T|T,Hap1,41.087347795,36.43,45.74469559,T,C,T,A,C,A,G,A,C,T,T,T,T,G,C,G,A,C,C,G,C,G,T,C,T,T,T,Greece,Narrow Karabash,False,False,False,Neither
WATDE0301,T|C|T|A|G|C|G|A|G|A|C|G|G|C|T|A|T|T|T|C|G|G|G|C|G|C|C|G|A|A|C|C|G|A|C|C|C|C|G|C|C|T|C|G|C|C|C|T|G|C|T|C|C|T|T,Hap1,47.44962224,47.74,47.15924448,T,C,T,A,C,A,G,A,C,T,T,T,T,G,C,G,A,C,C,G,C,G,T,C,T,T,T,Bulgaria,Constantin,False,False,False,Neither
WATDE0302,T|C|T|A|G|C|G|A|G|A|C|G|G|C|T|A|T|T|T|C|G|G|G|C|G|C|C|G|A|A|C|C|G|A|C|C|C|C|G|C|C|T|C|G|C|C|C|T|G|C|T|C|C|T|T,Hap1,44.357622015,39.53,49.18524403,T,C,T,A,C,A,G,A,C,T,T,T,T,G,C,G,A,C,C,G,C,G,T,C,T,T,T,Spain,Rico de Ituren,False,False,False,Neither
WATDE0303,T|C|T|A|G|C|G|A|G|A|C|G|G|C|T|A|T|T|T|C|G|G|G|C|G|C|C|G|A|A|C|C|G|A|C|C|C|C|G|C|C|T|C|G|C|C|C|T|G|C|C|C|C|T|T,Hap2,40.34083622,33.6,47.08167244,T,C,T,A,C,A,G,A,C,T,T,T,T,G,C,G,A,C,C,G,C,G,T,C,T,T,T,Spain,Moro,False,False,False,Neither
WATDE0305,T|C|T|A|G|C|G|A|G|A|C|G|G|C|T|A|T|T|T|C|G|G|G|C|G|C|C|G|A|A|C|C|G|A|C|C|C|C|G|C|C|T|C|G|C|C|C|T|G|C|C|C|C|T|T,Hap2,42.085590695,36.51,47.66118139,T,C,T,A,C,A,G,A,C,T,T,T,T,G,C,G,A,C,C,G,C,G,T,C,T,T,T,India,Bhawarwall,False,False,False,Neither
WATDE0306,T|C|T|A|G|C|G|A|G|A|C|G|G|C|T|A|T|T|T|C|G|G|G|C|G|C|C|G|A|A|C|C|G|A|C|C|C|C|G|C|C|T|C|G|C|C|C|T|G|C|T|C|C|T|T,Hap1,42.762543645,40.15,45.37508729,T,C,T,A,C,A,G,A,C,T,T,T,T,G,C,G,A,C,C,G,C,G,T,C,T,T,T,India,Ka,False,False,False,Neither
WATDE0308,T|C|T|A|G|C|G|A|G|A|C|G|G|C|T|A|T|T|T|C|G|G|G|C|G|C|C|G|A|A|C|C|G|A|C|T|C|C|G|T|C|T|C|G|C|C|C|T|G|C|T|C|C|T|T,Hap10,31.595,31.595,,T,C,T,A,C,A,G,A,C,T,T,T,T,G,C,G,A,C,C,G,C,G,T,C,T,T,T,India,Meerutti Desi,False,False,False,Neither
WATDE0310,C|T|C|G|G|A|G|G|A|G|C|G|G|T|A|A|G|G|C|C|G|G|A|C|G|T|C|A|A|G|T|T|A|A|C|C|T|C|A|C|C|C|C|G|C|T|C|C|G|C|T|C|C|C|C,Hap8,38.707023745,34.9,42.51404749,C,T,C,G,A,G,A,G,T,A,G,G,C,A,T,A,G,T,T,A,T,A,C,T,C,C,C,India,Thori,True,True,True,Published+Background
WATDE0312,T|C|T|A|G|C|G|A|G|A|C|G|G|C|T|A|T|T|T|C|G|G|G|C|G|C|C|G|A|A|C|C|G|A|C|T|C|C|G|T|C|T|C|G|C|C|C|T|G|C|T|C|C|T|T,Hap10,32.15240331,29.84,34.46480662,T,C,T,A,C,A,G,A,C,T,T,T,T,G,C,G,A,C,C,G,C,G,T,C,T,T,T,China,,False,False,False,Neither
WATDE0313,T|C|T|A|G|C|G|A|G|A|C|G|G|C|T|A|T|T|T|C|G|G|G|C|G|C|C|G|A|A|C|C|G|A|C|C|C|C|G|C|C|T|C|G|C|C|C|T|G|C|C|C|C|T|T,Hap2,44.42437216,40.17,48.67874432,T,C,T,A,C,A,G,A,C,T,T,T,T,G,C,G,A,C,C,G,C,G,T,C,T,T,T,China,,False,False,False,Neither
WATDE0315,C|T|C|G|G|A|G|G|A|G|C|G|G|T|A|A|G|G|C|C|G|G|A|C|G|T|C|A|A|G|T|T|A|A|C|C|T|C|A|C|C|C|C|G|C|T|C|C|G|C|T|C|C|C|C,Hap8,37.550228785,32.81,42.29045757,C,T,C,G,A,G,A,G,T,A,G,G,C,A,T,A,G,T,T,A,T,A,C,T,C,C,C,China,,True,True,True,Published+Background
WATDE0316,T|C|T|A|A|C|G|A|G|A|C|G|G|C|T|A|T|T|T|C|G|G|G|C|G|C|C|G|A|A|C|C|G|A|C|C|C|C|G|C|C|T|C|G|C|C|C|T|G|C|T|C|C|T|T,Hap3,28.89103361,21.2,36.58206722,T,C,T,A,C,A,G,A,C,T,T,T,T,G,C,G,A,C,C,G,C,G,T,C,T,T,T,China,,False,False,False,Neither
WATDE0317,C|C|T|A|G|C|G|A|G|A|C|G|G|C|T|A|T|T|T|C|A|G|G|C|G|C|C|G|A|A|C|C|G|A|C|C|C|C|G|C|C|T|T|G|C|C|C|T|G|A|T|C|C|T|T,Hap5,47.98166934,45.505,50.45833868,C,C,T,A,C,A,G,A,C,T,T,T,T,G,C,G,A,C,C,G,C,G,T,C,T,T,T,India,Bhawarwall,False,False,False,Neither
WATDE0318,C|C|T|A|G|C|G|A|G|A|C|G|G|C|T|A|T|T|T|C|A|G|G|C|G|C|C|G|A|A|C|C|G|A|C|C|C|C|G|C|C|T|T|G|C|C|C|T|G|A|T|C|C|T|T,Hap5,46.11335641,44.31,47.91671282,C,C,T,A,C,A,G,A,C,T,T,T,T,G,C,G,A,C,C,G,C,G,T,C,T,T,T,Australia,Teakles Red,False,False,False,Neither
WATDE0321,T|C|T|A|A|C|G|A|G|A|C|G|G|C|T|A|T|T|T|C|G|G|G|C|G|C|C|G|A|A|C|C|G|A|C|C|C|C|G|C|C|T|C|G|C|C|C|T|G|C|T|C|C|T|T,Hap3,45.651669865,45.91,45.39333973,T,C,T,A,C,A,G,A,C,T,T,T,T,G,C,G,A,C,C,G,C,G,T,C,T,T,T,China,,False,False,False,Neither
WATDE0323,T|C|T|A|G|C|G|A|G|A|C|A|G|C|T|A|T|T|T|C|G|G|G|C|G|C|C|G|A|A|C|C|G|A|C|C|C|C|G|C|C|T|C|G|C|C|C|T|G|C|T|C|C|T|T,Hap11,33.180668075,24.55,41.81133615,T,C,T,A,C,A,G,A,C,T,T,T,T,G,C,G,A,C,C,G,C,G,T,C,T,T,T,Afghanistan,,False,False,False,Neither
WATDE0324,C|C|C|G|G|A|A|G|A|A|G|G|G|C|A|A|G|G|C|C|G|A|G|T|G|T|T|A|G|G|T|C|A|T|T|C|C|T|A|C|T|C|C|G|T|T|T|C|T|C|T|C|C|T|C,Hap15,39.32,39.32,,C,C,C,G,A,G,A,A,C,A,G,G,C,G,T,A,G,T,C,A,C,A,C,T,C,T,C,Portugal,Camara's no. 3,True,False,False,PublishedOnly
WATDE0328,T|C|T|A|G|C|G|A|G|A|C|G|G|C|T|A|T|T|T|C|G|G|G|C|G|C|C|G|A|A|C|C|G|A|C|C|C|C|G|C|C|T|C|G|C|C|C|T|G|C|T|C|C|T|T,Hap1,39.43353608,28.03,50.83707216,T,C,T,A,C,A,G,A,C,T,T,T,T,G,C,G,A,C,C,G,C,G,T,C,T,T,T,Unknown,,False,False,False,Neither
WATDE0331,T|C|T|A|A|C|G|A|G|A|C|G|G|C|T|A|T|T|T|C|G|G|G|C|G|C|C|G|A|A|C|C|G|A|C|C|C|C|G|C|C|T|C|G|C|C|C|T|G|C|T|C|C|T|T,Hap3,38.479402085,34.39,42.56880417,T,C,T,A,C,A,G,A,C,T,T,T,T,G,C,G,A,C,C,G,C,G,T,C,T,T,T,Poland,Superelekta Kleszczynskich,False,False,False,Neither
WATDE0332,T|C|T|A|G|C|G|A|G|A|C|G|G|C|T|A|T|T|T|C|G|G|G|C|G|C|C|G|A|A|C|C|G|A|C|C|C|C|G|C|C|T|C|G|C|C|C|T|G|C|T|C|C|T|T,Hap1,32.665308710000005,29.36,35.97061742,T,C,T,A,C,A,G,A,C,T,T,T,T,G,C,G,A,C,C,G,C,G,T,C,T,T,T,Poland,Extra Kolben Heinego,False,False,False,Neither
WATDE0333,T|C|T|A|G|C|G|A|G|A|C|G|G|C|T|A|T|T|T|C|G|G|G|C|G|C|C|G|A|A|C|C|G|A|C|C|C|C|G|C|C|T|C|G|C|C|C|T|G|C|T|C|C|T|T,Hap1,33.47850902,30.27,36.68701804,T,C,T,A,C,A,G,A,C,T,T,T,T,G,C,G,A,C,C,G,C,G,T,C,T,T,T,Poland,Surka Cezostna,False,False,False,Neither
WATDE0336,T|C|T|A|G|C|G|A|G|A|C|G|G|C|T|A|T|T|T|C|G|G|G|C|G|C|C|G|A|A|C|C|G|A|C|C|C|C|G|C|C|T|C|G|C|C|C|T|G|C|T|C|C|T|T,Hap1,45.409131335,42.5,48.31826267,T,C,T,A,C,A,G,A,C,T,T,T,T,G,C,G,A,C,C,G,C,G,T,C,T,T,T,Italy,Flaksberger 21222,False,False,False,Neither
WATDE0337,T|C|T|A|G|C|G|A|G|A|C|G|G|C|T|A|T|T|T|C|G|G|G|C|G|C|C|G|A|A|C|C|G|A|C|C|C|C|G|C|C|T|C|G|C|C|C|T|G|C|C|C|C|T|T,Hap2,39.88017012500001,35.38,44.38034025,T,C,T,A,C,A,G,A,C,T,T,T,T,G,C,G,A,C,C,G,C,G,T,C,T,T,T,France,Japhet Alsace,False,False,False,Neither
WATDE0342,T|C|T|A|A|C|G|A|G|A|C|G|G|C|T|A|T|T|T|C|G|G|G|C|G|C|C|G|A|A|C|C|G|A|C|C|C|C|G|C|C|T|C|G|C|C|C|T|G|C|T|C|C|T|T,Hap3,38.21564301,,38.21564301,T,C,T,A,C,A,G,A,C,T,T,T,T,G,C,G,A,C,C,G,C,G,T,C,T,T,T,France,Rouge des Ardennes,False,False,False,Neither
WATDE0343,T|C|T|A|A|C|G|A|G|A|C|G|G|C|T|A|T|T|T|C|G|G|G|C|G|C|C|G|A|A|C|C|G|A|C|C|C|C|G|C|C|T|C|G|C|C|C|T|G|C|T|C|C|T|T,Hap3,46.95638713,40.42,53.49277426,T,C,T,A,C,A,G,A,C,T,T,T,T,G,C,G,A,C,C,G,C,G,T,C,T,T,T,France,Way,False,False,False,Neither
WATDE0344,T|C|T|A|G|C|G|A|G|A|C|G|G|C|T|A|T|T|T|C|G|G|G|C|G|C|C|G|A|A|C|C|G|A|C|C|C|C|G|C|C|T|C|G|C|C|C|T|G|C|C|C|C|T|T,Hap2,42.078363705,37.65,46.50672741,T,C,T,A,C,A,G,A,C,T,T,T,T,G,C,G,A,C,C,G,C,G,T,C,T,T,T,France,Wilson jaune,False,False,False,Neither
WATDE0345,T|C|T|A|G|C|G|A|G|A|C|G|G|C|T|A|T|T|T|C|G|G|G|C|G|C|C|G|A|A|C|C|G|A|C|C|C|C|G|C|C|T|C|G|C|C|C|T|G|C|C|C|C|T|T,Hap2,42.794572555,38.22,47.36914511,T,C,T,A,C,A,G,A,C,T,T,T,T,G,C,G,A,C,C,G,C,G,T,C,T,T,T,France,Rouge de Bordeaux,False,False,False,Neither
WATDE0347,T|C|T|A|G|C|G|A|G|A|C|G|G|C|T|C|T|T|T|C|G|G|G|C|G|C|C|G|A|A|C|C|G|A|C|C|C|C|G|C|C|T|C|G|C|C|C|T|G|C|T|C|C|T|T,Hap6,35.512672825,32.18,38.84534565,T,C,T,A,C,A,G,A,C,T,T,T,T,G,C,G,A,C,C,G,C,G,T,C,T,T,T,Unknown,Benefactor,False,False,False,Neither
WATDE0348,T|C|T|A|A|C|G|A|G|A|C|G|G|C|T|A|T|T|T|C|G|G|G|C|G|C|C|G|A|A|C|C|G|A|C|C|C|C|G|C|C|T|C|G|C|C|C|T|G|C|T|C|C|T|T,Hap3,35.52586858,30.55,40.50173716,T,C,T,A,C,A,G,A,C,T,T,T,T,G,C,G,A,C,C,G,C,G,T,C,T,T,T,India,Mundia,False,False,False,Neither
WATDE0350,T|C|T|A|G|C|G|A|G|A|C|G|G|C|T|A|T|T|T|C|G|G|G|C|G|C|C|G|A|A|C|C|G|A|C|C|C|C|G|C|C|T|C|G|C|C|C|T|G|C|T|C|C|T|T,Hap1,43.06801857,38.63,47.50603714,T,C,T,A,C,A,G,A,C,T,T,T,T,G,C,G,A,C,C,G,C,G,T,C,T,T,T,India,Mundia,False,False,False,Neither
WATDE0354,T|C|T|A|G|C|G|A|G|A|C|G|G|C|T|A|T|T|T|C|G|G|G|C|G|C|C|G|A|A|C|C|G|A|C|C|C|C|G|C|C|T|C|G|C|C|C|T|G|C|T|C|C|T|T,Hap1,35.328927345,30.22,40.43785469,T,C,T,A,C,A,G,A,C,T,T,T,T,G,C,G,A,C,C,G,C,G,T,C,T,T,T,Spain,Manitoba velloso,False,False,False,Neither
WATDE0355,T|C|T|A|A|C|G|A|G|A|C|G|G|C|T|A|T|T|T|C|G|G|G|C|G|C|C|G|A|A|C|C|G|A|C|C|C|C|G|C|C|T|C|G|C|C|C|T|G|C|T|C|C|T|T,Hap3,27.1408895,18.01,36.271779,T,C,T,A,C,A,G,A,C,T,T,T,T,G,C,G,A,C,C,G,C,G,T,C,T,T,T,India,,False,False,False,Neither
WATDE0356,T|C|T|A|A|C|G|A|G|A|C|G|G|C|T|A|T|T|T|C|G|G|G|C|G|C|C|G|A|A|C|C|G|A|C|C|C|C|G|C|C|T|C|G|C|C|C|T|G|C|T|C|C|T|T,Hap3,32.800795005,29.85,35.75159001,T,C,T,A,C,A,G,A,C,T,T,T,T,G,C,G,A,C,C,G,C,G,T,C,T,T,T,India,Gahu (Nepali) or Kyo (Sikkimese),False,False,False,Neither
WATDE0358,T|C|T|A|A|C|G|A|G|A|C|G|G|C|T|A|T|T|T|C|G|G|G|C|G|C|C|G|A|A|C|C|G|A|C|C|C|C|G|C|C|T|C|G|C|C|C|T|G|C|T|C|C|T|T,Hap3,32.480752255,30.41,34.55150451,T,C,T,A,C,A,G,A,C,T,T,T,T,G,C,G,A,C,C,G,C,G,T,C,T,T,T,India,Boojri,False,False,False,Neither
WATDE0361,T|C|T|A|G|C|G|A|G|A|C|G|G|C|T|A|T|T|T|T|G|G|G|C|G|C|C|G|A|A|C|C|G|A|C|C|C|C|G|C|C|T|C|A|C|C|C|T|G|C|T|C|C|T|T,Hap16,31.54782405,25.35,37.7456481,T,C,T,A,C,A,G,A,C,T,T,T,T,G,C,G,A,C,C,G,C,G,T,C,T,T,T,Iran,Autumn wheat,False,False,False,Neither
WATDE0365,T|C|T|A|G|C|G|A|G|A|C|G|G|C|T|A|T|T|T|T|G|G|G|C|G|C|C|G|A|A|C|C|G|A|C|C|C|C|G|C|C|T|C|A|C|C|C|T|G|C|T|C|C|T|T,Hap16,36.671066925,33.68,39.66213385,T,C,T,A,C,A,G,A,C,T,T,T,T,G,C,G,A,C,C,G,C,G,T,C,T,T,T,India,Dolatkhani (white),False,False,False,Neither
WATDE0366,T|C|T|A|A|C|G|A|G|A|C|G|G|C|T|A|T|T|T|C|G|G|G|C|G|C|C|G|A|A|C|C|G|A|C|C|C|C|G|C|C|T|C|G|C|C|C|T|G|C|T|C|C|T|T,Hap3,40.513223885,35.77,45.25644777,T,C,T,A,C,A,G,A,C,T,T,T,T,G,C,G,A,C,C,G,C,G,T,C,T,T,T,France,Blé Seigle,False,False,False,Neither
WATDE0368,T|C|T|A|G|C|G|A|G|A|C|G|G|C|T|A|T|T|T|C|G|G|G|C|G|C|C|G|A|A|C|C|G|A|C|C|C|C|G|C|C|T|C|G|C|C|C|T|G|C|C|C|C|T|T,Hap2,39.82755515,36.63,43.0251103,T,C,T,A,C,A,G,A,C,T,T,T,T,G,C,G,A,C,C,G,C,G,T,C,T,T,T,Morocco,,False,False,False,Neither
WATDE0369,T|C|T|A|A|C|G|A|G|A|C|G|G|C|T|A|T|T|T|C|G|G|G|C|G|C|C|G|A|A|C|C|G|A|C|C|C|C|G|C|C|T|C|G|C|C|C|T|G|C|T|C|C|T|T,Hap3,43.227876805,39.73,46.72575361,T,C,T,A,C,A,G,A,C,T,T,T,T,G,C,G,A,C,C,G,C,G,T,C,T,T,T,Morocco,Mahan,False,False,False,Neither
WATDE0370,T|C|T|A|G|C|G|A|G|A|C|G|G|C|T|A|T|T|T|C|G|G|G|C|G|C|C|G|A|A|C|C|G|A|C|C|C|C|G|C|C|T|C|G|C|C|C|T|G|C|T|C|C|T|T,Hap1,42.230984955,38.01,46.45196991,T,C,T,A,C,A,G,A,C,T,T,T,T,G,C,G,A,C,C,G,C,G,T,C,T,T,T,Morocco,,False,False,False,Neither
WATDE0372,T|C|T|A|G|C|G|A|G|A|C|G|G|C|T|C|T|T|T|C|G|G|G|C|G|C|C|G|A|A|C|C|G|A|C|C|C|C|G|C|C|T|C|G|C|C|C|T|G|C|T|A|C|T|T,Hap9,39.32551933,36.21,42.44103866,T,C,T,A,C,A,G,A,C,T,T,T,T,G,C,G,A,C,C,G,C,G,T,C,T,T,T,Morocco,,False,False,False,Neither
WATDE0373,T|C|T|A|G|C|G|A|G|A|C|G|G|C|T|C|T|T|T|C|G|G|G|C|G|C|C|G|A|A|C|C|G|A|C|C|C|C|G|C|C|T|C|G|C|C|C|T|G|C|T|C|C|T|T,Hap6,43.468814095,43.26,43.67762819,T,C,T,A,C,A,G,A,C,T,T,T,T,G,C,G,A,C,C,G,C,G,T,C,T,T,T,Spain,,False,False,False,Neither
WATDE0374,T|C|T|A|G|C|G|A|G|A|C|G|G|C|T|A|T|T|T|C|G|G|G|C|G|C|C|G|A|A|C|C|G|A|C|C|C|C|G|C|C|T|C|G|C|C|C|T|G|C|C|C|C|T|T,Hap2,38.411544095,35.5,41.32308819,T,C,T,A,C,A,G,A,C,T,T,T,T,G,C,G,A,C,C,G,C,G,T,C,T,T,T,Spain,,False,False,False,Neither
WATDE0379,T|C|T|A|G|C|G|A|G|A|C|G|G|C|T|A|T|T|T|C|G|G|G|C|G|C|C|G|A|A|C|C|G|A|C|C|C|C|G|C|C|T|C|G|C|C|C|T|G|C|C|C|C|T|T,Hap2,37.592949635,33.37,41.81589927,T,C,T,A,C,A,G,A,C,T,T,T,T,G,C,G,A,C,C,G,C,G,T,C,T,T,T,Spain,,False,False,False,Neither
WATDE0381,T|C|T|A|G|C|G|A|G|A|C|G|G|C|T|A|T|T|T|C|G|G|G|C|G|C|C|G|A|A|C|C|G|A|C|C|C|C|G|C|C|T|C|G|C|C|C|T|G|C|C|C|C|T|T,Hap2,41.23696272,37.4,45.07392544,T,C,T,A,C,A,G,A,C,T,T,T,T,G,C,G,A,C,C,G,C,G,T,C,T,T,T,Spain,Trigo Candeal Blanquillo,False,False,False,Neither
WATDE0382,T|C|T|A|G|C|G|A|G|A|C|G|G|C|T|A|T|T|T|C|G|G|G|C|G|C|C|G|A|A|C|C|G|A|C|C|C|C|G|C|C|T|C|G|C|C|C|T|G|C|T|C|C|T|T,Hap1,41.48308223,38.49,44.47616446,T,C,T,A,C,A,G,A,C,T,T,T,T,G,C,G,A,C,C,G,C,G,T,C,T,T,T,Portugal,Trigo Tremês,False,False,False,Neither
WATDE0383,T|C|T|A|G|C|G|A|G|A|C|G|G|C|T|A|T|T|T|C|G|G|G|C|G|C|C|G|A|A|C|C|G|A|C|C|C|C|G|C|C|T|C|G|C|C|C|T|G|C|T|C|C|T|T,Hap1,40.552550705,37.14,43.96510141,T,C,T,A,C,A,G,A,C,T,T,T,T,G,C,G,A,C,C,G,C,G,T,C,T,T,T,Portugal,Trigo Precoce,False,False,False,Neither
WATDE0385,T|C|T|A|G|C|G|A|G|A|C|G|G|C|T|A|T|T|T|C|G|G|G|C|G|C|C|G|A|A|C|C|G|A|C|C|C|C|G|C|C|T|C|A|C|C|C|T|G|C|T|C|C|T|T,Hap13,36.523199835,32.75,40.29639967,T,C,T,A,C,A,G,A,C,T,T,T,T,G,C,G,A,C,C,G,C,G,T,C,T,T,T,India,Pusa 52,False,False,False,Neither
WATDE0386,T|C|T|A|G|C|G|A|G|A|C|G|G|C|T|A|T|T|T|C|G|G|G|C|G|C|C|G|A|A|C|C|G|A|C|T|C|C|G|T|C|T|C|G|C|C|C|T|G|C|T|C|C|T|T,Hap10,39.690451175,32.97,46.41090235,T,C,T,A,C,A,G,A,C,T,T,T,T,G,C,G,A,C,C,G,C,G,T,C,T,T,T,India,Lyallpur 14,False,False,False,Neither
WATDE0387,T|C|T|A|G|C|G|A|G|A|C|G|G|C|T|A|T|T|T|C|G|G|G|C|G|C|C|G|A|A|C|C|G|A|C|C|C|C|G|C|C|T|C|G|C|C|C|T|G|C|C|C|C|T|T,Hap2,46.68012299,,46.68012299,T,C,T,A,C,A,G,A,C,T,T,T,T,G,C,G,A,C,C,G,C,G,T,C,T,T,T,Yugoslavia,,False,False,False,Neither
WATDE0389,T|C|T|A|G|C|G|A|G|A|C|G|G|C|T|A|T|T|T|C|G|G|G|C|G|C|C|G|A|A|C|C|G|A|C|C|C|C|G|C|C|T|C|G|C|C|C|T|G|C|C|C|C|T|T,Hap2,45.29295273,,45.29295273,T,C,T,A,C,A,G,A,C,T,T,T,T,G,C,G,A,C,C,G,C,G,T,C,T,T,T,Greece,,False,False,False,Neither
WATDE0392,T|C|T|A|G|C|G|A|G|A|C|G|G|C|T|A|T|T|T|C|G|G|G|C|G|C|C|G|A|A|C|C|G|A|C|C|C|C|G|C|C|T|C|G|C|C|C|T|G|C|T|C|C|T|T,Hap1,41.15881853,,41.15881853,T,C,T,A,C,A,G,A,C,T,T,T,T,G,C,G,A,C,C,G,C,G,T,C,T,T,T,Iran,,False,False,False,Neither
WATDE0394,T|C|T|A|G|C|G|A|G|A|C|G|G|C|T|A|T|T|T|C|G|G|G|C|G|C|C|G|A|A|C|C|G|A|C|C|C|C|G|C|C|T|C|G|C|C|C|T|G|C|T|C|C|T|T,Hap1,37.116181,28.15,46.082362,T,C,T,A,C,A,G,A,C,T,T,T,T,G,C,G,A,C,C,G,C,G,T,C,T,T,T,Iran,Razan Ferahan,False,False,False,Neither
WATDE0396,T|C|T|A|G|C|G|A|G|A|C|G|G|C|T|A|T|T|T|C|G|G|G|C|G|C|C|G|A|A|C|C|G|A|C|C|C|C|G|C|C|T|C|G|C|C|C|T|G|C|T|C|C|T|T,Hap1,36.978995315000006,37.49,36.46799063,T,C,T,A,C,A,G,A,C,T,T,T,T,G,C,G,A,C,C,G,C,G,T,C,T,T,T,India,Lalia,False,False,False,Neither
WATDE0397,T|C|T|A|G|C|G|A|G|A|C|G|G|C|T|A|T|T|T|C|G|G|G|C|G|C|C|G|A|A|C|C|G|A|C|C|C|C|G|C|C|T|C|G|C|C|C|T|G|C|T|C|C|T|T,Hap1,38.36056649,34.02,42.70113298,T,C,T,A,C,A,G,A,C,T,T,T,T,G,C,G,A,C,C,G,C,G,T,C,T,T,T,India,White Murga,False,False,False,Neither
WATDE0399,C|C|T|A|G|C|G|A|G|A|C|G|G|C|T|A|T|T|T|C|G|G|G|C|G|C|C|G|A|A|C|C|G|A|C|C|C|C|G|C|C|T|C|G|C|C|C|T|G|C|T|C|C|T|T,Hap4,46.03261976,42.41,49.65523952,C,C,T,A,C,A,G,A,C,T,T,T,T,G,C,G,A,C,C,G,C,G,T,C,T,T,T,India,White Tikoria,False,False,False,Neither
WATDE0403,T|C|T|A|G|C|G|A|G|A|C|G|G|C|T|A|T|T|T|C|G|G|G|C|G|C|C|G|A|A|C|C|G|A|C|C|C|C|G|C|C|T|C|G|C|C|C|T|G|C|C|C|C|T|T,Hap2,44.35884081,40.55,48.16768162,T,C,T,A,C,A,G,A,C,T,T,T,T,G,C,G,A,C,C,G,C,G,T,C,T,T,T,Australia,King's White,False,False,False,Neither
WATDE0405,T|C|T|A|G|C|G|A|G|A|C|G|G|C|T|A|T|T|T|C|G|G|G|C|G|C|C|G|A|A|C|C|G|A|C|C|C|C|G|C|C|T|C|G|C|C|C|T|G|C|T|C|C|T|T,Hap1,48.104849535,45.87,50.33969907,T,C,T,A,C,A,G,A,C,T,T,T,T,G,C,G,A,C,C,G,C,G,T,C,T,T,T,India,Desi,False,False,False,Neither
WATDE0407,T|C|T|A|G|C|G|A|G|A|C|G|G|C|T|C|T|T|T|C|G|G|G|C|G|C|C|G|A|A|C|C|G|A|C|C|C|C|G|C|C|T|C|G|C|C|C|T|G|C|T|A|C|T|T,Hap9,42.321669705000005,39.25,45.39333941,T,C,T,A,C,A,G,A,C,T,T,T,T,G,C,G,A,C,C,G,C,G,T,C,T,T,T,India,Desi,False,False,False,Neither
WATDE0408,T|C|T|A|G|C|G|A|G|A|C|G|G|C|T|C|T|T|T|C|G|G|G|C|G|C|C|G|A|A|C|C|G|A|C|C|C|C|G|C|C|T|C|G|C|C|C|T|G|C|T|A|C|T|T,Hap9,41.16380704,37.24,45.08761408,T,C,T,A,C,A,G,A,C,T,T,T,T,G,C,G,A,C,C,G,C,G,T,C,T,T,T,China,Yihsien 1485,False,False,False,Neither
WATDE0409,T|C|T|A|G|C|G|A|G|A|C|G|G|C|T|C|T|T|T|C|G|G|G|C|G|C|C|G|A|A|C|C|G|A|C|C|C|C|G|C|C|T|C|G|C|C|C|T|G|C|T|A|C|T|T,Hap9,40.451185585,35.76,45.14237117,T,C,T,A,C,A,G,A,C,T,T,T,T,G,C,G,A,C,C,G,C,G,T,C,T,T,T,Australia,,False,False,False,Neither
WATDE0411,T|C|T|A|G|C|G|A|G|A|C|G|G|C|T|C|T|T|T|C|G|G|G|C|G|C|C|G|A|A|C|C|G|A|C|C|C|C|G|C|C|T|C|G|C|C|C|T|G|C|T|C|C|T|T,Hap6,49.566817265,44.24,54.89363453,T,C,T,A,C,A,G,A,C,T,T,T,T,G,C,G,A,C,C,G,C,G,T,C,T,T,T,Morocco,,False,False,False,Neither
WATDE0412,T|C|T|A|G|C|G|A|G|A|C|G|G|C|T|C|T|T|T|C|G|G|G|C|G|C|C|G|A|A|C|C|G|A|C|C|C|C|G|C|C|T|C|G|C|C|C|T|G|C|T|C|A|T|T,Hap12,43.222146905,39.39,47.05429381,T,C,T,A,C,A,G,A,C,T,T,T,T,G,C,G,A,C,C,G,C,G,T,C,T,T,T,Tunisia,Louri,False,False,False,Neither
WATDE0413,T|C|T|A|G|C|G|A|G|A|C|G|G|C|T|A|T|T|T|C|G|G|G|C|G|C|C|G|A|A|C|C|G|A|C|C|C|C|G|C|C|T|C|G|C|C|C|T|G|C|T|C|C|T|T,Hap1,37.26610492,32.73,41.80220984,T,C,T,A,C,A,G,A,C,T,T,T,T,G,C,G,A,C,C,G,C,G,T,C,T,T,T,Tunisia,Native Biskri,False,False,False,Neither
WATDE0415,T|C|T|A|G|C|G|A|G|A|C|G|G|C|T|A|T|T|T|C|G|G|G|C|G|C|C|G|A|A|C|C|G|A|C|C|C|C|G|C|C|T|C|G|C|C|C|T|G|C|T|C|C|T|T,Hap1,36.350091425,32.13,40.57018285,T,C,T,A,C,A,G,A,C,T,T,T,T,G,C,G,A,C,C,G,C,G,T,C,T,T,T,Tunisia,Native hard,False,False,False,Neither
WATDE0417,T|C|T|A|A|C|G|A|G|A|C|G|G|C|T|A|T|T|T|C|G|G|G|C|G|C|C|G|A|A|C|C|G|A|C|C|C|C|G|C|C|T|C|G|C|C|C|T|G|C|T|C|C|T|T,Hap3,48.74031273,42.66,54.82062546,T,C,T,A,C,A,G,A,C,T,T,T,T,G,C,G,A,C,C,G,C,G,T,C,T,T,T,Morocco,,False,False,False,Neither
WATDE0419,T|C|T|A|G|C|G|A|G|A|C|G|G|C|T|C|T|T|T|C|G|G|G|C|G|C|C|G|A|A|C|C|G|A|C|C|C|C|G|C|C|T|C|G|C|C|C|T|G|C|T|A|C|T|T,Hap9,41.92442397,35.85,47.99884794,T,C,T,A,C,A,G,A,C,T,T,T,T,G,C,G,A,C,C,G,C,G,T,C,T,T,T,Morocco,,False,False,False,Neither
WATDE0420,T|C|T|A|G|C|G|A|G|A|C|G|G|C|T|A|T|T|T|C|G|G|G|C|G|C|C|G|A|A|C|C|G|A|C|C|C|C|G|C|C|T|C|G|C|C|C|T|G|C|T|C|C|T|T,Hap1,40.05992196,34.69,45.42984392,T,C,T,A,C,A,G,A,C,T,T,T,T,G,C,G,A,C,C,G,C,G,T,C,T,T,T,Canary Islands,,False,False,False,Neither
WATDE0421,C|C|T|A|G|C|G|A|G|A|C|G|G|C|T|A|T|T|T|C|G|G|G|C|G|C|C|G|A|A|C|C|G|A|C|C|C|C|G|C|C|T|C|G|C|C|C|T|G|C|T|C|C|T|T,Hap4,40.873505025,34.46,47.28701005,C,C,T,A,C,A,G,A,C,T,T,T,T,G,C,G,A,C,C,G,C,G,T,C,T,T,T,Canary Islands,,False,False,False,Neither
WATDE0422,C|C|T|A|G|C|G|A|G|A|C|G|G|C|T|A|T|T|T|C|G|G|G|C|G|C|C|G|A|A|C|C|G|A|C|C|C|C|G|C|C|T|C|G|C|C|C|T|G|C|T|C|C|T|T,Hap4,42.623795615000006,37.81,47.43759123,C,C,T,A,C,A,G,A,C,T,T,T,T,G,C,G,A,C,C,G,C,G,T,C,T,T,T,Canary Islands,,False,False,False,Neither
WATDE0423,C|C|C|G|G|A|A|G|A|A|G|G|G|C|A|A|G|G|C|C|G|A|G|T|G|T|T|A|G|G|T|C|A|T|T|C|C|T|A|C|T|C|C|G|T|T|T|C|T|C|T|C|C|T|C,Hap15,36.04172392,27.84,44.24344784,C,C,C,G,A,G,A,A,C,A,G,G,C,G,T,A,G,T,C,A,C,A,C,T,C,T,C,Canary Islands,,True,False,False,PublishedOnly
WATDE0424,T|C|T|A|G|C|G|A|G|A|C|G|G|C|T|A|T|T|T|C|G|G|G|C|G|C|C|G|A|A|C|C|G|A|C|C|C|C|G|C|C|T|C|G|C|C|C|T|G|C|T|C|C|T|T,Hap1,44.524018185,37.49,51.55803637,T,C,T,A,C,A,G,A,C,T,T,T,T,G,C,G,A,C,C,G,C,G,T,C,T,T,T,Canary Islands,,False,False,False,Neither
WATDE0425,T|C|T|A|G|C|G|A|G|A|C|G|G|C|T|A|T|T|T|C|G|G|G|C|G|C|C|G|A|A|C|C|G|A|C|C|C|C|G|C|C|T|C|G|C|C|C|T|G|C|T|C|C|T|T,Hap1,43.202579395,38.42,47.98515879,T,C,T,A,C,A,G,A,C,T,T,T,T,G,C,G,A,C,C,G,C,G,T,C,T,T,T,Spain,Baztanes compacto,False,False,False,Neither
WATDE0426,T|C|T|A|G|C|G|A|G|A|C|G|G|C|T|A|T|T|T|C|G|G|G|C|G|C|C|G|A|A|C|C|G|A|C|C|C|C|G|C|C|T|C|G|C|C|C|C/T|G|C|T|C|C|T|T,Hap19,43.43329529,36.39,50.47659058,T,C,T,A,C,A,G,A,C,T,T,T,T,G,C,G,A,C,C,G,C,G,T,C,C/T,T,T,Spain,"Rieti navarro, grano lango",False,False,False,Neither
WATDE0427,T|C|T|A|G|C|G|A|G|A|C|G|G|C|T|A|T|T|T|C|G|G|G|C|G|C|C|G|A|A|C|C|G|A|C|C|C|C|G|C|C|T|C|G|C|C|C|T|G|C|T|C|C|T|T,Hap1,42.80270294,33.08,52.52540588,T,C,T,A,C,A,G,A,C,T,T,T,T,G,C,G,A,C,C,G,C,G,T,C,T,T,T,Spain,Catalan de tallo corto,False,False,False,Neither
WATDE0428,T|C|T|A|G|C|G|A|G|A|C|G|G|C|T|A|T|T|T|C|G|G|G|C|G|C|C|G|A|A|C|C|G|A|C|C|C|C|G|C|C|T|C|G|C|C|C|T|G|C|T|C|C|T|T,Hap1,40.255144565,30.96,49.55028913,T,C,T,A,C,A,G,A,C,T,T,T,T,G,C,G,A,C,C,G,C,G,T,C,T,T,T,Spain,Rieti navarro frondoso,False,False,False,Neither
WATDE0429,T|C|T|A|G|C|G|A|G|A|C|G|G|C|T|C|T|T|T|C|G|G|G|C|G|C|C|G|A|A|C|C|G|A|C|C|C|C|G|C|C|T|C|G|C|C|C|T|G|C|T|C|C|T|T,Hap6,42.284334035,38.03,46.53866807,T,C,T,A,C,A,G,A,C,T,T,T,T,G,C,G,A,C,C,G,C,G,T,C,T,T,T,Spain,Catalan royo compacto,False,False,False,Neither
WATDE0430,T|C|T|A|G|C|G|A|G|A|C|G|G|C|T|A|T|T|T|C|G|G|G|C|G|C|C|G|A|A|C|C|G|A|C|C|C|C|G|C|C|T|C|G|C|C|C|T|G|C|T|C|C|T|T,Hap1,45.508205405,42.0,49.01641081,T,C,T,A,C,A,G,A,C,T,T,T,T,G,C,G,A,C,C,G,C,G,T,C,T,T,T,Spain,"Hembrilla alto, feurta",False,False,False,Neither
WATDE0432,T|C|T|A|G|C|G|A|G|A|C|G|G|C|T|A|T|T|T|C|G|G|G|C|G|C|C|G|A|A|C|C|G|A|C|C|C|C|G|C|C|T|C|G|C|C|C|T|G|C|T|C|C|T|T,Hap1,43.12974787,35.03,51.22949574,T,C,T,A,C,A,G,A,C,T,T,T,T,G,C,G,A,C,C,G,C,G,T,C,T,T,T,Spain,Trigo blancos,False,False,False,Neither
WATDE0433,T|C|T|A|G|C|G|A|G|A|C|G|G|C|T|C|T|T|T|C|G|G|G|C|G|C|C|G|A|A|C|C|G|A|C|C|C|C|G|C|C|T|C|G|C|C|C|T|G|C|T|C|A|T|T,Hap12,41.66487499,38.16,45.16974998,T,C,T,A,C,A,G,A,C,T,T,T,T,G,C,G,A,C,C,G,C,G,T,C,T,T,T,Spain,"Carpino alto, precoz",False,False,False,Neither
WATDE0434,C|C|T|A|G|C|G|A|G|A|C|G|G|C|T|A|T|T|T|C|A|G|G|C|G|C|C|G|A|A|C|C|G|A|C|C|C|C|G|C|C|T|C/T|G|C|C|C|T|G|A|T|C|C|T|T,Hap18,48.39462579,40.44,56.34925158,C,C,T,A,C,A,G,A,C,T,T,T,T,G,C,G,A,C,C,G,C,G,T,C,T,T,T,Spain,Carpino Royo de Eslava,False,False,False,Neither
WATDE0436,T|C|T|A|G|C|G|A|G|A|C|G|G|C|T|C|T|T|T|C|G|G|G|C|G|C|C|G|A|A|C|C|G|A|C|C|C|C|G|C|C|T|C|G|C|C|C|T|G|C|T|C|C|T|T,Hap6,41.72463821,,41.72463821,T,C,T,A,C,A,G,A,C,T,T,T,T,G,C,G,A,C,C,G,C,G,T,C,T,T,T,Spain,Trigo Obispado,False,False,False,Neither
WATDE0438,T|C|T|A|G|C|G|A|G|A|C|G|G|C|T|C|T|T|T|C|G|G|G|C|G|C|C|G|A|A|C|C|G|A|C|C|C|C|G|C|C|T|C|G|C|C|C|T|G|C|T|C|C|T|T,Hap6,39.640318805,35.53,43.75063761,T,C,T,A,C,A,G,A,C,T,T,T,T,G,C,G,A,C,C,G,C,G,T,C,T,T,T,Spain,Hembrilla de la tierra,False,False,False,Neither
WATDE0439,T|C|T|A|G|C|G|A|G|A|C|G|G|C|T|C|T|T|T|C|G|G|G|C|G|C|C|G|A|A|C|C|G|A|C|C|C|C|G|C|C|T|C|G|C|C|C|T|G|C|T|A|C|T|T,Hap9,37.754936,32.9,42.609872,T,C,T,A,C,A,G,A,C,T,T,T,T,G,C,G,A,C,C,G,C,G,T,C,T,T,T,Spain,Catalan de espiga blanca,False,False,False,Neither
WATDE0440,T|C|T|A|G|C|G|A|G|A|C|G|G|C|T|C|T|T|T|C|G|G|G|C|G|C|C|G|A|A|C|C|G|A|C|C|C|C|G|C|C|T|C|G|C|C|C|T|G|C|T|A|C|T|T,Hap9,39.672156545,34.17,45.17431309,T,C,T,A,C,A,G,A,C,T,T,T,T,G,C,G,A,C,C,G,C,G,T,C,T,T,T,Greece,Deve,False,False,False,Neither
WATDE0441,T|C|T|A|G|C|G|A|G|A|C|G|G|C|T|A|T|T|T|C|G|G|G|C|G|C|C|G|A|A|C|C|G|A|C|C|C|C|G|C|C|T|C|G|C|C|C|T|G|C|T|C|C|T|T,Hap1,35.920654145,27.21,44.63130829,T,C,T,A,C,A,G,A,C,T,T,T,T,G,C,G,A,C,C,G,C,G,T,C,T,T,T,Greece,Asprotheri,False,False,False,Neither
WATDE0442,C|C|T|A|G|C|G|A|G|A|C|G|G|C|T|A|T|T|T|C|G|G|G|C|G|C|C|G|A|A|C|C|G|A|C|C|C|C|G|C|C|T|C|G|C|C|C|T|G|C|T|C|C|T|T,Hap4,40.663077555,35.91,45.41615511,C,C,T,A,C,A,G,A,C,T,T,T,T,G,C,G,A,C,C,G,C,G,T,C,T,T,T,Greece,,False,False,False,Neither
WATDE0444,T|C|T|A|G|C|G|A|G|A|C|G|G|C|T|A|T|T|T|C|G|G|G|C|G|C|C|G|A|A|C|C|G|A|C|C|C|C|G|C|C|T|C|G|C|C|C|T|G|C|C|C|C|T|T,Hap2,41.941932660000006,32.7,51.18386532,T,C,T,A,C,A,G,A,C,T,T,T,T,G,C,G,A,C,C,G,C,G,T,C,T,T,T,Greece,,False,False,False,Neither
WATDE0445,T|C|T|A|G|C|G|A|G|A|C|G|G|C|T|A|T|T|T|C|G|G|G|C|G|C|C|G|A|A|C|C|G|A|C|C|C|C|G|C|C|T|C|G|C|C|C|T|G|C|C|C|C|T|T,Hap2,40.260975695,32.19,48.33195139,T,C,T,A,C,A,G,A,C,T,T,T,T,G,C,G,A,C,C,G,C,G,T,C,T,T,T,Greece,,False,False,False,Neither
WATDE0448,T|C|T|A|G|C|G|A|G|A|C|G|G|C|T|C|T|T|T|C|G|G|G|C|G|C|C|G|A|A|C|C|G|A|C|C|C|C|G|C|C|T|C|G|C|C|C|T|G|C|T|A|C|T|T,Hap9,37.06,37.06,,T,C,T,A,C,A,G,A,C,T,T,T,T,G,C,G,A,C,C,G,C,G,T,C,T,T,T,Crete,Galagado,False,False,False,Neither
WATDE0449,T|C|T|A|G|C|G|A|G|A|C|G|G|C|T|C|T|T|T|C|G|G|G|C|G|C|C|G|A|A|C|C|G|A|C|C|C|C|G|C|C|T|C|G|C|C|C|T|G|C|T|A|C|T|T,Hap9,46.42146001,44.26,48.58292002,T,C,T,A,C,A,G,A,C,T,T,T,T,G,C,G,A,C,C,G,C,G,T,C,T,T,T,Crete,Blé cheliostazo,False,False,False,Neither
WATDE0450,C|C|T|A|G|C|G|A|G|A|C|G|G|C|T|A|T|T|T|C|G|G|G|C|G|C|C|G|A|A|C|C|G|A|C|C|C|C|G|C|C|T|C|G|C|C|C|T|G|C|T|C|C|T|T,Hap4,37.086960305,28.63,45.54392061,C,C,T,A,C,A,G,A,C,T,T,T,T,G,C,G,A,C,C,G,C,G,T,C,T,T,T,Crete,,False,False,False,Neither
WATDE0451,C|C|C|G|G|A|A|G|A|A|G|G|G|C|A|A|G|G|C|C|G|G|G|T|G|T|T|A|G|G|T|C|A|T|T|C|C|T|A|C|T|C|C|G|T|T|T|C|T|C|T|C|C|T|C,Hap7,38.644890955,35.41,41.87978191,C,C,C,G,A,G,A,A,C,A,G,G,C,G,T,A,G,T,C,A,C,A,C,T,C,T,C,Turkey,,True,False,False,PublishedOnly
WATDE0452,C|C|T|A|G|C|G|A|G|A|C|G|G|C|T|A|T|T|T|C|A|G|G|C|G|C|C|G|A|A|C|C|G|A|C|C|C|C|G|C|C|T|T|G|C|C|C|T|G|A|T|C|C|T|T,Hap5,44.739943945,38.62,50.85988789,C,C,T,A,C,A,G,A,C,T,T,T,T,G,C,G,A,C,C,G,C,G,T,C,T,T,T,Turkey,,False,False,False,Neither
WATDE0454,C|C|C|G|G|A|A|G|A|A|G|G|G|C|A|A|G|G|C|C|G|G|G|T|G|T|T|A|G|G|T|C|A|T|T|C|C|T|A|C|T|C|C|G|T|T|T|C|T|C|T|C|C|T|C,Hap7,42.043354245,35.7,48.38670849,C,C,C,G,A,G,A,A,C,A,G,G,C,G,T,A,G,T,C,A,C,A,C,T,C,T,C,Turkey,,True,False,False,PublishedOnly
WATDE0455,T|C|T|A|A|C|G|A|G|A|C|G|G|C|T|A|T|T|T|C|G|G|G|C|G|C|C|G|A|A|C|C|G|A|C|C|C|C|G|C|C|T|C|G|C|C|C|T|G|C|T|C|C|T|T,Hap3,45.617653045,38.5,52.73530609,T,C,T,A,C,A,G,A,C,T,T,T,T,G,C,G,A,C,C,G,C,G,T,C,T,T,T,Turkey,,False,False,False,Neither
WATDE0456,C|C|C|G|G|A|A|G|A|A|G|G|G|C|A|A|G|G|C|C|G|G|G|T|G|T|T|A|G|G|T|C|A|T|T|C|C|T|A|C|T|C|C|G|T|T|T|C|T|C|T|C|C|T|C,Hap7,41.94150715,35.04,48.8430143,C,C,C,G,A,G,A,A,C,A,G,G,C,G,T,A,G,T,C,A,C,A,C,T,C,T,C,Turkey,,True,False,False,PublishedOnly
WATDE0457,T|C|T|A|G|C|G|A|G|A|C|G|G|C|T|A|T|T|T|C|G|G|G|C|G|C|C|G|A|A|C|C|G|A|C|C|C|C|G|C|C|T|C|G|C|C|C|T|G|C|T|C|C|T|T,Hap1,46.99808556,40.33,53.66617112,T,C,T,A,C,A,G,A,C,T,T,T,T,G,C,G,A,C,C,G,C,G,T,C,T,T,T,Turkey,,False,False,False,Neither
WATDE0459,T|C|T|A|G|C|G|A|G|A|C|G|G|C|T|A|T|T|T|C|G|G|G|C|G|C|C|G|A|A|C|C|G|A|C|C|C|C|G|C|C|T|C|G|C|C|C|T|G|C|T|C|C|T|T,Hap1,43.427040985,37.97,48.88408197,T,C,T,A,C,A,G,A,C,T,T,T,T,G,C,G,A,C,C,G,C,G,T,C,T,T,T,Unknown,Bayadié,False,False,False,Neither
WATDE0460,T|C|T|A|G|C|G|A|G|A|C|G|G|C|T|A|T|T|T|C|G|G|G|C|G|C|C|G|A|A|C|C|G|A|C|C|C|C|G|C|C|T|C|G|C|C|C|T|G|C|T|C|C|T|T,Hap1,45.763047275000005,40.0,51.52609455,T,C,T,A,C,A,G,A,C,T,T,T,T,G,C,G,A,C,C,G,C,G,T,C,T,T,T,Unknown,Gharbié,False,False,False,Neither
WATDE0461,T|C|T|A|G|C|G|A|G|A|C|G|G|C|T|C|T|T|T|C|G|G|G|C|G|C|C|G|A|A|C|C|G|A|C|C|C|C|G|C|C|T|C|G|C|C|C|T|G|C|T|A|C|T|T,Hap9,41.41229122,35.46,47.36458244,T,C,T,A,C,A,G,A,C,T,T,T,T,G,C,G,A,C,C,G,C,G,T,C,T,T,T,Unknown,,False,False,False,Neither
WATDE0462,T|C|T|A|G|C|G|A|G|A|C|G|G|C|T|A|T|T|T|C|G|G|G|C|G|C|C|G|A|A|C|C|G|A|C|C|C|C|G|C|C|T|C|G|C|C|C|T|G|C|C|C|C|T|T,Hap2,34.25878768,29.33,39.18757536,T,C,T,A,C,A,G,A,C,T,T,T,T,G,C,G,A,C,C,G,C,G,T,C,T,T,T,Iraq,"Kandhari, Rustam Exp Farm 859",False,False,False,Neither
WATDE0463,T|C|T|A|G|C|G|A|G|A|C|G|G|C|T|A|T|T|T|C|G|G|G|C|G|C|C|G|A|A|C|C|G|A|C|C|C|C|G|C|C|T|C|G|C|C|C|T|G|C|T|C|C|T|T,Hap1,40.018771295,37.56,42.47754259,T,C,T,A,C,A,G,A,C,T,T,T,T,G,C,G,A,C,C,G,C,G,T,C,T,T,T,Iran,,False,False,False,Neither
WATDE0465,T|C|T|A|A|C|G|A|G|A|C|G|G|C|T|A|T|T|T|C|G|G|G|C|G|C|C|G|A|A|C|C|G|A|C|C|C|C|G|C|C|T|C|G|C|C|C|T|G|C|T|C|C|T|T,Hap3,39.44728876,31.06,47.83457752,T,C,T,A,C,A,G,A,C,T,T,T,T,G,C,G,A,C,C,G,C,G,T,C,T,T,T,Iran,,False,False,False,Neither
WATDE0467,T|C|T|A|G|C|G|A|G|A|C|G|G|C|T|C|T|T|T|C|G|G|G|C|G|C|C|G|A|A|C|C|G|A|C|C|C|C|G|C|C|T|C|G|C|C|C|T|G|C|T|C|A|T|T,Hap12,43.227232265,37.0,49.45446453,T,C,T,A,C,A,G,A,C,T,T,T,T,G,C,G,A,C,C,G,C,G,T,C,T,T,T,Iran,,False,False,False,Neither
WATDE0469,T|C|T|A|G|C|G|A|G|A|C|G|G|C|T|A|T|T|T|C|G|G|G|C|G|C|C|G|A|A|C|C|G|A|C|C|C|C|G|C|C|T|C|G|C|C|C|T|G|C|T|C|C|T|T,Hap1,43.79222762,37.19,50.39445524,T,C,T,A,C,A,G,A,C,T,T,T,T,G,C,G,A,C,C,G,C,G,T,C,T,T,T,Iran,,False,False,False,Neither
WATDE0471,T|C|T|A|G|C|G|A|G|A|C|G|G|C|T|A|T|T|T|C|G|G|G|C|G|C|C|G|A|A|C|C|G|A|C|C|C|C|G|C|C|T|C|G|C|C|C|T|G|C|T|C|C|T|T,Hap1,43.287716585,36.87,49.70543317,T,C,T,A,C,A,G,A,C,T,T,T,T,G,C,G,A,C,C,G,C,G,T,C,T,T,T,Iran,,False,False,False,Neither
WATDE0474,C|C|C|G|G|A|A|G|A|A|G|G|G|C|A|A|G|G|C|C|G|G|G|T|G|T|T|A|G|G|T|C|A|T|T|C|C|T|A|C|T|C|C|G|T|T|T|C|T|C|T|C|C|T|C,Hap7,36.00233057,32.63,39.37466114,C,C,C,G,A,G,A,A,C,A,G,G,C,G,T,A,G,T,C,A,C,A,C,T,C,T,C,China,,True,False,False,PublishedOnly
WATDE0476,T|C|T|A|G|C|G|A|G|A|C|G|G|C|T|A|T|T|T|C|G|G|G|C|G|C|C|G|A|A|C|C|G|A|C|C|C|C|G|C|C|T|C|G|C|C|C|T|G|C|C|C|C|T|T,Hap2,44.04723675,,44.04723675,T,C,T,A,C,A,G,A,C,T,T,T,T,G,C,G,A,C,C,G,C,G,T,C,T,T,T,Unknown,,False,False,False,Neither
WATDE0477,C|T|C|G|G|A|G|G|A|G|C|G|G|T|A|A|G|G|C|C|G|G|A|C|G|T|C|A|A|G|T|T|A|A|C|C|T|C|A|C|C|C|C|G|C|T|C|C|G|C|T|C|C|C|C,Hap8,27.26052758,23.62,30.90105516,C,T,C,G,A,G,A,G,T,A,G,G,C,A,T,A,G,T,T,A,T,A,C,T,C,C,C,China,,True,True,True,Published+Background
WATDE0479,C|T|C|G|G|A|G|G|A|G|C|G|G|T|A|A|G|G|C|C|G|G|A|C|G|T|C|A|A|G|T|T|A|A|C|C|T|C|A|C|C|C|C|G|C|T|C|C|G|C|T|C|C|C|C,Hap8,28.54450273,25.07,32.01900546,C,T,C,G,A,G,A,G,T,A,G,G,C,A,T,A,G,T,T,A,T,A,C,T,C,C,C,China,,True,True,True,Published+Background
WATDE0481,T|C|T|A|G|C|G|A|G|A|C|G|G|C|T|A|T|T|T|C|G|G|G|C|G|C|C|G|A|A|C|C|G|A|C|C|C|C|G|C|C|T|C|G|C|C|C|T|G|C|T|C|C|T|T,Hap1,31.16201589,28.06,34.26403178,T,C,T,A,C,A,G,A,C,T,T,T,T,G,C,G,A,C,C,G,C,G,T,C,T,T,T,China,,False,False,False,Neither
WATDE0482,C|C|C|G|G|A|A|G|A|A|G|G|G|C|A|A|G|G|C|C|G|G|G|T|G|T|T|A|G|G|T|C|A|T|T|C|C|T|A|C|T|C|C|G|T|T|T|C|T|C|T|C|C|T|C,Hap7,31.56828183,29.63,33.50656366,C,C,C,G,A,G,A,A,C,A,G,G,C,G,T,A,G,T,C,A,C,A,C,T,C,T,C,China,,True,False,False,PublishedOnly
WATDE0484,C|C|C|G|G|A|A|G|A|A|G|G|G|C|A|A|G|G|C|C|G|G|G|T|G|T|T|A|G|G|T|C|A|T|T|C|C|T|A|C|T|C|C|G|T|T|T|C|T|C|T|C|C|T|C,Hap7,35.81077657,32.11,39.51155314,C,C,C,G,A,G,A,A,C,A,G,G,C,G,T,A,G,T,C,A,C,A,C,T,C,T,C,Unknown,,True,False,False,PublishedOnly
WATDE0486,T|C|T|A|G|C|G|A|G|A|C|G|G|C|T|C|T|T|T|C|G|G|G|C|G|C|C|G|A|A|C|C|G|A|C|C|C|C|G|C|C|T|C|G|C|C|C|T|G|C|T|A|C|T|T,Hap9,39.789874705,34.41,45.16974941,T,C,T,A,C,A,G,A,C,T,T,T,T,G,C,G,A,C,C,G,C,G,T,C,T,T,T,China,,False,False,False,Neither
WATDE0488,C|C|C|G|G|A|A|G|A|A|G|G|G|C|A|A|G|G|C|C|G|G|G|T|G|T|T|A|G|G|T|C|A|T|T|C|C|T|A|C|T|C|C|G|T|T|T|C|T|C|T|C|C|T|C,Hap7,43.37646608,,43.37646608,C,C,C,G,A,G,A,A,C,A,G,G,C,G,T,A,G,T,C,A,C,A,C,T,C,T,C,China,,True,False,False,PublishedOnly
WATDE0489,T|C|T|A|G|C|G|A|G|A|C|G|G|C|T|A|T|T|T|C|G|G|G|C|G|C|C|G|A|A|C|C|G|A|C|C|C|C|G|C|C|T|C|G|C|C|C|T|G|C|C|C|C|T|T,Hap2,38.5667875,35.92,41.213575,T,C,T,A,C,A,G,A,C,T,T,T,T,G,C,G,A,C,C,G,C,G,T,C,T,T,T,Australia,,False,False,False,Neither
WATDE0490,T|C|T|A|G|C|G|A|G|A|C|G|G|C|T|A|T|T|T|C|G|G|G|C|G|C|C|G|A|A|C|C|G|A|C|C|C|C|G|C|C|T|C|G|C|C|C|T|G|C|C|C|C|T|T,Hap2,36.670913695,32.11,41.23182739,T,C,T,A,C,A,G,A,C,T,T,T,T,G,C,G,A,C,C,G,C,G,T,C,T,T,T,Palestine,Mughari,False,False,False,Neither
WATDE0492,T|C|T|A|A|C|G|A|G|A|C|G|G|C|T|A|T|T|T|C|G|G|G|C|G|C|C|G|A|A|C|C|G|A|C|C|C|C|G|C|C|T|C|G|C|C|C|T|G|C|T|C|C|T|T,Hap3,32.24266589,24.23,40.25533178,T,C,T,A,C,A,G,A,C,T,T,T,T,G,C,G,A,C,C,G,C,G,T,C,T,T,T,Egypt,Brown 11,False,False,False,Neither
WATDE0494,T|C|T|A|A|C|G|A|G|A|C|G|G|C|T|A|T|T|T|C|G|G|G|C|G|C|C|G|A|A|C|C|G|A|C|C|C|C|G|C|C|T|C|G|C|C|C|T|G|C|T|C|C|T|T,Hap3,47.4832218,,47.4832218,T,C,T,A,C,A,G,A,C,T,T,T,T,G,C,G,A,C,C,G,C,G,T,C,T,T,T,Unknown,,False,False,False,Neither
WATDE0496,T|C|T|A|A|C|G|A|G|A|C|G|G|C|T|A|T|T|T|C|G|G|G|C|G|C|C|G|A|A|C|C|G|A|C|C|C|C|G|C|C|T|C|G|C|C|C|T|G|C|T|C|C|T|T,Hap3,46.38352407,,46.38352407,T,C,T,A,C,A,G,A,C,T,T,T,T,G,C,G,A,C,C,G,C,G,T,C,T,T,T,Egypt,,False,False,False,Neither
WATDE0498,T|C|T|A|A|C|G|A|G|A|C|G|G|C|T|A|T|T|T|C|G|G|G|C|G|C|C|G|A|A|C|C|G|A|C|C|C|C|G|C|C|T|C|G|C|C|C|T|G|C|T|C|C|T|T,Hap3,46.9904113,,46.9904113,T,C,T,A,C,A,G,A,C,T,T,T,T,G,C,G,A,C,C,G,C,G,T,C,T,T,T,Brazil,,False,False,False,Neither
WATDE0500,T|C|T|A|G|C|G|A|G|A|C|G|G|C|T|A|T|T|T|C|G|G|G|C|G|C|C|G|A|A|C|C|G|A|C|C|C|C|G|C|C|T|C|G|C|C|C|T|G|C|C|C|C|T|T,Hap2,45.94546997,,45.94546997,T,C,T,A,C,A,G,A,C,T,T,T,T,G,C,G,A,C,C,G,C,G,T,C,T,T,T,Unknown,,False,False,False,Neither
WATDE0501,T|C|T|A|G|C|G|A|G|A|C|G|G|C|T|A|T|T|T|C|G|G|G|C|G|C|C|G|A|A|C|C|G|A|C|C|C|C|G|C|C|T|C|G|C|C|C|T|G|C|C|C|C|T|T,Hap2,46.33496236,45.57,47.09992472,T,C,T,A,C,A,G,A,C,T,T,T,T,G,C,G,A,C,C,G,C,G,T,C,T,T,T,Unknown,,False,False,False,Neither
WATDE0502,T|C|T|A|G|C|G|A|G|A|C|G|G|C|T|A|T|T|T|C|G|G|G|C|G|C|C|G|A|A|C|C|G|A|C|C|C|C|G|C|C|T|C|G|C|C|C|T|G|C|C|C|C|T|T,Hap2,42.91564475,39.32,46.5112895,T,C,T,A,C,A,G,A,C,T,T,T,T,G,C,G,A,C,C,G,C,G,T,C,T,T,T,Unknown,,False,False,False,Neither
WATDE0503,T|C|T|A|G|C|G|A|G|A|C|G|G|C|T|A|T|T|T|C|G|G|G|C|G|C|C|G|A|A|C|C|G|A|C|C|C|C|G|C|C|T|C|G|C|C|C|T|G|C|C|C|C|T|T,Hap2,38.79274642,33.99,43.59549284,T,C,T,A,C,A,G,A,C,T,T,T,T,G,C,G,A,C,C,G,C,G,T,C,T,T,T,Unknown,,False,False,False,Neither
WATDE0504,T|C|T|A|A|C|G|A|G|A|C|G|G|C|T|A|T|T|T|C|G|G|G|C|G|C|C|G|A|A|C|C|G|A|C|C|C|C|G|C|C|T|C|G|C|C|C|T|G|C|T|C|C|T|T,Hap3,38.02395113,30.65,45.39790226,T,C,T,A,C,A,G,A,C,T,T,T,T,G,C,G,A,C,C,G,C,G,T,C,T,T,T,Hungary,,False,False,False,Neither
WATDE0505,T|C|T|A|A|C|G|A|G|A|C|G|G|C|T|A|T|T|T|C|G|G|G|C|G|C|C|G|A|A|C|C|G|A|C|C|C|C|G|C|C|T|C|G|C|C|C|T|G|C|T|C|C|T|T,Hap3,41.010160725,35.76,46.26032145,T,C,T,A,C,A,G,A,C,T,T,T,T,G,C,G,A,C,C,G,C,G,T,C,T,T,T,Hungary,,False,False,False,Neither
WATDE0507,T|C|T|A|G|C|G|A|G|A|C|G|G|C|T|A|T|T|T|C|G|G|G|C|G|C|C|G|A|A|C|C|G|A|C|C|C|C|G|C|C|T|C|G|C|C|C|T|G|C|T|C|C|T|T,Hap1,39.02071515,35.97,42.0714303,T,C,T,A,C,A,G,A,C,T,T,T,T,G,C,G,A,C,C,G,C,G,T,C,T,T,T,Hungary,,False,False,False,Neither
WATDE0509,T|C|T|A|G|C|G|A|G|A|C|G|G|C|T|A|T|T|T|C|G|G|G|C|G|C|C|G|A|A|C|C|G|A|C|C|C|C|G|C|C|T|C|G|C|C|C|T|G|C|C|C|C|T|T,Hap2,36.640677245,33.35,39.93135449,T,C,T,A,C,A,G,A,C,T,T,T,T,G,C,G,A,C,C,G,C,G,T,C,T,T,T,Portugal,Trigo Precoce,False,False,False,Neither
WATDE0510,C|C|T|A|G|C|G|A|G|A|C|G|G|C|T|A|T|T|T|C|A|G|G|C|G|C|C|G|A|A|C|C|G|A|C|C|C|C|G|C|C|T|T|G|C|C|C|T|G|A|T|C|C|T|T,Hap5,49.378541815000005,39.2,59.55708363,C,C,T,A,C,A,G,A,C,T,T,T,T,G,C,G,A,C,C,G,C,G,T,C,T,T,T,Spain,Manitoba,False,False,False,Neither
WATDE0511,C|C|T|A|G|C|G|A|G|A|C|G|G|C|T|A|T|T|T|C|A|G|G|C|G|C|C|G|A|A|C|C|G|A|C|C|C|C|G|C|C|T|T|G|C|C|C|T|G|A|T|C|C|T|T,Hap5,39.06758627,31.56,46.57517254,C,C,T,A,C,A,G,A,C,T,T,T,T,G,C,G,A,C,C,G,C,G,T,C,T,T,T,Spain,Candeal,False,False,False,Neither
WATDE0512,T|C|T|A|G|C|G|A|G|A|C|G|G|C|T|C|T|T|T|C|G|G|G|C|G|C|C|G|A|A|C|C|G|A|C|C|C|C|G|C|C|T|C|G|C|C|C|T|G|C|T|C|C|T|T,Hap6,41.84409075,37.04,46.6481815,T,C,T,A,C,A,G,A,C,T,T,T,T,G,C,G,A,C,C,G,C,G,T,C,T,T,T,Spain,Hembrilla de Isamba,False,False,False,Neither
WATDE0513,T|C|T|A|A|C|G|A|G|A|C|G|G|C|T|A|T|T|T|C|G|G|G|C|G|C|C|G|A|A|C|C|G|A|C|C|C|C|G|C|C|T|C|G|C|C|C|T|G|C|T|C|C|T|T,Hap3,46.48855872,41.775,51.20211744,T,C,T,A,C,A,G,A,C,T,T,T,T,G,C,G,A,C,C,G,C,G,T,C,T,T,T,Spain,Rampla,False,False,False,Neither
WATDE0516,T|C|T|A|G|C|G|A|G|A|C|G|G|C|T|A|T|T|T|C|G|G|G|C|G|C|C|G|A|A|C|C|G|A|C|T|C|C|G|T|C|T|C|G|C|C|C|T|G|C|T|C|C|T|T,Hap10,32.100502045,28.13,36.07100409,T,C,T,A,C,A,G,A,C,T,T,T,T,G,C,G,A,C,C,G,C,G,T,C,T,T,T,Bulgaria,,False,False,False,Neither
WATDE0518,T|C|T|A|G|C|G|A|G|A|C|G|G|C|T|A|T|T|T|C|G|G|G|C|G|C|C|G|A|A|C|C|G|A|C|T|C|C|G|T|C|T|C|G|C|C|C|T|G|C|T|C|C|T|T,Hap10,29.058378355,24.56,33.55675671,T,C,T,A,C,A,G,A,C,T,T,T,T,G,C,G,A,C,C,G,C,G,T,C,T,T,T,Bulgaria,,False,False,False,Neither
WATDE0519,T|C|T|A|G|C|G|A|G|A|C|G|G|C|T|A|T|T|T|C|G|G|G|C|G|C|C|G|A|A|C|C|G|A|C|C|C|C|G|C|C|T|C|G|C|C|C|T|G|C|C|C|C|T|T,Hap2,41.08624008,38.18,43.99248016,T,C,T,A,C,A,G,A,C,T,T,T,T,G,C,G,A,C,C,G,C,G,T,C,T,T,T,Bulgaria,,False,False,False,Neither
WATDE0520,T|C|T|A|G|C|G|A|G|A|C|G|G|C|T|A|T|T|T|C|G|G|G|C|G|C|C|G|A|A|C|C|G|A|C|C|C|C|G|C|C|T|C|G|C|C|C|T|G|C|C|C|C|T|T,Hap2,38.429262895,35.54,41.31852579,T,C,T,A,C,A,G,A,C,T,T,T,T,G,C,G,A,C,C,G,C,G,T,C,T,T,T,Bulgaria,,False,False,False,Neither
WATDE0521,T|C|T|A|G|C|G|A|G|A|C|G|G|C|T|A|T|T|T|C|G|G|G|C|G|C|C|G|A|A|C|C|G|A|C|C|C|C|G|C|C|T|C|G|C|C|C|T|G|C|C|C|C|T|T,Hap2,32.36686278,28.9,35.83372556,T,C,T,A,C,A,G,A,C,T,T,T,T,G,C,G,A,C,C,G,C,G,T,C,T,T,T,Yugoslavia,,False,False,False,Neither
WATDE0522,T|C|T|A|G|C|G|A|G|A|C|G|G|C|T|C|T|T|T|C|G|G|G|C|G|C|C|G|A|A|C|C|G|A|C|C|C|C|G|C|C|T|C|G|C|C|C|T|G|C|T|C|C|T|T,Hap6,48.259101065,42.09,54.42820213,T,C,T,A,C,A,G,A,C,T,T,T,T,G,C,G,A,C,C,G,C,G,T,C,T,T,T,Yugoslavia,,False,False,False,Neither
WATDE0524,T|C|T|A|G|C|G|A|G|A|C|G|G|C|T|A|T|T|T|C|G|G|G|C|G|C|C|G|A|A|C|C|G|A|C|C|C|C|G|C|C|T|C|G|C|C|C|T|G|C|C|C|C|T|T,Hap2,34.414458705,27.88,40.94891741,T,C,T,A,C,A,G,A,C,T,T,T,T,G,C,G,A,C,C,G,C,G,T,C,T,T,T,Yugoslavia,,False,False,False,Neither
WATDE0526,T|C|T|A|A|C|G|A|G|A|C|G|G|C|T|A|T|T|T|C|G|G|G|C|G|C|C|G|A|A|C|C|G|A|C|C|C|C|G|C|C|T|C|G|C|C|C|T|G|C|T|C|C|T|T,Hap3,41.497676155,34.96,48.03535231,T,C,T,A,C,A,G,A,C,T,T,T,T,G,C,G,A,C,C,G,C,G,T,C,T,T,T,Yugoslavia,,False,False,False,Neither
WATDE0527,T|C|T|A|G|C|G|A|G|A|C|G|G|C|T|C|T|T|T|C|G|G|G|C|G|C|C|G|A|A|C|C|G|A|C|C|C|C|G|C|C|T|C|G|C|C|C|T|G|C|T|C|C|T|T,Hap6,39.37914957,34.2,44.55829914,T,C,T,A,C,A,G,A,C,T,T,T,T,G,C,G,A,C,C,G,C,G,T,C,T,T,T,Yugoslavia,,False,False,False,Neither
WATDE0529,T|C|T|A|G|C|G|A|G|A|C|G|G|C|T|A|T|T|T|C|G|G|G|C|G|C|C|G|A|A|C|C|G|A|C|C|C|C|G|C|C|T|C|G|C|C|C|T|G|C|T|C|C|T|T,Hap1,41.811115130000005,34.04,49.58223026,T,C,T,A,C,A,G,A,C,T,T,T,T,G,C,G,A,C,C,G,C,G,T,C,T,T,T,Yugoslavia,,False,False,False,Neither
WATDE0532,T|C|T|A|G|C|G|A|G|A|C|G|G|C|T|A|T|T|T|C|G|G|G|C|G|C|C|G|A|A|C|C|G|A|C|C|C|C|G|C|C|T|C|G|C|C|C|T|G|C|T|C|C|T|T,Hap1,38.20313384,32.61,43.79626768,T,C,T,A,C,A,G,A,C,T,T,T,T,G,C,G,A,C,C,G,C,G,T,C,T,T,T,Yugoslavia,,False,False,False,Neither
WATDE0533,T|C|T|A|G|C|G|A|G|A|C|G|G|C|T|A|T|T|T|C|G|G|G|C|G|C|C|G|A|A|C|C|G|A|C|C|C|C|G|C|C|T|C|G|C|C|C|T|G|C|C|C|C|T|T,Hap2,39.886018255,30.24,49.53203651,T,C,T,A,C,A,G,A,C,T,T,T,T,G,C,G,A,C,C,G,C,G,T,C,T,T,T,Yugoslavia,,False,False,False,Neither
WATDE0534,T|C|T|A|G|C|G|A|G|A|C|G|G|C|T|A|T|T|T|C|G|G|G|C|G|C|C|G|A|A|C|C|G|A|C|C|C|C|G|C|C|T|C|G|C|C|C|T|G|C|T|C|C|T|T,Hap1,37.15536689,35.365,38.94573378,T,C,T,A,C,A,G,A,C,T,T,T,T,G,C,G,A,C,C,G,C,G,T,C,T,T,T,Yugoslavia,Veliko Hoce,False,False,False,Neither
WATDE0537,T|C|T|A|G|C|G|A|G|A|C|G|G|C|T|A|T|T|T|C|G|G|G|C|G|C|C|G|A|A|C|C|G|A|C|T|C|C|G|T|C|T|C|G|C|C|C|T|G|C|T|C|C|T|T,Hap10,30.21323699,27.65,32.77647398,T,C,T,A,C,A,G,A,C,T,T,T,T,G,C,G,A,C,C,G,C,G,T,C,T,T,T,Yugoslavia,,False,False,False,Neither
WATDE0539,T|C|T|A|G|C|G|A|G|A|C|G|G|C|T|A|T|T|T|C|G|G|G|C|G|C|C|G|A|A|C|C|G|A|C|T|C|C|G|T|C|T|C|G|C|C|C|T|G|C|T|C|C|T|T,Hap10,30.11337373,25.73,34.49674746,T,C,T,A,C,A,G,A,C,T,T,T,T,G,C,G,A,C,C,G,C,G,T,C,T,T,T,Bulgaria,Bregari,False,False,False,Neither
WATDE0541,T|C|T|A|G|C|G|A|G|A|C|G|G|C|T|A|T|T|T|C|G|G|G|C|G|C|C|G|A|A|C|C|G|A|C|C|C|C|G|C|C|T|C|G|C|C|C|T|G|C|T|C|C|T|T,Hap1,37.937555200000006,32.85,43.0251104,T,C,T,A,C,A,G,A,C,T,T,T,T,G,C,G,A,C,C,G,C,G,T,C,T,T,T,Yugoslavia,Native winter,False,False,False,Neither
WATDE0542,T|C|T|A|G|C|G|A|G|A|C|G|G|C|T|A|T|T|T|C|G|G|G|C|G|C|C|G|A|A|C|C|G|A|C|C|C|C|G|C|C|T|C|G|C|C|C|T|G|C|T|C|C|T|T,Hap1,50.284668190000005,43.02,57.54933638,T,C,T,A,C,A,G,A,C,T,T,T,T,G,C,G,A,C,C,G,C,G,T,C,T,T,T,Yugoslavia,Native winter,False,False,False,Neither
WATDE0544,T|C|T|A|G|C|G|A|G|A|C|G|G|C|T|A|T|T|T|C|G|G|G|C|G|C|C|G|A|A|C|C|G|A|C|C|C|C|G|C|C|T|C|G|C|C|C|T|G|C|T|C|C|T|T,Hap1,38.221849585,28.13,48.31369917,T,C,T,A,C,A,G,A,C,T,T,T,T,G,C,G,A,C,C,G,C,G,T,C,T,T,T,Yugoslavia,Native winter,False,False,False,Neither
WATDE0546,T|C|T|A|G|C|G|A|G|A|C|G|G|C|T|A|T|T|T|C|G|G|G|C|G|C|C|G|A|A|C|C|G|A|C|C|C|C|G|C|C|T|C|G|C|C|C|T|G|C|T|C|C|T|T,Hap1,46.580331175,42.1,51.06066235,T,C,T,A,C,A,G,A,C,T,T,T,T,G,C,G,A,C,C,G,C,G,T,C,T,T,T,Iran,Kerbelai Ali Khani,False,False,False,Neither
WATDE0547,T|C|T|A|G|C|G|A|G|A|C|G|G|C|T|A|T|T|T|C|G|G|G|C|G|C|C|G|A|A|C|C|G|A|C|C|C|C|G|C|C|T|C|G|C|C|C|T|G|C|C|C|C|T|T,Hap2,38.511620255,31.42,45.60324051,T,C,T,A,C,A,G,A,C,T,T,T,T,G,C,G,A,C,C,G,C,G,T,C,T,T,T,Iran,Sarakhs,False,False,False,Neither
WATDE0549,C|C|T|A|G|C|G|A|G|A|C|G|G|C|T|A|T|T|T|C|G|G|G|C|G|C|C|G|A|A|C|C|G|A|C|C|C|C|G|C|C|T|C|G|C|C|C|T|G|C|T|C|C|T|T,Hap4,31.680747765,27.87,35.49149553,C,C,T,A,C,A,G,A,C,T,T,T,T,G,C,G,A,C,C,G,C,G,T,C,T,T,T,Iran,,False,False,False,Neither
WATDE0550,C|C|T|A|G|C|G|A|G|A|C|G|G|C|T|A|T|T|T|C|G|G|G|C|G|C|C|G|A|A|C|C|G|A|C|C|C|C|G|C|C|T|C|G|C|C|C|T|G|C|T|C|C|T|T,Hap4,32.87509856,26.59,39.16019712,C,C,T,A,C,A,G,A,C,T,T,T,T,G,C,G,A,C,C,G,C,G,T,C,T,T,T,Iran,Vilayati,False,False,False,Neither
WATDE0552,T|C|T|A|G|C|G|A|G|A|C|G|G|C|T|A|T|T|T|C|G|G|G|C|G|C|C|G|A|A|C|C|G|A|C|T|C|C|G|T|C|T|C|G|C|C|C|T|G|C|T|C|C|T|T,Hap10,36.23962125,34.98,37.4992425,T,C,T,A,C,A,G,A,C,T,T,T,T,G,C,G,A,C,C,G,C,G,T,C,T,T,T,Iran,Sarakhs,False,False,False,Neither
WATDE0553,T|C|T|A|G|C|G|A|G|A|C|G|G|C|T|A|T|T|T|C|G|G|G|C|G|C|C|G|A|A|C|C|G|A|C|C|C|C|G|C|C|T|C|G|C|C|C|T|G|C|T|C|C|T|T,Hap1,39.11775591,36.52,41.71551182,T,C,T,A,C,A,G,A,C,T,T,T,T,G,C,G,A,C,C,G,C,G,T,C,T,T,T,Iran,Sarakh,False,False,False,Neither
WATDE0555,T|C|T|A|G|C|G|A|G|A|C|G|G|C|T|C|T|T|T|C|G|G|G|C|G|C|C|G|A|A|C|C|G|A|C|C|C|C|G|C|C|T|C|G|C|C|C|T|G|C|T|C|A|T|T,Hap12,45.05378876,41.26,48.84757752,T,C,T,A,C,A,G,A,C,T,T,T,T,G,C,G,A,C,C,G,C,G,T,C,T,T,T,Iran,Kal,False,False,False,Neither
WATDE0556,C|C|T|A|G|C|G|A|G|A|C|G|G|C|T|A|T|T|T|C|G|G|G|C|G|C|C|G|A|A|C|C|G|A|C|C|C|C|G|C|C|T|C|G|C|C|C|T|G|C|T|C|C|T|T,Hap4,42.3255147,41.27,43.3810294,C,C,T,A,C,A,G,A,C,T,T,T,T,G,C,G,A,C,C,G,C,G,T,C,T,T,T,Iran,Sari Boghda,False,False,False,Neither
WATDE0557,C|C|T|A|G|C|G|A|G|A|C|G|G|C|T|A|T|T|T|C|G|G|G|C|G|C|C|G|A|A|C|C|G|A|C|C|C|C|G|C|C|T|C|G|C|C|C|T|G|C|T|C|C|T|T,Hap4,39.24186096,32.52,45.96372192,C,C,T,A,C,A,G,A,C,T,T,T,T,G,C,G,A,C,C,G,C,G,T,C,T,T,T,India,Lyallpur 14,False,False,False,Neither
WATDE0558,T|C|T|A|G|C|G|A|G|A|C|G|G|C|T|A|T|T|T|C|G|G|G|C|G|C|C|G|A|A|C|C|G|A|C|C|C|C|G|C|C|T|C|G|C|C|C|T|G|C|C|C|C|T|T,Hap2,39.6686228,36.23,43.1072456,T,C,T,A,C,A,G,A,C,T,T,T,T,G,C,G,A,C,C,G,C,G,T,C,T,T,T,India,,False,False,False,Neither
WATDE0560,T|C|T|A|G|C|G|A|G|A|C|G|G|C|T|A|T|T|T|C|G|G|G|C|G|C|C|G|A|A|C|C|G|A|C|T|C|C|G|T|C|T|C|G|C|C|C|T|G|C|T|C|C|T|T,Hap10,36.30391573,29.82,42.78783146,T,C,T,A,C,A,G,A,C,T,T,T,T,G,C,G,A,C,C,G,C,G,T,C,T,T,T,Greece,Hokino,False,False,False,Neither
WATDE0561,T|C|T|A|G|C|G|A|G|A|C|G|G|C|T|A|T|T|T|C|G|G|G|C|G|C|C|G|A|A|C|C|G|A|C|T|C|C|G|T|C|T|C|G|C|C|C|T|G|C|T|C|C|T|T,Hap10,37.783568685,31.31,44.25713737,T,C,T,A,C,A,G,A,C,T,T,T,T,G,C,G,A,C,C,G,C,G,T,C,T,T,T,Greece,Vardarka Chervenaka,False,False,False,Neither
WATDE0562,T|C|T|A|G|C|G|A|G|A|C|G|G|C|T|A|T|T|T|C|G|G|G|C|G|C|C|G|A|A|C|C|G|A|C|C|C|C|G|C|C|T|C|G|C|C|C|T|G|C|T|C|C|T|T,Hap1,35.34141507,22.83,47.85283014,T,C,T,A,C,A,G,A,C,T,T,T,T,G,C,G,A,C,C,G,C,G,T,C,T,T,T,Spain,,False,False,False,Neither
WATDE0563,T|C|T|A|G|C|G|A|G|A|C|G|G|C|T|A|T|T|T|C|G|G|G|C|G|C|C|G|A|A|C|C|G|A|C|C|C|C|G|C|C|T|C|G|C|C|C|T|G|C|C|C|C|T|T,Hap2,41.653223895,38.05,45.25644779,T,C,T,A,C,A,G,A,C,T,T,T,T,G,C,G,A,C,C,G,C,G,T,C,T,T,T,Spain,Black Argaña,False,False,False,Neither
WATDE0565,T|C|T|A|G|C|G|A|G|A|C|G|G|C|T|C|T|T|T|C|G|G|G|C|G|C|C|G|A|A|C|C|G|A|C|C|C|C|G|C|C|T|C|G|C|C|C|T|G|C|T|A|C|T|T,Hap9,41.02768546,35.9,46.15537092,T,C,T,A,C,A,G,A,C,T,T,T,T,G,C,G,A,C,C,G,C,G,T,C,T,T,T,Spain,,False,False,False,Neither
WATDE0566,T|C|T|A|G|C|G|A|G|A|C|G|G|C|T|C|T|T|T|C|G|G|G|C|G|C|C|G|A|A|C|C|G|A|C|C|C|C|G|C|C|T|C|G|C|C|C|T|G|C|T|A|C|T|T,Hap9,43.522442225,40.78,46.26488445,T,C,T,A,C,A,G,A,C,T,T,T,T,G,C,G,A,C,C,G,C,G,T,C,T,T,T,Portugal,Trigo Lobeiro,False,False,False,Neither
WATDE0567,T|C|T|A|G|C|G|A|G|A|C|G|G|C|T|A|T|T|T|C|G|G|G|C|G|C|C|G|A|A|C|C|G|A|C|C|C|C|G|C|C|T|C|G|C|C|C|T|G|C|T|C|C|T|T,Hap1,35.132999165,28.66,41.60599833,T,C,T,A,C,A,G,A,C,T,T,T,T,G,C,G,A,C,C,G,C,G,T,C,T,T,T,Portugal,Trigo Rietti,False,False,False,Neither
WATDE0568,C|C|T|A|G|C|G|A|G|A|C|G|G|C|T|A|T|T|T|C|A|G|G|C|G|C|C|G|A|A|C|C|G|A|C|C|C|C|G|C|C|T|T|G|C|C|C|T|G|A|T|C|C|T|T,Hap5,42.394228260000006,36.42,48.36845652,C,C,T,A,C,A,G,A,C,T,T,T,T,G,C,G,A,C,C,G,C,G,T,C,T,T,T,Portugal,Trigo Rietti,False,False,False,Neither
WATDE0569,C|C|C|G|G|A|A|G|A|A|G|G|G|C|A|A|G|G|C|C|G|A|G|T|G|T|T|A|G|G|T|C|A|T|T|C|C|T|A|C|T|C|C|G|T|T|T|C|T|C|T|C|C|T|C,Hap15,47.173973360000005,43.52,50.82794672,C,C,C,G,A,G,A,A,C,A,G,G,C,G,T,A,G,T,C,A,C,A,C,T,C,T,C,Portugal,Trigo Galego,True,False,False,PublishedOnly
WATDE0570,C|C|C|G|G|A|A|G|A|A|G|G|G|C|A|A|G|G|C|C|G|A|G|T|G|T|T|A|G|G|T|C|A|T|T|C|C|T|A|C|T|C|C|G|T|T|T|C|T|C|T|C|C|T|C,Hap15,49.60973898,46.11,53.10947796,C,C,C,G,A,G,A,A,C,A,G,G,C,G,T,A,G,T,C,A,C,A,C,T,C,T,C,Portugal,Trigo Galego,True,False,False,PublishedOnly
WATDE0571,T|C|T|A|G|C|G|A|G|A|C|G|G|C|T|A|T|T|T|T|G|G|G|C|G|C|C|G|A|A|C|C|G|A|C|C|C|C|G|C|C|T|C|A|C|C|C|T|G|C|T|C|C|T|T,Hap16,51.667542765,47.83,55.50508553,T,C,T,A,C,A,G,A,C,T,T,T,T,G,C,G,A,C,C,G,C,G,T,C,T,T,T,Portugal,Trigo Mourisco ruivo,False,False,False,Neither
WATDE0574,C|T|C|G|G|A|G|G|A|G|C|G|G|T|A|A|G|G|C|C|G|G|A|C|G|T|C|A|A|G|T|T|A|A|C|C|T|C|A|C|C|C|C|G|C|T|C|C|G|C|T|C|C|C|C,Hap8,31.1882774,27.93,34.4465548,C,T,C,G,A,G,A,G,T,A,G,G,C,A,T,A,G,T,T,A,T,A,C,T,C,C,C,China,,True,True,True,Published+Background
WATDE0576,C|T|C|G|G|A|G|G|A|G|C|G|G|T|A|A|G|G|C|C|G|G|A|C|G|T|C|A|A|G|T|T|A|A|C|C|T|C|A|C|C|C|C|G|C|T|C|C|G|C|T|C|C|C|C,Hap8,28.895804365,23.92,33.87160873,C,T,C,G,A,G,A,G,T,A,G,G,C,A,T,A,G,T,T,A,T,A,C,T,C,C,C,China,,True,True,True,Published+Background
WATDE0577,T|C|T|A|G|C|G|A|G|A|C|G|G|C|T|A|T|T|T|C|G|G|G|C|G|C|C|G|A|A|C|C|G|A|C|C|C|C|G|C|C|T|C|G|C|C|C|T|G|C|C|C|C|T|T,Hap2,39.73436208,38.57,40.89872416,T,C,T,A,C,A,G,A,C,T,T,T,T,G,C,G,A,C,C,G,C,G,T,C,T,T,T,Portugal,Trigo Marquês,False,False,False,Neither
WATDE0578,T|C|T|A|G|C|G|A|G|A|C|G|G|C|T|A|T|T|T|C|G|G|G|C|G|C|C|G|A|A|C|C|G|A|C|C|C|C|G|C|C|T|C|G|C|C|C|T|G|C|T|C|C|T|T,Hap1,35.69862071,27.82,43.57724142,T,C,T,A,C,A,G,A,C,T,T,T,T,G,C,G,A,C,C,G,C,G,T,C,T,T,T,Greece,Vardarka Chervenaka,False,False,False,Neither
WATDE0579,T|C|T|A|G|C|G|A|G|A|C|G|G|C|T|A|T|T|T|C|G|G|G|C|G|C|C|G|A|A|C|C|G|A|C|C|C|C|G|C|C|T|C|G|C|C|C|T|G|C|T|C|C|T|T,Hap1,38.247102125,30.17,46.32420425,T,C,T,A,C,A,G,A,C,T,T,T,T,G,C,G,A,C,C,G,C,G,T,C,T,T,T,Spain,Marquis,False,False,False,Neither
WATDE0581,T|C|T|A|G|C|G|A|G|A|C|G|G|C|T|A|T|T|T|C|G|G|G|C|G|C|C|G|A|A|C|C|G|A|C|C|C|C|G|C|C|T|C|G|C|C|C|T|G|C|T|C|C|T|T,Hap1,39.977581545,32.44,47.51516309,T,C,T,A,C,A,G,A,C,T,T,T,T,G,C,G,A,C,C,G,C,G,T,C,T,T,T,Iran,Serabend,False,False,False,Neither
WATDE0582,C|C|T|A|G|C|G|A|G|A|C|G|G|C|T|A|T|T|T|C|G|G|G|C|G|C|C|G|A|A|C|C|G|A|C|C|C|C|G|C|C|T|C|G|C|C|C|T|G|C|T|C|C|T|T,Hap4,38.010231085,34.2,41.82046217,C,C,T,A,C,A,G,A,C,T,T,T,T,G,C,G,A,C,C,G,C,G,T,C,T,T,T,Iran,Safid,False,False,False,Neither
WATDE0585,T|C|T|A|G|C|G|A|G|A|C|G|G|C|T|A|T|T|T|C|G|G|G|C|G|C|C|G|A|A|C|C|G|A|C|C|C|C|G|C|C|T|C|G|C|C|C|T|G|C|T|C|C|T|T,Hap1,40.94891752,,40.94891752,T,C,T,A,C,A,G,A,C,T,T,T,T,G,C,G,A,C,C,G,C,G,T,C,T,T,T,Unknown,,False,False,False,Neither
WATDE0586,T|C|T|A|G|C|G|A|G|A|C|G|A|C|T|A|T|T|T|C|G|G|G|C|G|C|C|G|A|A|C|C|G|A|C|C|C|C|G|C|C|T|C|G|C|C|C|T|G|C|C|C|C|T|T,Hap14,33.40177822,23.71,43.09355644,T,C,T,A,C,A,G,A,C,T,T,T,T,G,C,G,A,C,C,G,C,G,T,C,T,T,T,India,,False,False,False,Neither
WATDE0588,C|C|C|G|G|A|A|G|A|A|G|G|G|C|A|A|G|G|C|C|G|G|G|T|G|T|T|A|G|G|T|C|A|T|T|C|C|T|A|C|T|C|C|G|T|T|T|C|T|C|T|C|C|T|C,Hap7,44.59873461,39.2,49.99746922,C,C,C,G,A,G,A,A,C,A,G,G,C,G,T,A,G,T,C,A,C,A,C,T,C,T,C,India,Setwa,True,False,False,PublishedOnly
WATDE0589,C|C|C|G|G|A|A|G|A|A|G|G|G|C|A|A|G|G|C|C|G|G|G|T|G|T|T|A|G|G|T|C|A|T|T|C|C|T|A|C|T|C|C|G|T|T|T|C|T|C|T|C|C|T|C,Hap7,42.70271425,35.23,50.1754285,C,C,C,G,A,G,A,A,C,A,G,G,C,G,T,A,G,T,C,A,C,A,C,T,C,T,C,India,Sur,True,False,False,PublishedOnly
WATDE0591,C|C|T|A|G|C|G|A|G|A|C|G|G|C|T|A|T|T|T|C|A|G|G|C|G|C|C|G|A|A|C|C|G|A|C|C|C|C|G|C|C|T|T|G|C|C|C|T|G|A|T|C|C|T|T,Hap5,42.65812236,39.17,46.14624472,C,C,T,A,C,A,G,A,C,T,T,T,T,G,C,G,A,C,C,G,C,G,T,C,T,T,T,India,,False,False,False,Neither
WATDE0594,T|C|T|A|G|C|G|A|G|A|C|G|G|C|T|A|T|T|T|C|G|G|G|C|G|C|C|G|A|A|C|C|G|A|C|C|C|C|G|C|C|T|C|G|C|C|C|T|G|C|T|C|C|T|T,Hap1,33.403204335,27.45,39.35640867,T,C,T,A,C,A,G,A,C,T,T,T,T,G,C,G,A,C,C,G,C,G,T,C,T,T,T,India,,False,False,False,Neither
WATDE0596,T|C|T|A|G|C|G|A|G|A|C|G|G|C|T|A|T|T|T|C|G|G|G|C|G|C|C|G|A|A|C|C|G|A|C|C|C|C|G|C|C|T|C|G|C|C|C|T|G|C|C|C|C|T|T,Hap2,38.86892022,35.89,41.84784044,T,C,T,A,C,A,G,A,C,T,T,T,T,G,C,G,A,C,C,G,C,G,T,C,T,T,T,India,,False,False,False,Neither
WATDE0597,T|C|T|A|G|C|G|A|G|A|C|G|G|C|T|A|T|T|T|C|G|G|G|C|G|C|C|G|A|A|C|C|G|A|C|C|C|C|G|C|C|T|C|A|C|C|C|T|G|C|T|C|C|T|T,Hap13,32.177554205,30.99,33.36510841,T,C,T,A,C,A,G,A,C,T,T,T,T,G,C,G,A,C,C,G,C,G,T,C,T,T,T,India,Gajar,False,False,False,Neither
WATDE0598,T|C|T|A|G|C|G|A|G|A|C|G|G|C|T|C|T|T|T|C|G|G|G|C|G|C|C|G|A|A|C|C|G|A|C|C|C|C|G|C|C|T|C|G|C|C|C|T|G|C|T|C|C|T|T,Hap6,47.688966215,43.14,52.23793243,T,C,T,A,C,A,G,A,C,T,T,T,T,G,C,G,A,C,C,G,C,G,T,C,T,T,T,India,,False,False,False,Neither
WATDE0599,T|C|T|A|G|C|G|A|G|A|C|G|G|C|T|C|T|T|T|C|G|G|G|C|G|C|C|G|A|A|C|C|G|A|C|C|C|C|G|C|C|T|C|G|C|C|C|T|G|C|T|C|C|T|T,Hap6,41.791658125,35.84,47.74331625,T,C,T,A,C,A,G,A,C,T,T,T,T,G,C,G,A,C,C,G,C,G,T,C,T,T,T,India,,False,False,False,Neither
WATDE0600,T|C|T|A|G|C|G|A|G|A|C|G|A|C|T|A|T|T|T|C|G|G|G|C|G|C|C|G|A|A|C|C|G|A|C|C|C|C|G|C|C|T|C|G|C|C|C|T|G|C|C|C|C|T|T,Hap14,30.14,30.14,,T,C,T,A,C,A,G,A,C,T,T,T,T,G,C,G,A,C,C,G,C,G,T,C,T,T,T,India,,False,False,False,Neither
WATDE0601,T|C|T|A|G|C|G|A|G|A|C|G|G|C|T|A|T|T|T|C|G|G|G|C|G|C|C|G|A|A|C|C|G|A|C|C|C|C|G|C|C|T|C|G|C|C|C|T|G|C|T|C|C|T|T,Hap1,36.83630554,33.18,40.49261108,T,C,T,A,C,A,G,A,C,T,T,T,T,G,C,G,A,C,C,G,C,G,T,C,T,T,T,India,,False,False,False,Neither
WATDE0602,T|C|T|A|G|C|G|A|G|A|C|G|G|C|T|A|T|T|T|C|G|G|G|C|G|C|C|G|A|A|C|C|G|A|C|C|C|C|G|C|C|T|C|G|C|C|C|T|G|C|T|C|C|T|T,Hap1,40.16149452,38.79,41.53298904,T,C,T,A,C,A,G,A,C,T,T,T,T,G,C,G,A,C,C,G,C,G,T,C,T,T,T,India,,False,False,False,Neither
WATDE0604,T|C|T|A|G|C|G|A|G|A|C|G|G|C|T|A|T|T|T|C|G|G|G|C|G|C|C|G|A|A|C|C|G|A|C|C|C|C|G|C|C|T|C|G|C|C|C|T|G|C|T|C|C|T|T,Hap1,49.30124317,45.42,53.18248634,T,C,T,A,C,A,G,A,C,T,T,T,T,G,C,G,A,C,C,G,C,G,T,C,T,T,T,India,Desi,False,False,False,Neither
WATDE0606,T|C|T|A|G|C|G|A|G|A|C|G|G|C|T|A|T|T|T|C|G|G|G|C|G|C|C|G|A|A|C|C|G|A|C|C|C|C|G|C|C|T|C|G|C|C|C|T|G|C|T|C|C|T|T,Hap1,42.220895035,39.45,44.99179007,T,C,T,A,C,A,G,A,C,T,T,T,T,G,C,G,A,C,C,G,C,G,T,C,T,T,T,India,Desi,False,False,False,Neither
WATDE0609,T|C|T|A|G|C|G|A|G|A|C|G|G|C|T|A|T|T|T|C|G|G|G|C|G|C|C|G|A|A|C|C|G|A|C|C|C|C|G|C|C|T|C|G|C|C|C|T|G|C|T|C|C|T|T,Hap1,37.932911415,36.19,39.67582283,T,C,T,A,C,A,G,A,C,T,T,T,T,G,C,G,A,C,C,G,C,G,T,C,T,T,T,India,Desi,False,False,False,Neither
WATDE0610,T|C|T|A|G|C|G|A|G|A|C|G|G|C|T|A|T|T|T|C|G|G|G|C|G|C|C|G|A|A|C|C|G|A|C|C|C|C|G|C|C|T|C|G|C|C|C|T|G|C|T|C|C|T|T,Hap1,36.54020236,35.28,37.80040472,T,C,T,A,C,A,G,A,C,T,T,T,T,G,C,G,A,C,C,G,C,G,T,C,T,T,T,India,Desi,False,False,False,Neither
WATDE0611,T|C|T|A|G|C|G|A|G|A|C|G|G|C|T|A|T|T|T|C|G|G|G|C|G|C|C|G|A|A|C|C|G|A|C|C|C|C|G|C|C|T|C|A|C|C|C|T|G|C|T|C|C|T|T,Hap13,41.66551018,39.01,44.32102036,T,C,T,A,C,A,G,A,C,T,T,T,T,G,C,G,A,C,C,G,C,G,T,C,T,T,T,India,Desi,False,False,False,Neither
WATDE0612,T|C|T|A|G|C|G|A|G|A|C|G|G|C|T|A|T|T|T|C|G|G|G|C|G|C|C|G|A|A|C|C|G|A|C|C|C|C|G|C|C|T|C|A|C|C|C|T|G|C|T|C|C|T|T,Hap13,37.076012795,33.34,40.81202559,T,C,T,A,C,A,G,A,C,T,T,T,T,G,C,G,A,C,C,G,C,G,T,C,T,T,T,India,Soor Ghanum,False,False,False,Neither
WATDE0613,T|C|T|A|G|C|G|A|G|A|C|G|G|C|T|A|T|T|T|C|G|G|G|C|G|C|C|G|A|A|C|C|G|A|C|C|C|C|G|C|C|T|C|G|C|C|C|T|G|C|T|C|C|T|T,Hap1,40.00827583,35.44,44.57655166,T,C,T,A,C,A,G,A,C,T,T,T,T,G,C,G,A,C,C,G,C,G,T,C,T,T,T,India,Soor Ghanum,False,False,False,Neither
WATDE0614,T|C|T|A|G|C|G|A|G|A|C|G|G|C|T|C|T|T|T|C|G|G|G|C|G|C|C|G|A|A|C|C|G|A|C|C|C|C|G|C|C|T|C|G|C|C|C|T|G|C|T|A|C|T|T,Hap9,40.791431285,37.02,44.56286257,T,C,T,A,C,A,G,A,C,T,T,T,T,G,C,G,A,C,C,G,C,G,T,C,T,T,T,India,Soor Ghanum,False,False,False,Neither
WATDE0615,T|C|T|A|G|C|G|A|G|A|C|G|G|C|T|A|T|T|T|C|G|G|G|C|G|C|C|G|A|A|C|C|G|A|C|C|C|C|G|C|C|T|C|G|C|C|C|T|G|C|T|C|C|T|T,Hap1,37.881062335,35.16,40.60212467,T,C,T,A,C,A,G,A,C,T,T,T,T,G,C,G,A,C,C,G,C,G,T,C,T,T,T,India,Soor Ghanum,False,False,False,Neither
WATDE0616,T|C|T|A|G|C|G|A|G|A|C|G|G|C|T|C|T|T|T|C|G|G|G|C|G|C|C|G|A|A|C|C|G|A|C|C|C|C|G|C|C|T|C|G|C|C|C|T|G|C|T|C|C|T|T,Hap6,37.1439273,33.85,40.4378546,T,C,T,A,C,A,G,A,C,T,T,T,T,G,C,G,A,C,C,G,C,G,T,C,T,T,T,China,Maitzu,False,False,False,Neither
WATDE0617,C|T|C|G|G|A|G|G|A|G|C|G|G|T|A|A|G|G|C|C|G|G|G|C|G|T|C|A|A|G|T|C|A|A|C|C|T|C|A|C|C|C|C|G|C|T|C|C|G|C|T|C|C|C|C,Hap17,28.522414835,24.93,32.11482967,C,T,C,G,A,G,A,G,T,A,G,G,C,G,T,A,G,T,C,A,T,A,C,T,C,C,C,China,,True,False,False,PublishedOnly
WATDE0618,T|C|T|A|G|C|G|A|G|A|C|G|G|C|T|C|T|T|T|C|G|G|G|C|G|C|C|G|A|A|C|C|G|A|C|C|C|C|G|C|C|T|C|G|C|C|C|T|G|C|T|C|C|T|T,Hap6,44.89441705,40.38,49.4088341,T,C,T,A,C,A,G,A,C,T,T,T,T,G,C,G,A,C,C,G,C,G,T,C,T,T,T,China,,False,False,False,Neither
WATDE0620,T|C|T|A|G|C|G|A|G|A|C|G|G|C|T|C|T|T|T|C|G|G|G|C|G|C|C|G|A|A|C|C|G|A|C|C|C|C|G|C|C|T|C|G|C|C|C|T|G|C|T|C|C|T|T,Hap6,45.1210139,39.77,50.4720278,T,C,T,A,C,A,G,A,C,T,T,T,T,G,C,G,A,C,C,G,C,G,T,C,T,T,T,China,,False,False,False,Neither
WATDE0622,T|C|T|A|G|C|G|A|G|A|C|G|G|C|T|C|T|T|T|C|G|G|G|C|G|C|C|G|A|A|C|C|G|A|C|C|C|C|G|C|C|T|C|G|C|C|C|T|G|C|T|C|C|T|T,Hap6,39.37984312,32.075,46.68468624,T,C,T,A,C,A,G,A,C,T,T,T,T,G,C,G,A,C,C,G,C,G,T,C,T,T,T,China,,False,False,False,Neither
WATDE0624,T|C|T|A|G|C|G|A|G|A|C|G|G|C|T|A|T|T|T|C|G|G|G|C|G|C|C|G|A|A|C|C|G|A|C|C|C|C|G|C|C|T|C|G|C|C|C|T|G|C|T|C|C|T|T,Hap1,38.78819515,36.34,41.2363903,T,C,T,A,C,A,G,A,C,T,T,T,T,G,C,G,A,C,C,G,C,G,T,C,T,T,T,China,,False,False,False,Neither
WATDE0626,T|C|T|A|G|C|G|A|G|A|C|G|G|C|T|A|T|T|T|C|G|G|G|C|G|C|C|G|A|A|C|C|G|A|C|C|C|C|G|C|C|T|C|G|C|C|C|T|G|C|T|C|C|T|T,Hap1,27.354256945,22.11,32.59851389,T,C,T,A,C,A,G,A,C,T,T,T,T,G,C,G,A,C,C,G,C,G,T,C,T,T,T,China,,False,False,False,Neither
WATDE0627,C|T|C|G|G|A|G|G|A|G|C|G|G|T|A|A|G|G|C|C|G|G|A|C|G|T|C|A|A|G|T|T|A|A|C|C|T|C|A|C|C|C|C|G|C|T|C|C|G|C|T|C|C|C|C,Hap8,43.61043951,38.46,48.76087902,C,T,C,G,A,G,A,G,T,A,G,G,C,A,T,A,G,T,T,A,T,A,C,T,C,C,C,China,,True,True,True,Published+Background
WATDE0628,T|C|T|A|A|C|G|A|G|A|C|G|G|C|T|A|T|T|T|C|G|G|G|C|G|C|C|G|A|A|C|C|G|A|C|C|C|C|G|C|C|T|C|G|C|C|C|T|G|C|T|C|C|T|T,Hap3,36.43106225,32.26,40.6021245,T,C,T,A,C,A,G,A,C,T,T,T,T,G,C,G,A,C,C,G,C,G,T,C,T,T,T,China,,False,False,False,Neither
WATDE0630,T|C|T|A|G|C|G|A|G|A|C|G|G|C|T|C|T|T|T|C|G|G|G|C|G|C|C|G|A|A|C|C|G|A|C|C|C|C|G|C|C|T|C|G|C|C|C|T|G|C|T|C|C|T|T,Hap6,31.55,31.55,,T,C,T,A,C,A,G,A,C,T,T,T,T,G,C,G,A,C,C,G,C,G,T,C,T,T,T,China,,False,False,False,Neither
WATDE0631,T|C|T|A|G|C|G|A|G|A|C|G|G|C|T|C|T|T|T|C|G|G|G|C|G|C|C|G|A|A|C|C|G|A|C|C|C|C|G|C|C|T|C|G|C|C|C|T|G|C|T|C|C|T|T,Hap6,38.460037695,35.2,41.72007539,T,C,T,A,C,A,G,A,C,T,T,T,T,G,C,G,A,C,C,G,C,G,T,C,T,T,T,China,,False,False,False,Neither
WATDE0632,T|C|T|A|G|C|G|A|G|A|C|G|G|C|T|A|T|T|T|C|G|G|G|C|G|C|C|G|A|A|C|C|G|A|C|T|C|C|G|T|C|T|C|G|C|C|C|T|G|C|T|C|C|T|T,Hap10,42.583795805,37.73,47.43759161,T,C,T,A,C,A,G,A,C,T,T,T,T,G,C,G,A,C,C,G,C,G,T,C,T,T,T,China,,False,False,False,Neither
WATDE0634,T|C|T|A|G|C|G|A|G|A|C|G|G|C|T|A|T|T|T|C|G|G|G|C|G|C|C|G|A|A|C|C|G|A|C|C|C|C|G|C|C|T|C|G|C|C|C|T|G|C|C|C|C|T|T,Hap2,36.04580307,28.09,44.00160614,T,C,T,A,C,A,G,A,C,T,T,T,T,G,C,G,A,C,C,G,C,G,T,C,T,T,T,Romania,Tiganesti 653,False,False,False,Neither
WATDE0635,C|C|T|A|G|C|G|A|G|A|C|G|G|C|T|A|T|T|T|C|G|G|G|C|G|C|C|G|A|A|C|C|G|A|C|C|C|C|G|C|C|T|C|G|C|C|C|T|G|C|T|C|C|T|T,Hap4,30.24331966,24.84,35.64663932,C,C,T,A,C,A,G,A,C,T,T,T,T,G,C,G,A,C,C,G,C,G,T,C,T,T,T,Romania,Todiresti,False,False,False,Neither
WATDE0636,T|C|T|A|G|C|G|A|G|A|C|G|G|C|T|A|T|T|T|C|G|G|G|C|G|C|C|G|A|A|C|C|G|A|C|T|C|C|G|T|C|T|C|G|C|C|C|T|G|C|T|C|C|T|T,Hap10,41.77632303,36.69,46.86264606,T,C,T,A,C,A,G,A,C,T,T,T,T,G,C,G,A,C,C,G,C,G,T,C,T,T,T,Romania,Miercurea Ciucului,False,False,False,Neither
WATDE0638,C|C|T|A|G|C|G|A|G|A|C|G|G|C|T|A|T|T|T|C|G|G|G|C|G|C|C|G|A|A|C|C|G|A|C|C|C|C|G|C|C|T|C|G|C|C|C|T|G|C|T|C|C|T|T,Hap4,40.3057658,29.09,51.5215316,C,C,T,A,C,A,G,A,C,T,T,T,T,G,C,G,A,C,C,G,C,G,T,C,T,T,T,Afghanistan,,False,False,False,Neither
WATDE0639,T|C|T|A|G|C|G|A|G|A|C|G|G|C|T|A|T|T|T|C|G|G|G|C|G|C|C|G|A|A|C|C|G|A|C|C|C|C|G|C|C|T|C|G|C|C|C|T|G|C|T|C|C|T|T,Hap1,45.65276613,41.81,49.49553226,T,C,T,A,C,A,G,A,C,T,T,T,T,G,C,G,A,C,C,G,C,G,T,C,T,T,T,Afghanistan,,False,False,False,Neither
WATDE0640,T|C|T|A|G|C|G|A|G|A|C|G|G|C|T|A|T|T|T|C|G|G|G|C|G|C|C|G|A|A|C|C|G|A|C|C|C|C|G|C|C|T|C|G|C|C|C|T|G|C|T|C|C|T|T,Hap1,43.40689227,37.3,49.51378454,T,C,T,A,C,A,G,A,C,T,T,T,T,G,C,G,A,C,C,G,C,G,T,C,T,T,T,Afghanistan,,False,False,False,Neither
WATDE0641,T|C|T|A|G|C|G|A|G|A|C|G|G|C|T|A|T|T|T|C|G|G|G|C|G|C|C|G|A|A|C|C|G|A|C|C|C|C|G|C|C|T|C|G|C|C|C|T|G|C|T|C|C|T|T,Hap1,36.86974722,32.17,41.56949444,T,C,T,A,C,A,G,A,C,T,T,T,T,G,C,G,A,C,C,G,C,G,T,C,T,T,T,Afghanistan,,False,False,False,Neither
WATDE0643,T|C|T|A|G|C|G|A|G|A|C|G|G|C|T|A|T|T|T|C|G|G|G|C|G|C|C|G|A|A|C|C|G|A|C|C|C|C|G|C|C|T|C|G|C|C|C|T|G|C|T|C|C|T|T,Hap1,39.063417825,32.77,45.35683565,T,C,T,A,C,A,G,A,C,T,T,T,T,G,C,G,A,C,C,G,C,G,T,C,T,T,T,Afghanistan,,False,False,False,Neither
WATDE0644,T|C|T|A|G|C|G|A|G|A|C|G|G|C|T|A|T|T|T|C|G|G|G|C|G|C|C|G|A|A|C|C|G|A|C|C|C|C|G|C|C|T|C|G|C|C|C|T|G|C|T|C|C|T|T,Hap1,37.791095905,31.9,43.68219181,T,C,T,A,C,A,G,A,C,T,T,T,T,G,C,G,A,C,C,G,C,G,T,C,T,T,T,Afghanistan,,False,False,False,Neither
WATDE0646,T|C|T|A|G|C|G|A|G|A|C|G|G|C|T|A|T|T|T|C|G|G|G|C|G|C|C|G|A|A|C|C|G|A|C|C|C|C|G|C|C|T|C|G|C|C|C|T|G|C|T|C|C|T|T,Hap1,38.624995625,27.07,50.17999125,T,C,T,A,C,A,G,A,C,T,T,T,T,G,C,G,A,C,C,G,C,G,T,C,T,T,T,Afghanistan,,False,False,False,Neither
WATDE0648,T|C|T|A|G|C|G|A|G|A|C|G|G|C|T|A|T|T|T|C|G|G|G|C|G|C|C|G|A|A|C|C|G|A|C|C|C|C|G|C|C|T|C|G|C|C|C|T|G|C|T|C|C|T|T,Hap1,46.106781535,39.93,52.28356307,T,C,T,A,C,A,G,A,C,T,T,T,T,G,C,G,A,C,C,G,C,G,T,C,T,T,T,Afghanistan,,False,False,False,Neither
WATDE0649,T|C|T|A|G|C|G|A|G|A|C|G|G|C|T|A|T|T|T|C|G|G|G|C|G|C|C|G|A|A|C|C|G|A|C|C|C|C|G|C|C|T|C|G|C|C|C|T|G|C|T|C|C|T|T,Hap1,41.81526907,39.67,43.96053814,T,C,T,A,C,A,G,A,C,T,T,T,T,G,C,G,A,C,C,G,C,G,T,C,T,T,T,Afghanistan,,False,False,False,Neither
WATDE0650,T|C|T|A|G|C|G|A|G|A|C|G|G|C|T|A|T|T|T|C|G|G|G|C|G|C|C|G|A|A|C|C|G|A|C|C|C|C|G|C|C|T|C|G|C|C|C|T|G|C|T|C|C|T|T,Hap1,38.14084306,30.61,45.67168612,T,C,T,A,C,A,G,A,C,T,T,T,T,G,C,G,A,C,C,G,C,G,T,C,T,T,T,Afghanistan,,False,False,False,Neither
WATDE0651,T|C|T|A|G|C|G|A|G|A|C|G|G|C|T|A|T|T|T|C|G|G|G|C|G|C|C|G|A|A|C|C|G|A|C|C|C|C|G|C|C|T|C|G|C|C|C|T|G|C|T|C|C|T|T,Hap1,38.00721299,32.46,43.55442598,T,C,T,A,C,A,G,A,C,T,T,T,T,G,C,G,A,C,C,G,C,G,T,C,T,T,T,Afghanistan,,False,False,False,Neither
WATDE0652,T|C|T|A|G|C|G|A|G|A|C|G|G|C|T|A|T|T|T|C|G|G|G|C|G|C|C|G|A|A|C|C|G|A|C|C|C|C|G|C|C|T|C|G|C|C|C|T|G|C|T|C|C|T|T,Hap1,42.16491046,36.55,47.77982092,T,C,T,A,C,A,G,A,C,T,T,T,T,G,C,G,A,C,C,G,C,G,T,C,T,T,T,Afghanistan,,False,False,False,Neither
WATDE0653,T|C|T|A|G|C|G|A|G|A|C|G|G|C|T|A|T|T|T|C|G|G|G|C|G|C|C|G|A|A|C|C|G|A|C|C|C|C|G|C|C|T|C|G|C|C|C|T|G|C|T|C|C|T|T,Hap1,37.16677841,31.24,43.09355682,T,C,T,A,C,A,G,A,C,T,T,T,T,G,C,G,A,C,C,G,C,G,T,C,T,T,T,Afghanistan,,False,False,False,Neither
WATDE0655,T|C|T|A|G|C|G|A|G|A|C|G|G|C|T|A|T|T|T|C|G|G|G|C|G|C|C|G|A|A|C|C|G|A|C|C|C|C|G|C|C|T|C|G|C|C|C|T|G|C|T|C|C|T|T,Hap1,35.897082585,31.37,40.42416517,T,C,T,A,C,A,G,A,C,T,T,T,T,G,C,G,A,C,C,G,C,G,T,C,T,T,T,Afghanistan,,False,False,False,Neither
WATDE0657,T|C|T|A|G|C|G|A|G|A|C|G|G|C|T|A|T|T|T|C|G|G|G|C|G|C|C|G|A|A|C|C|G|A|C|C|C|C|G|C|C|T|C|G|C|C|C|T|G|C|C|C|C|T|T,Hap2,42.859455,34.17,51.54891,T,C,T,A,C,A,G,A,C,T,T,T,T,G,C,G,A,C,C,G,C,G,T,C,T,T,T,Afghanistan,,False,False,False,Neither
WATDE0658,T|C|T|A|G|C|G|A|G|A|C|G|G|C|T|A|T|T|T|C|G|G|G|C|G|C|C|G|A|A|C|C|G|A|C|C|C|C|G|C|C|T|C|G|C|C|C|T|G|C|T|C|C|T|T,Hap1,42.91387409,34.58,51.24774818,T,C,T,A,C,A,G,A,C,T,T,T,T,G,C,G,A,C,C,G,C,G,T,C,T,T,T,Afghanistan,,False,False,False,Neither
WATDE0659,T|C|T|A|G|C|G|A|G|A|C|G|G|C|T|A|T|T|T|C|G|G|G|C|G|C|C|G|A|A|C|C|G|A|C|C|C|C|G|C|C|T|C|G|C|C|C|T|G|C|T|C|C|T|T,Hap1,48.84317774,43.03,54.65635548,T,C,T,A,C,A,G,A,C,T,T,T,T,G,C,G,A,C,C,G,C,G,T,C,T,T,T,Afghanistan,,False,False,False,Neither
WATDE0664,T|C|T|A|G|C|G|A|G|A|C|G|G|C|T|A|T|T|T|C|G|G|G|C|G|C|C|G|A|A|C|C|G|A|C|C|C|C|G|C|C|T|C|G|C|C|C|T|G|C|T|C|C|T|T,Hap1,46.89,46.89,,T,C,T,A,C,A,G,A,C,T,T,T,T,G,C,G,A,C,C,G,C,G,T,C,T,T,T,Afghanistan,,False,False,False,Neither
WATDE0665,T|C|T|A|G|C|G|A|G|A|C|G|G|C|T|A|T|T|T|C|G|G|G|C|G|C|C|G|A|A|C|C|G|A|C|C|C|C|G|C|C|T|C|G|C|C|C|T|G|C|T|C|C|T|T,Hap1,40.46,40.46,,T,C,T,A,C,A,G,A,C,T,T,T,T,G,C,G,A,C,C,G,C,G,T,C,T,T,T,Poland,Ostka Wieclawicka,False,False,False,Neither
WATDE0666,T|C|T|A|G|C|G|A|G|A|C|G|G|C|T|A|T|T|T|C|G|G|G|C|G|C|C|G|A|A|C|C|G|A|C|C|C|C|G|C|C|T|C|G|C|C|C|T|G|C|C|C|C|T|T,Hap2,32.891111995,25.39,40.39222399,T,C,T,A,C,A,G,A,C,T,T,T,T,G,C,G,A,C,C,G,C,G,T,C,T,T,T,Poland,Hanka,False,False,False,Neither
WATDE0667,T|C|T|A|G|C|G|A|G|A|C|G|G|C|T|A|T|T|T|C|G|G|G|C|G|C|C|G|A|A|C|C|G|A|C|C|C|C|G|C|C|T|C|G|C|C|C|T|G|C|C|C|C|T|T,Hap2,37.632012305,30.4,44.86402461,T,C,T,A,C,A,G,A,C,T,T,T,T,G,C,G,A,C,C,G,C,G,T,C,T,T,T,Poland,Hors Concurs,False,False,False,Neither
WATDE0670,T|C|T|A|G|C|G|A|G|A|C|G|G|C|T|A|T|T|T|C|G|G|G|C|G|C|C|G|A|A|C|C|G|A|C|C|C|C|G|C|C|T|C|G|C|C|C|T|G|C|T|C|C|T|T,Hap1,40.65729821,35.36,45.95459642,T,C,T,A,C,A,G,A,C,T,T,T,T,G,C,G,A,C,C,G,C,G,T,C,T,T,T,USSR,"erythrospermum Korn., Flaksberger 17517",False,False,False,Neither
WATDE0671,T|C|T|A|G|C|G|A|G|A|C|G|G|C|T|A|T|T|T|C|G|G|G|C|G|C|C|G|A|A|C|C|G|A|C|C|C|C|G|C|C|T|C|G|C|C|C|T|G|C|T|C|C|T|T,Hap1,41.24735231,37.69,44.80470462,T,C,T,A,C,A,G,A,C,T,T,T,T,G,C,G,A,C,C,G,C,G,T,C,T,T,T,USSR,"erythrospermum Korn., Flaksberger 23613",False,False,False,Neither
WATDE0672,T|C|T|A|G|C|G|A|G|A|C|G|G|C|T|A|T|T|T|C|G|G|G|C|G|C|C|G|A|A|C|C|G|A|C|C|C|C|G|C|C|T|C|G|C|C|C|T|G|C|T|C|C|T|T,Hap1,39.016163105,33.255,44.77732621,T,C,T,A,C,A,G,A,C,T,T,T,T,G,C,G,A,C,C,G,C,G,T,C,T,T,T,USSR,"erythrospermum Korn., Flaksberger 17525",False,False,False,Neither
WATDE0674,T|C|T|A|G|C|G|A|G|A|C|G|G|C|T|A|T|T|T|C|G|G|G|C|G|C|C|G|A|A|C|C|G|A|C|C|C|C|G|C|C|T|C|G|C|C|C|T|G|C|T|C|C|T|T,Hap1,41.64694873,35.4,47.89389746,T,C,T,A,C,A,G,A,C,T,T,T,T,G,C,G,A,C,C,G,C,G,T,C,T,T,T,USSR,"erythrospermum Korn., Flaksberger 17527",False,False,False,Neither
WATDE0675,T|C|T|A|G|C|G|A|G|A|C|G|G|C|T|A|T|T|T|C|G|G|G|C|G|C|C|G|A|A|C|C|G|A|C|C|C|C|G|C|C|T|C|G|C|C|C|T|G|C|T|C|C|T|T,Hap1,46.91215952,39.46,54.36431904,T,C,T,A,C,A,G,A,C,T,T,T,T,G,C,G,A,C,C,G,C,G,T,C,T,T,T,France,Saissette de Maninet P,False,False,False,Neither
WATDE0676,T|C|T|A|G|C|G|A|G|A|C|G|G|C|T|A|T|T|T|C|G|G|G|C|G|C|C|G|A|A|C|C|G|A|C|C|C|C|G|C|C|T|C|G|C|C|C|T|G|C|T|C|C|T|T,Hap1,43.76975465,37.72,49.8195093,T,C,T,A,C,A,G,A,C,T,T,T,T,G,C,G,A,C,C,G,C,G,T,C,T,T,T,France,Maylin,False,False,False,Neither
WATDE0678,T|C|T|A|G|C|G|A|G|A|C|G|G|C|T|A|T|T|T|C|G|G|G|C|G|C|C|G|A|A|C|C|G|A|C|C|C|C|G|C|C|T|C|G|C|C|C|T|G|C|T|C|C|T|T,Hap1,37.248834965,35.05,39.44766993,T,C,T,A,C,A,G,A,C,T,T,T,T,G,C,G,A,C,C,G,C,G,T,C,T,T,T,Spain,Aduna,False,False,False,Neither
WATDE0679,C|C|T|A|G|C|G|A|G|A|C|G|G|C|T|A|T|T|T|C|A|G|G|C|G|C|C|G|A|A|C|C|G|A|C|C|C|C|G|C|C|T|T|G|C|C|C|T|G|A|T|C|C|T|T,Hap5,43.40942873,39.76,47.05885746,C,C,T,A,C,A,G,A,C,T,T,T,T,G,C,G,A,C,C,G,C,G,T,C,T,T,T,Tunisia,Sbei 292,False,False,False,Neither
WATDE0683,T|C|T|A|G|C|G|A|G|A|C|G|G|C|T|C|T|T|T|C|G|G|G|C|G|C|C|G|A|A|C|C|G|A|C|C|C|C|G|C|C|T|C|G|C|C|C|T|G|C|T|A|C|T|T,Hap9,37.361005725,32.5,42.22201145,T,C,T,A,C,A,G,A,C,T,T,T,T,G,C,G,A,C,C,G,C,G,T,C,T,T,T,Morocco,Mahan,False,False,False,Neither
WATDE0685,T|C|T|A|G|C|G|A|G|A|C|G|G|C|T|C|T|T|T|C|G|G|G|C|G|C|C|G|A|A|C|C|G|A|C|C|C|C|G|C|C|T|C|G|C|C|C|T|G|C|T|A|C|T|T,Hap9,45.134903545,41.08,49.18980709,T,C,T,A,C,A,G,A,C,T,T,T,T,G,C,G,A,C,C,G,C,G,T,C,T,T,T,Turkey,,False,False,False,Neither
WATDE0687,T|C|T|A|G|C|G|A|G|A|C|G|G|C|T|A|T|T|T|T|G|G|G|C|G|C|C|G|A|A|C|C|G|A|C|C|C|C|G|C|C|T|C|A|C|C|C|T|G|C|T|C|C|T|T,Hap16,35.91020152,28.955,42.86540304,T,C,T,A,C,A,G,A,C,T,T,T,T,G,C,G,A,C,C,G,C,G,T,C,T,T,T,Iraq,"Humairah, Rustam Exp Farm 595",False,False,False,Neither
WATDE0688,T|C|T|A|G|C|G|A|G|A|C|G|G|C|T|A|T|T|T|C|G|G|G|C|G|C|C|G|A|A|C|C|G|A|C|C|C|C|G|C|C|T|C|G|C|C|C|T|G|C|T|C|C|T|T,Hap1,39.829548540000005,37.25,42.40909708,T,C,T,A,C,A,G,A,C,T,T,T,T,G,C,G,A,C,C,G,C,G,T,C,T,T,T,Iraq,"Kandhari, Rustam Exp Farm 860",False,False,False,Neither
WATDE0689,T|C|T|A|G|C|G|A|G|A|C|G|G|C|T|A|T|T|T|C|G|G|G|C|G|C|C|G|A|A|C|C|G|A|C|C|C|C|G|C|C|T|C|G|C|C|C|T|G|C|C|C|C|T|T,Hap2,40.05798295,35.22,44.8959659,T,C,T,A,C,A,G,A,C,T,T,T,T,G,C,G,A,C,C,G,C,G,T,C,T,T,T,Burma,2193/20-14,False,False,False,Neither
WATDE0691,T|C|T|A|G|C|G|A|G|A|C|G|G|C|T|A|T|T|T|C|G|G|G|C|G|C|C|G|A|A|C|C|G|A|C|C|C|C|G|C|C|T|C|A|C|C|C|T|G|C|T|C|C|T|T,Hap13,40.11590425999999,37.12,43.11180852,T,C,T,A,C,A,G,A,C,T,T,T,T,G,C,G,A,C,C,G,C,G,T,C,T,T,T,Burma,2193/20-8,False,False,False,Neither
WATDE0693,T|C|T|A|G|C|G|A|G|A|C|G|G|C|T|A|T|T|T|C|G|G|G|C|G|C|C|G|A|A|C|C|G|A|C|C|C|C|G|C|C|T|C|G|C|C|C|T|G|C|T|C|C|T|T,Hap1,42.94987958,41.67,44.22975916,T,C,T,A,C,A,G,A,C,T,T,T,T,G,C,G,A,C,C,G,C,G,T,C,T,T,T,China,,False,False,False,Neither
WATDE0694,T|C|T|A|G|C|G|A|G|A|C|G|G|C|T|A|T|T|T|C|G|G|G|C|G|C|C|G|A|A|C|C|G|A|C|C|C|C|G|C|C|T|C|G|C|C|C|T|G|C|T|C|C|T|T,Hap1,41.97448043,37.57,46.37896086,T,C,T,A,C,A,G,A,C,T,T,T,T,G,C,G,A,C,C,G,C,G,T,C,T,T,T,Iran,,False,False,False,Neither
WATDE0697,T|C|T|A|G|C|G|A|G|A|C|G|G|C|T|A|T|T|T|C|G|G|G|C|G|C|C|G|A|A|C|C|G|A|C|C|C|C|G|C|C|T|C|G|C|C|C|T|G|C|T|C|C|T|T,Hap1,45.05553422,40.83,49.28106844,T,C,T,A,C,A,G,A,C,T,T,T,T,G,C,G,A,C,C,G,C,G,T,C,T,T,T,Unknown,,False,False,False,Neither
WATDE0699,C|C|T|A|G|C|G|A|G|A|C|G|G|C|T|A|T|T|T|C|A|G|G|C|G|C|C|G|A|A|C|C|G|A|C|C|C|C|G|C|C|T|T|G|C|C|C|T|G|A|T|C|C|T|T,Hap5,43.397770835,38.24,48.55554167,C,C,T,A,C,A,G,A,C,T,T,T,T,G,C,G,A,C,C,G,C,G,T,C,T,T,T,Portugal,,False,False,False,Neither
WATDE0700,T|C|T|A|G|C|G|A|G|A|C|G|G|C|T|C|T|T|T|C|G|G|G|C|G|C|C|G|A|A|C|C|G|A|C|C|C|C|G|C|C|T|C|G|C|C|C|T|G|C|T|A|C|T|T,Hap9,41.680354375,37.0,46.36070875,T,C,T,A,C,A,G,A,C,T,T,T,T,G,C,G,A,C,C,G,C,G,T,C,T,T,T,Portugal,Alexandre? (Italian),False,False,False,Neither
WATDE0702,T|C|T|A|G|C|G|A|G|A|C|A|G|C|T|A|T|T|T|C|G|G|G|C|G|C|C|G|A|A|C|C|G|A|C|C|C|C|G|C|C|T|C|G|C|C|C|T|G|C|T|C|C|T|T,Hap11,41.27201229,37.68,44.86402458,T,C,T,A,C,A,G,A,C,T,T,T,T,G,C,G,A,C,C,G,C,G,T,C,T,T,T,India,Lyallpur 11,False,False,False,Neither
WATDE0703,T|C|T|A|G|C|G|A|G|A|C|G|G|C|T|A|T|T|T|C|G|G|G|C|G|C|C|G|A|A|C|C|G|A|C|C|C|C|G|C|C|T|C|G|C|C|C|T|G|C|T|C|C|T|T,Hap1,42.33220135,38.76,45.9044027,T,C,T,A,C,A,G,A,C,T,T,T,T,G,C,G,A,C,C,G,C,G,T,C,T,T,T,Iran,,False,False,False,Neither
WATDE0705,T|C|T|A|G|C|G|A|G|A|C|G|G|C|T|A|T|T|T|C|G|G|G|C|G|C|C|G|A|A|C|C|G|A|C|T|C|C|G|T|C|T|C|G|C|C|C|T|G|C|T|C|C|T|T,Hap10,45.99426837,41.95,50.03853674,T,C,T,A,C,A,G,A,C,T,T,T,T,G,C,G,A,C,C,G,C,G,T,C,T,T,T,Iran,Zardak-i-Harrami,False,False,False,Neither
WATDE0707,C|C|T|A|G|C|G|A|G|A|C|G|G|C|T|A|T|T|T|C|G|G|G|C|G|C|C|G|A|A|C|C|G|A|C|C|C|C|G|C|C|T|C|G|C|C|C|T|G|C|T|C|C|T|T,Hap4,44.460002755,40.15,48.77000551,C,C,T,A,C,A,G,A,C,T,T,T,T,G,C,G,A,C,C,G,C,G,T,C,T,T,T,India,Spin,False,False,False,Neither
WATDE0709,T|C|T|A|A|C|G|A|G|A|C|G|G|C|T|A|T|T|T|C|G|G|G|C|G|C|C|G|A|A|C|C|G|A|C|C|C|C|G|C|C|T|C|G|C|C|C|T|G|C|T|C|C|T|T,Hap3,30.858215925,24.71,37.00643185,T,C,T,A,C,A,G,A,C,T,T,T,T,G,C,G,A,C,C,G,C,G,T,C,T,T,T,India,Lalia Desi,False,False,False,Neither
WATDE0712,C|C|T|A|G|C|G|A|G|A|C|G|G|C|T|A|T|T|T|C|A|G|G|C|G|C|C|G|A|A|C|C|G|A|C|C|C|C|G|C|C|T|T|G|C|C|C|T|G|A|T|C|C|T|T,Hap5,40.71740411,37.31,44.12480822,C,C,T,A,C,A,G,A,C,T,T,T,T,G,C,G,A,C,C,G,C,G,T,C,T,T,T,India,,False,False,False,Neither
WATDE0713,T|C|T|A|G|C|G|A|G|A|C|G|G|C|T|A|T|T|T|C|G|G|G|C|G|C|C|G|A|A|C|C|G|A|C|C|C|C|G|C|C|T|C|G|C|C|C|T|G|C|T|C|C|T|T,Hap1,32.669883945,22.05,43.28976789,T,C,T,A,C,A,G,A,C,T,T,T,T,G,C,G,A,C,C,G,C,G,T,C,T,T,T,India,Dandi,False,False,False,Neither
WATDE0714,C|T|C|G|G|A|G|G|A|G|C|G|G|T|A|A|G|G|C|C|G|G|A|C|G|T|C|A|A|G|T|T|A|A|C|C|T|C|A|C|C|C|C|G|C|T|C|C|G|C|T|C|C|C|C,Hap8,32.81,32.81,,C,T,C,G,A,G,A,G,T,A,G,G,C,A,T,A,G,T,T,A,T,A,C,T,C,C,C,India,Sambhoria (Lalwali Wala),True,True,True,Published+Background
WATDE0716,C|C|T|A|G|C|G|A|G|A|C|G|G|C|T|A|T|T|T|C|G|G|G|C|G|C|C|G|A|A|C|C|G|A|C|C|C|C|G|C|C|T|C|G|C|C|C|T|G|C|T|C|C|T|T,Hap4,34.63882345,27.48,41.7976469,C,C,T,A,C,A,G,A,C,T,T,T,T,G,C,G,A,C,C,G,C,G,T,C,T,T,T,India,Desi,False,False,False,Neither
WATDE0718,T|C|T|A|G|C|G|A|G|A|C|G|G|C|T|A|T|T|T|C|G|G|G|C|G|C|C|G|A|A|C|C|G|A|C|C|C|C|G|C|C|T|C|G|C|C|C|T|G|C|C|C|C|T|T,Hap2,38.64132964,31.83,45.45265928,T,C,T,A,C,A,G,A,C,T,T,T,T,G,C,G,A,C,C,G,C,G,T,C,T,T,T,India,Desi,False,False,False,Neither
WATDE0720,T|C|T|A|G|C|G|A|G|A|C|G|G|C|T|A|T|T|T|C|G|G|G|C|G|C|C|G|A|A|C|C|G|A|C|C|C|C|G|C|C|T|C|G|C|C|C|T|G|C|T|C|C|T|T,Hap1,40.981712435,35.37,46.59342487,T,C,T,A,C,A,G,A,C,T,T,T,T,G,C,G,A,C,C,G,C,G,T,C,T,T,T,India,Desi,False,False,False,Neither
WATDE0721,T|C|T|A|G|C|G|A|G|A|C|G|G|C|T|A|T|T|T|C|G|G|G|C|G|C|C|G|A|A|C|C|G|A|C|C|C|C|G|C|C|T|C|G|C|C|C|T|G|C|T|C|C|T|T,Hap1,43.74834468,37.23,50.26668936,T,C,T,A,C,A,G,A,C,T,T,T,T,G,C,G,A,C,C,G,C,G,T,C,T,T,T,Unknown,,False,False,False,Neither
WATDE0723,T|C|T|A|A|C|G|A|G|A|C|G|G|C|T|A|T|T|T|C|G|G|G|C|G|C|C|G|A|A|C|C|G|A|C|C|C|C|G|C|C|T|C|G|C|C|C|T|G|C|T|C|C|T|T,Hap3,37.04503302,31.43,42.66006604,T,C,T,A,C,A,G,A,C,T,T,T,T,G,C,G,A,C,C,G,C,G,T,C,T,T,T,India,Dehak Panjabi,False,False,False,Neither
WATDE0725,T|C|T|A|G|C|G|A|G|A|C|G|G|C|T|A|T|T|T|C|G|G|G|C|G|C|C|G|A|A|C|C|G|A|C|C|C|C|G|C|C|T|C|G|C|C|C|T|G|C|T|C|C|T|T,Hap1,31.143754585,26.18,36.10750917,T,C,T,A,C,A,G,A,C,T,T,T,T,G,C,G,A,C,C,G,C,G,T,C,T,T,T,China,,False,False,False,Neither
WATDE0726,T|C|T|A|G|C|G|A|G|A|C|G|G|C|T|A|T|T|T|C|G|G|G|C|G|C|C|G|A|A|C|C|G|A|C|C|C|C|G|C|C|T|C|G|C|C|C|T|G|C|T|C|C|T|T,Hap1,49.36863555,48.32,50.4172711,T,C,T,A,C,A,G,A,C,T,T,T,T,G,C,G,A,C,C,G,C,G,T,C,T,T,T,Afghanistan,,False,False,False,Neither
WATDE0727,C|C|T|A|G|C|G|A|G|A|C|G|G|C|T|A|T|T|T|C|G|G|G|C|G|C|C|G|A|A|C|C|G|A|C|C|C|C|G|C|C|T|C|G|C|C|C|T|G|C|T|C|C|T|T,Hap4,37.83405753,32.1,43.56811506,C,C,T,A,C,A,G,A,C,T,T,T,T,G,C,G,A,C,C,G,C,G,T,C,T,T,T,Afghanistan,,False,False,False,Neither
WATDE0728,C|C|T|A|G|C|G|A|G|A|C|G|G|C|T|A|T|T|T|C|G|G|G|C|G|C|C|G|A|A|C|C|G|A|C|C|C|C|G|C|C|T|C|G|C|C|C|T|G|C|T|C|C|T|T,Hap4,47.18067149,43.36,51.00134298,C,C,T,A,C,A,G,A,C,T,T,T,T,G,C,G,A,C,C,G,C,G,T,C,T,T,T,Spain,Aurora,False,False,False,Neither
WATDE0729,T|C|T|A|G|C|G|A|G|A|C|G|G|C|T|A|T|T|T|C|G|G|G|C|G|C|C|G|A|A|C|C|G|A|C|C|C|C|G|C|C|T|C|G|C|C|C|T|G|C|T|C|C|T|T,Hap1,47.645290815,45.9,49.39058163,T,C,T,A,C,A,G,A,C,T,T,T,T,G,C,G,A,C,C,G,C,G,T,C,T,T,T,Tunisia,Mahmoudi A.P.3.,False,False,False,Neither
WATDE0730,T|C|T|A|G|C|G|A|G|A|C|G|G|C|T|A|T|T|T|C|G|G|G|C|G|C|C|G|A|A|C|C|G|A|C|C|C|C|G|C|C|T|C|G|C|C|C|T|G|C|T|C|C|T|T,Hap1,40.72802589,35.36,46.09605178,T,C,T,A,C,A,G,A,C,T,T,T,T,G,C,G,A,C,C,G,C,G,T,C,T,T,T,Morocco,,False,False,False,Neither
WATDE0732,C|C|T|A|G|C|G|A|G|A|C|G|G|C|T|A|T|T|T|C|A|G|G|C|G|C|C|G|A|A|C|C|G|A|C|C|C|C|G|C|C|T|T|G|C|C|C|T|G|A|T|C|C|T|T,Hap5,45.23588072,37.595,52.87676144,C,C,T,A,C,A,G,A,C,T,T,T,T,G,C,G,A,C,C,G,C,G,T,C,T,T,T,Morocco,,False,False,False,Neither
WATDE0737,T|C|T|A|G|C|G|A|G|A|C|G|G|C|T|A|T|T|T|C|G|G|G|C|G|C|C|G|A|A|C|C|G|A|C|C|C|C|G|C|C|T|C|G|C|C|C|T|G|C|T|C|C|T|T,Hap1,42.4641427,38.96,45.9682854,T,C,T,A,C,A,G,A,C,T,T,T,T,G,C,G,A,C,C,G,C,G,T,C,T,T,T,Tunisia,Biskri,False,False,False,Neither
WATDE0738,T|C|T|A|G|C|G|A|G|A|C|G|G|C|T|C|T|T|T|C|G|G|G|C|G|C|C|G|A|A|C|C|G|A|C|C|C|C|G|C|C|T|C|G|C|C|C|T|G|C|T|C|C|T|T,Hap6,48.705810785,45.16,52.25162157,T,C,T,A,C,A,G,A,C,T,T,T,T,G,C,G,A,C,C,G,C,G,T,C,T,T,T,Spain,Carpino alto frondoso,False,False,False,Neither
WATDE0739,T|C|T|A|G|C|G|A|G|A|C|G|G|C|T|C|T|T|T|C|G|G|G|C|G|C|C|G|A|A|C|C|G|A|C|C|C|C|G|C|C|T|C|G|C|C|C|T|G|C|T|C|A|T|T,Hap12,36.02280305,30.07,41.9756061,T,C,T,A,C,A,G,A,C,T,T,T,T,G,C,G,A,C,C,G,C,G,T,C,T,T,T,Spain,Carpino Royo de Eslava,False,False,False,Neither
WATDE0740,T|C|T|A|G|C|G|A|G|A|C|G|G|C|T|A|T|T|T|C|G|G|G|C|G|C|C|G|A|A|C|C|G|A|C|C|C|C|G|C|C|T|C|G|C|C|C|T|G|C|C|C|C|T|T,Hap2,34.96357912,37.68,32.24715824,T,C,T,A,C,A,G,A,C,T,T,T,T,G,C,G,A,C,C,G,C,G,T,C,T,T,T,Spain,Colorado temporano,False,False,False,Neither
WATDE0743,T|C|T|A|G|C|G|A|G|A|C|G|G|C|T|A|T|T|T|C|G|G|G|C|G|C|C|G|A|A|C|C|G|A|C|C|C|C|G|C|C|T|C|G|C|C|C|T|G|C|T|C|C|T|T,Hap1,42.9556627,38.095,47.8163254,T,C,T,A,C,A,G,A,C,T,T,T,T,G,C,G,A,C,C,G,C,G,T,C,T,T,T,Spain,Marzal,False,False,False,Neither
WATDE0744,C|C|T|A|G|C|G|A|G|A|C|G|G|C|T|A|T|T|T|C|A|G|G|C|G|C|C|G|A|A|C|C|G|A|C|C|C|C|G|C|C|T|T|G|C|C|C|T|G|A|T|C|C|T|T,Hap5,41.216719350000005,37.25,45.1834387,C,C,T,A,C,A,G,A,C,T,T,T,T,G,C,G,A,C,C,G,C,G,T,C,T,T,T,Spain,"Pelado de Estello, grano corto",False,False,False,Neither
WATDE0745,T|C|T|A|G|C|G|A|G|A|C|G|G|C|T|A|T|T|T|C|G|G|G|C|G|C|C|G|A|A|C|C|G|A|C|C|C|C|G|C|C|T|C|G|C|C|C|T|G|C|C|C|C|T|T,Hap2,46.85184022,43.51,50.19368044,T,C,T,A,C,A,G,A,C,T,T,T,T,G,C,G,A,C,C,G,C,G,T,C,T,T,T,Spain,Catalan de grano corto,False,False,False,Neither
WATDE0747,T|C|T|A|G|C|G|A|G|A|C|G|G|C|T|C|T|T|T|C|G|G|G|C|G|C|C|G|A|A|C|C|G|A|C|C|C|C|G|C|C|T|C|G|C|C|C|T|G|C|T|C|C|T|T,Hap6,42.116462125,36.12,48.11292425,T,C,T,A,C,A,G,A,C,T,T,T,T,G,C,G,A,C,C,G,C,G,T,C,T,T,T,Spain,Royo de alta,False,False,False,Neither
WATDE0748,C|C|T|A|G|C|G|A|G|A|C|G|G|C|T|A|T|T|T|C|A|G|G|C|G|C|C|G|A|A|C|C|G|A|C|C|C|C|G|C|C|T|C/T|G|C|C|C|T|G|A|T|C|C|T|T,Hap18,54.082561905,46.76,61.40512381,C,C,T,A,C,A,G,A,C,T,T,T,T,G,C,G,A,C,C,G,C,G,T,C,T,T,T,Spain,Baztanes de tallos llanos,False,False,False,Neither
WATDE0749,C|C|T|A|G|C|G|A|G|A|C|G|G|C|T|A|T|T|T|C|A|G|G|C|G|C|C|G|A|A|C|C|G|A|C|C|C|C|G|C|C|T|T|G|C|C|C|T|G|A|T|C|C|T|T,Hap5,41.72743315,35.31,48.1448663,C,C,T,A,C,A,G,A,C,T,T,T,T,G,C,G,A,C,C,G,C,G,T,C,T,T,T,Spain,Catalan de grana corto,False,False,False,Neither
WATDE0750,C|C|T|A|G|C|G|A|G|A|C|G|G|C|T|A|T|T|T|C|A|G|G|C|G|C|C|G|A|A|C|C|G|A|C|C|C|C|G|C|C|T|T|G|C|C|C|T|G|A|T|C|C|T|T,Hap5,52.006064375,44.09,59.92212875,C,C,T,A,C,A,G,A,C,T,T,T,T,G,C,G,A,C,C,G,C,G,T,C,T,T,T,Spain,"Rieti navarro, alto fuerto",False,False,False,Neither
WATDE0751,C|C|C|G|G|A|A|G|A|A|G|G|G|C|A|A|G|G|C|C|G|A|G|T|G|T|T|A|G|G|T|C|A|T|T|C|C|T|A|C|T|C|C|G|T|T|T|C|T|C|T|C|C|T|C,Hap15,46.93314651,42.76,51.10629302,C,C,C,G,A,G,A,A,C,A,G,G,C,G,T,A,G,T,C,A,C,A,C,T,C,T,C,Canary Islands,,True,False,False,PublishedOnly
WATDE0752,C|C|T|A|G|C|G|A|G|A|C|G|G|C|T|A|T|T|T|C|G|G|G|C|G|C|C|G|A|A|C|C|G|A|C|C|C|C|G|C|C|T|C|G|C|C|C|T|G|C|T|C|C|T|T,Hap4,44.98437201,41.29,48.67874402,C,C,T,A,C,A,G,A,C,T,T,T,T,G,C,G,A,C,C,G,C,G,T,C,T,T,T,Canary Islands,,False,False,False,Neither
WATDE0754,T|C|T|A|G|C|G|A|G|A|C|G|G|C|T|C|T|T|T|C|G|G|G|C|G|C|C|G|A|A|C|C|G|A|C|C|C|C|G|C|C|T|C|G|C|C|C|T|G|C|T|C|C|T|T,Hap6,34.962862195,30.04,39.88572439,T,C,T,A,C,A,G,A,C,T,T,T,T,G,C,G,A,C,C,G,C,G,T,C,T,T,T,Canary Islands,,False,False,False,Neither
WATDE0755,T|C|T|A|G|C|G|A|G|A|C|G|G|C|T|A|T|T|T|C|G|G|G|C|G|C|C|G|A|A|C|C|G|A|C|C|C|C|G|C|C|T|C|G|C|C|C|T|G|C|T|C|C|T|T,Hap1,41.202881555,36.62,45.78576311,T,C,T,A,C,A,G,A,C,T,T,T,T,G,C,G,A,C,C,G,C,G,T,C,T,T,T,Spain,Trigo duros,False,False,False,Neither
WATDE0756,C|C|T|A|G|C|G|A|G|A|C|G|G|C|T|A|T|T|T|C|A|G|G|C|G|C|C|G|A|A|C|C|G|A|C|C|C|C|G|C|C|T|T|G|C|C|C|T|G|A|T|C|C|T|T,Hap5,42.16404597499999,38.41,45.91809195,C,C,T,A,C,A,G,A,C,T,T,T,T,G,C,G,A,C,C,G,C,G,T,C,T,T,T,Canary Islands,,False,False,False,Neither
WATDE0758,T|C|T|A|G|C|G|A|G|A|C|G|G|C|T|A|T|T|T|C|G|G|G|C|G|C|C|G|A|A|C|C|G|A|C|T|C|C|G|T|C|T|C|G|C|C|C|T|G|C|T|C|C|T|T,Hap10,36.53902648,33.06,40.01805296,T,C,T,A,C,A,G,A,C,T,T,T,T,G,C,G,A,C,C,G,C,G,T,C,T,T,T,Canary Islands,,False,False,False,Neither
WATDE0759,C|C|T|A|G|C|G|A|G|A|C|G|G|C|T|A|T|T|T|C|A|G|G|C|G|C|C|G|A|A|C|C|G|A|C|C|C|C|G|C|C|T|T|G|C|C|C|T|G|A|T|C|C|T|T,Hap5,35.81501788,35.81,35.82003576,C,C,T,A,C,A,G,A,C,T,T,T,T,G,C,G,A,C,C,G,C,G,T,C,T,T,T,Canary Islands,,False,False,False,Neither
WATDE0760,C|C|T|A|G|C|G|A|G|A|C|G|G|C|T|A|T|T|T|C|A|G|G|C|G|C|C|G|A|A|C|C|G|A|C|C|C|C|G|C|C|T|T|G|C|C|C|T|G|A|T|C|C|T|T,Hap5,45.34888561,41.8,48.89777122,C,C,T,A,C,A,G,A,C,T,T,T,T,G,C,G,A,C,C,G,C,G,T,C,T,T,T,Spain,Trigo semi-duro,False,False,False,Neither
WATDE0761,C|C|T|A|G|C|G|A|G|A|C|G|G|C|T|A|T|T|T|C|A|G|G|C|G|C|C|G|A|A|C|C|G|A|C|C|C|C|G|C|C|T|T|G|C|C|C|T|G|A|T|C|C|T|T,Hap5,40.290566455,37.88,42.70113291,C,C,T,A,C,A,G,A,C,T,T,T,T,G,C,G,A,C,C,G,C,G,T,C,T,T,T,Crete,,False,False,False,Neither
WATDE0762,C|C|T|A|G|C|G|A|G|A|C|G|G|C|T|A|T|T|T|C|G|G|G|C|G|C|C|G|A|A|C|C|G|A|C|C|C|C|G|C|C|T|C|G|C|C|C|T|G|C|T|C|C|T|T,Hap4,46.882792505,39.78,53.98558501,C,C,T,A,C,A,G,A,C,T,T,T,T,G,C,G,A,C,C,G,C,G,T,C,T,T,T,Crete,Blé zombitos,False,False,False,Neither
WATDE0763,C|C|T|A|G|C|G|A|G|A|C|G|G|C|T|A|T|T|T|C|A|G|G|C|G|C|C|G|A|A|C|C|G|A|C|C|C|C|G|C|C|T|T|G|C|C|C|T|G|A|T|C|C|T|T,Hap5,46.048930455,42.47,49.62786091,C,C,T,A,C,A,G,A,C,T,T,T,T,G,C,G,A,C,C,G,C,G,T,C,T,T,T,Greece,,False,False,False,Neither
WATDE0765,C|C|C|G|G|A|A|G|A|A|G|G|G|C|A|A|G|G|C|C|G|G|G|T|G|T|T|A|G|G|T|C|A|T|T|C|C|T|A|C|T|C|C|G|T|T|T|C|T|C|T|C|C|T|C,Hap7,45.624651125,40.07,51.17930225,C,C,C,G,A,G,A,A,C,A,G,G,C,G,T,A,G,T,C,A,C,A,C,T,C,T,C,Greece,,True,False,False,PublishedOnly
WATDE0766,C|C|C|G|G|A|A|G|A|A|G|G|G|C|A|A|G|G|C|C|G|G|G|T|G|T|T|A|G|G|T|C|A|T|T|C|C|T|A|C|T|C|C|G|T|T|T|C|T|C|T|C|C|T|C,Hap7,48.8275045,44.29,53.365009,C,C,C,G,A,G,A,A,C,A,G,G,C,G,T,A,G,T,C,A,C,A,C,T,C,T,C,Greece,,True,False,False,PublishedOnly
WATDE0768,C|C|C|G|G|A|A|G|A|A|G|G|G|C|A|A|G|G|C|C|G|G|G|T|G|T|T|A|G|G|T|C|A|T|T|C|C|T|A|C|T|C|C|G|T|T|T|C|T|C|T|C|C|T|C,Hap7,44.79893304,40.44,49.15786608,C,C,C,G,A,G,A,A,C,A,G,G,C,G,T,A,G,T,C,A,C,A,C,T,C,T,C,Greece,Zulitsa,True,False,False,PublishedOnly
WATDE0769,T|C|T|A|A|C|G|A|G|A|C|G|G|C|T|A|T|T|T|C|G|G|G|C|G|C|C|G|A|A|C|C|G|A|C|C|C|C|G|C|C|T|C|G|C|C|C|T|G|C|T|C|C|T|T,Hap3,46.844332895,37.02,56.66866579,T,C,T,A,C,A,G,A,C,T,T,T,T,G,C,G,A,C,C,G,C,G,T,C,T,T,T,Greece,Arnaout,False,False,False,Neither
WATDE0770,T|C|T|A|A|C|G|A|G|A|C|G|G|C|T|A|T|T|T|C|G|G|G|C|G|C|C|G|A|A|C|C|G|A|C|C|C|C|G|C|C|T|C|G|C|C|C|T|G|C|T|C|C|T|T,Hap3,47.615175705,42.13,53.10035141,T,C,T,A,C,A,G,A,C,T,T,T,T,G,C,G,A,C,C,G,C,G,T,C,T,T,T,Turkey,,False,False,False,Neither
WATDE0771,T|C|T|A|G|C|G|A|G|A|C|G|G|C|T|A|T|T|T|C|G|G|G|C|G|C|C|G|A|A|C|C|G|A|C|C|C|C|G|C|C|T|C|G|C|C|C|T|G|C|T|C|C|T|T,Hap1,49.923671005,46.82,53.02734201,T,C,T,A,C,A,G,A,C,T,T,T,T,G,C,G,A,C,C,G,C,G,T,C,T,T,T,Unknown,,False,False,False,Neither
WATDE0773,T|C|T|A|G|C|G|A|G|A|C|G|G|C|T|C|T|T|T|C|G|G|G|C|G|C|C|G|A|A|C|C|G|A|C|C|C|C|G|C|C|T|C|G|C|C|C|T|G|C|T|C|C|T|T,Hap6,45.7023695,40.23,51.174739,T,C,T,A,C,A,G,A,C,T,T,T,T,G,C,G,A,C,C,G,C,G,T,C,T,T,T,Turkey,,False,False,False,Neither
WATDE0774,C|C|T|A|G|C|G|A|G|A|C|G|G|C|T|A|T|T|T|C|G|G|G|C|G|C|C|G|A|A|C|C|G|A|C|C|C|C|G|C|C|T|C|G|C|C|C|T|G|C|T|C|C|T|T,Hap4,50.861146335,48.59,53.13229267,C,C,T,A,C,A,G,A,C,T,T,T,T,G,C,G,A,C,C,G,C,G,T,C,T,T,T,Turkey,,False,False,False,Neither
WATDE0776,C|C|T|A|G|C|G|A|G|A|C|G|G|C|T|A|T|T|T|C|G|G|G|C|G|C|C|G|A|A|C|C|G|A|C|C|C|C|G|C|C|T|C|G|C|C|C|T|G|C|T|C|C|T|T,Hap4,45.52566868,,45.52566868,C,C,T,A,C,A,G,A,C,T,T,T,T,G,C,G,A,C,C,G,C,G,T,C,T,T,T,Iran,,False,False,False,Neither
WATDE0777,T|C|T|A|G|C|G|A|G|A|C|G|G|C|T|C|T|T|T|C|G|G|G|C|G|C|C|G|A|A|C|C|G|A|C|C|C|C|G|C|C|T|C|G|C|C|C|T|G|C|T|C|C|T|T,Hap6,55.54158894,,55.54158894,T,C,T,A,C,A,G,A,C,T,T,T,T,G,C,G,A,C,C,G,C,G,T,C,T,T,T,Iran,Sarakhsi,False,False,False,Neither
WATDE0779,C|C|C|G|G|A|A|G|A|A|G|G|G|C|A|A|G|G|C|C|G|G|G|T|G|T|T|A|G|G|T|C|A|T|T|C|C|T|A|C|T|C|C|G|T|T|T|C|T|C|T|C|C|T|C,Hap7,46.6755601,,46.6755601,C,C,C,G,A,G,A,A,C,A,G,G,C,G,T,A,G,T,C,A,C,A,C,T,C,T,C,Iran,,True,False,False,PublishedOnly
WATDE0780,T|C|T|A|G|C|G|A|G|A|C|G|G|C|T|A|T|T|T|C|G|G|G|C|G|C|C|G|A|A|C|C|G|A|C|C|C|C|G|C|C|T|C|G|C|C|C|T|G|C|T|C|C|T|T,Hap1,41.8615299,,41.8615299,T,C,T,A,C,A,G,A,C,T,T,T,T,G,C,G,A,C,C,G,C,G,T,C,T,T,T,Iran,,False,False,False,Neither
WATDE0782,C|T|C|G|G|A|G|G|A|G|C|G|G|T|A|A|G|G|C|C|G|G|A|C|G|T|C|A|A|G|T|T|A|A|C|C|T|C|A|C|C|C|C|G|C|T|C|C|G|C|T|C|C|C|C,Hap8,35.99343243,,35.99343243,C,T,C,G,A,G,A,G,T,A,G,G,C,A,T,A,G,T,T,A,T,A,C,T,C,C,C,China,,True,True,True,Published+Background
WATDE0783,T|C|T|A|G|C|G|A|G|A|C|G|G|C|T|A|T|T|T|C|G|G|G|C|G|C|C|G|A|A|C|C|G|A|C|C|C|C|G|C|C|T|C|G|C|C|C|T|G|C|T|C|C|T|T,Hap1,49.34495134,,49.34495134,T,C,T,A,C,A,G,A,C,T,T,T,T,G,C,G,A,C,C,G,C,G,T,C,T,T,T,China,,False,False,False,Neither
WATDE0785,T|C|T|A|A|C|G|A|G|A|C|G|G|C|T|A|T|T|T|C|G|G|G|C|G|C|C|G|A|A|C|C|G|A|C|C|C|C|G|C|C|T|C|G|C|C|C|T|G|C|T|C|C|T|T,Hap3,45.22906935,,45.22906935,T,C,T,A,C,A,G,A,C,T,T,T,T,G,C,G,A,C,C,G,C,G,T,C,T,T,T,China,,False,False,False,Neither
WATDE0786,T|C|T|A|G|C|G|A|G|A|C|G|G|C|T|A|T|T|T|C|G|G|G|C|G|C|C|G|A|A|C|C|G|A|C|C|C|C|G|C|C|T|C|G|C|C|C|T|G|C|T|C|C|T|T,Hap1,41.998195135,42.76,41.23639027,T,C,T,A,C,A,G,A,C,T,T,T,T,G,C,G,A,C,C,G,C,G,T,C,T,T,T,China,,False,False,False,Neither
WATDE0788,T|C|T|A|G|C|G|A|G|A|C|G|G|C|T|C|T|T|T|C|G|G|G|C|G|C|C|G|A|A|C|C|G|A|C|C|C|C|G|C|C|T|C|G|C|C|C|T|G|C|T|C|C|T|T,Hap6,42.72394866,,42.72394866,T,C,T,A,C,A,G,A,C,T,T,T,T,G,C,G,A,C,C,G,C,G,T,C,T,T,T,China,,False,False,False,Neither
WATDE0789,C|C|C|G|G|A|A|G|A|A|G|G|G|C|A|A|G|G|C|C|G|G|G|T|G|T|T|A|G|G|T|C|A|T|T|C|C|T|A|C|T|C|C|G|T|T|T|C|T|C|T|C|C|T|C,Hap7,37.11138257,,37.11138257,C,C,C,G,A,G,A,A,C,A,G,G,C,G,T,A,G,T,C,A,C,A,C,T,C,T,C,China,,True,False,False,PublishedOnly
WATDE0790,C|C|C|G|G|A|A|G|A|A|G|G|G|C|A|A|G|G|C|C|G|G|G|T|G|T|T|A|G|G|T|C|A|T|T|C|C|T|A|C|T|C|C|G|T|T|T|C|T|C|T|C|C|T|C,Hap7,35.55994117,,35.55994117,C,C,C,G,A,G,A,A,C,A,G,G,C,G,T,A,G,T,C,A,C,A,C,T,C,T,C,China,,True,False,False,PublishedOnly
WATDE0791,T|C|T|A|G|C|G|A|G|A|C|G|G|C|T|A|T|T|T|C|G|G|G|C|G|C|C|G|A|A|C|C|G|A|C|C|C|C|G|C|C|T|C|G|C|C|C|T|G|C|T|C|C|T|T,Hap1,50.99221643,,50.99221643,T,C,T,A,C,A,G,A,C,T,T,T,T,G,C,G,A,C,C,G,C,G,T,C,T,T,T,Portugal,Trigo luanca Bonito,False,False,False,Neither
WATDE0794,C|C|T|A|G|C|G|A|G|A|C|G|G|C|T|A|T|T|T|C|A|G|G|C|G|C|C|G|A|A|C|C|G|A|C|C|C|C|G|C|C|T|T|G|C|C|C|T|G|A|T|C|C|T|T,Hap5,44.77276318,,44.77276318,C,C,T,A,C,A,G,A,C,T,T,T,T,G,C,G,A,C,C,G,C,G,T,C,T,T,T,Portugal,Trigo Ideal,False,False,False,Neither
WATDE0800,C|C|T|A|G|C|G|A|G|A|C|G|G|C|T|A|T|T|T|C|A|G|G|C|G|C|C|G|A|A|C|C|G|A|C|C|C|C|G|C|C|T|T|G|C|C|C|T|G|A|T|C|C|T|T,Hap5,41.60599876,,41.60599876,C,C,T,A,C,A,G,A,C,T,T,T,T,G,C,G,A,C,C,G,C,G,T,C,T,T,T,Portugal,Trigo Belini,False,False,False,Neither
WATDE0801,C|C|T|A|G|C|G|A|G|A|C|G|G|C|T|A|T|T|T|C|A|G|G|C|G|C|C|G|A|A|C|C|G|A|C|C|C|C|G|C|C|T|T|G|C|C|C|T|G|A|T|C|C|T|T,Hap5,52.96345951,,52.96345951,C,C,T,A,C,A,G,A,C,T,T,T,T,G,C,G,A,C,C,G,C,G,T,C,T,T,T,Portugal,Trigo Ideal,False,False,False,Neither
WATDE0802,C|C|T|A|G|C|G|A|G|A|C|G|G|C|T|A|T|T|T|C|A|G|G|C|G|C|C|G|A|A|C|C|G|A|C|C|C|C|G|C|C|T|T|G|C|C|C|T|G|A|T|C|C|T|T,Hap5,48.61029881,,48.61029881,C,C,T,A,C,A,G,A,C,T,T,T,T,G,C,G,A,C,C,G,C,G,T,C,T,T,T,Portugal,Trigo Ideal,False,False,False,Neither
WATDE0803,T|C|T|A|G|C|G|A|G|A|C|G|G|C|T|A|T|T|T|C|G|G|G|C|G|C|C|G|A|A|C|C|G|A|C|C|C|C|G|C|C|T|C|G|C|C|C|T|G|C|T|C|C|T|T,Hap1,39.29214737,31.53,47.05429474,T,C,T,A,C,A,G,A,C,T,T,T,T,G,C,G,A,C,C,G,C,G,T,C,T,T,T,Spain,Jeja reja,False,False,False,Neither
WATDE0804,T|C|T|A|G|C|G|A|G|A|C|G|G|C|T|C|T|T|T|C|G|G|G|C|G|C|C|G|A|A|C|C|G|A|C|C|C|C|G|C|C|T|C|G|C|C|C|T|G|C|T|C|C|T|T,Hap6,45.578635615,40.74,50.41727123,T,C,T,A,C,A,G,A,C,T,T,T,T,G,C,G,A,C,C,G,C,G,T,C,T,T,T,Spain,Trigo Pinet ó Rochal,False,False,False,Neither
WATDE0805,T|C|T|A|G|C|G|A|G|A|C|G|G|C|T|A|T|T|T|C|G|G|G|C|G|C|C|G|A|A|C|C|G|A|C|C|C|C|G|C|C|T|C|G|C|C|C|T|G|C|T|C|C|T|T,Hap1,45.60125017,39.43,51.77250034,T,C,T,A,C,A,G,A,C,T,T,T,T,G,C,G,A,C,C,G,C,G,T,C,T,T,T,Spain,Candeal,False,False,False,Neither
WATDE0807,T|C|T|A|G|C|G|A|G|A|C|G|G|C|T|A|T|T|T|C|G|G|G|C|G|C|C|G|A|A|C|C|G|A|C|C|C|C|G|C|C|T|C|G|C|C|C|T|G|C|C|C|C|T|T,Hap2,42.548887875000005,36.67,48.42777575,T,C,T,A,C,A,G,A,C,T,T,T,T,G,C,G,A,C,C,G,C,G,T,C,T,T,T,Spain,Rico de Ituren,False,False,False,Neither
WATDE0808,T|C|T|A|G|C|G|A|G|A|C|G|G|C|T|A|T|T|T|C|G|G|G|C|G|C|C|G|A|A|C|C|G|A|C|C|C|C|G|C|C|T|C|G|C|C|C|T|G|C|C|C|C|T|T,Hap2,42.374424045,36.75,47.99884809,T,C,T,A,C,A,G,A,C,T,T,T,T,G,C,G,A,C,C,G,C,G,T,C,T,T,T,Spain,,False,False,False,Neither
WATDE0810,T|C|T|A|G|C|G|A|G|A|C|G|G|C|T|A|T|T|T|C|G|G|G|C|G|C|C|G|A|A|C|C|G|A|C|C|C|C|G|C|C|T|C|G|C|C|C|T|G|C|C|C|C|T|T,Hap2,43.38872982,35.84,50.93745964,T,C,T,A,C,A,G,A,C,T,T,T,T,G,C,G,A,C,C,G,C,G,T,C,T,T,T,Greece,Vardarka Chervenaka,False,False,False,Neither
WATDE0811,C|C|T|A|G|C|G|A|G|A|C|G|G|C|T|A|T|T|T|C|A|G|G|C|G|C|C|G|A|A|C|C|G|A|C|C|C|C|G|C|C|T|T|G|C|C|C|T|G|A|T|C|C|T|T,Hap5,42.286814135,38.87,45.70362827,C,C,T,A,C,A,G,A,C,T,T,T,T,G,C,G,A,C,C,G,C,G,T,C,T,T,T,Yugoslavia,Veliko Hoce,False,False,False,Neither
WATDE0814,T|C|T|A|A|C|G|A|G|A|C|G|G|C|T|A|T|T|T|C|G|G|G|C|G|C|C|G|A|A|C|C|G|A|C|C|C|C|G|C|C|T|C|G|C|C|C|T|G|C|T|C|C|T|T,Hap3,39.439352490000005,36.1,42.77870498,T,C,T,A,C,A,G,A,C,T,T,T,T,G,C,G,A,C,C,G,C,G,T,C,T,T,T,Yugoslavia,,False,False,False,Neither
WATDE0815,T|C|T|A|G|C|G|A|G|A|C|G|G|C|T|A|T|T|T|C|G|G|G|C|G|C|C|G|A|A|C|C|G|A|C|C|C|C|G|C|C|T|C|G|C|C|C|T|G|C|C|C|C|T|T,Hap2,31.615447875,26.01,37.22089575,T,C,T,A,C,A,G,A,C,T,T,T,T,G,C,G,A,C,C,G,C,G,T,C,T,T,T,Yugoslavia,,False,False,False,Neither
WATDE0816,T|C|T|A|G|C|G|A|G|A|C|G|G|C|T|A|T|T|T|C|G|G|G|C|G|C|C|G|A|A|C|C|G|A|C|C|C|C|G|C|C|T|C|G|C|C|C|T|G|C|C|C|C|T|T,Hap2,36.89712291,31.7,42.09424582,T,C,T,A,C,A,G,A,C,T,T,T,T,G,C,G,A,C,C,G,C,G,T,C,T,T,T,Yugoslavia,,False,False,False,Neither
WATDE0817,T|C|T|A|G|C|G|A|G|A|C|G|G|C|T|A|T|T|T|C|G|G|G|C|G|C|C|G|A|A|C|C|G|A|C|C|C|C|G|C|C|T|C|G|C|C|C|T|G|C|T|C|C|T|T,Hap1,43.16432482,37.91,48.41864964,T,C,T,A,C,A,G,A,C,T,T,T,T,G,C,G,A,C,C,G,C,G,T,C,T,T,T,Yugoslavia,Winter No.10,False,False,False,Neither
WATDE0818,T|C|T|A|A|C|G|A|G|A|C|G|G|C|T|A|T|T|T|C|G|G|G|C|G|C|C|G|A|A|C|C|G|A|C|C|C|C|G|C|C|T|C|G|C|C|C|T|G|C|T|C|C|T|T,Hap3,41.31033331,32.03,50.59066662,T,C,T,A,C,A,G,A,C,T,T,T,T,G,C,G,A,C,C,G,C,G,T,C,T,T,T,Yugoslavia,,False,False,False,Neither
WATDE0821,T|C|T|A|G|C|G|A|G|A|C|G|G|C|T|A|T|T|T|C|G|G|G|C|G|C|C|G|A|A|C|C|G|A|C|C|C|C|G|C|C|T|C|G|C|C|C|T|G|C|C|C|C|T|T,Hap2,44.13530464,41.7,46.57060928,T,C,T,A,C,A,G,A,C,T,T,T,T,G,C,G,A,C,C,G,C,G,T,C,T,T,T,Yugoslavia,Native winter,False,False,False,Neither
WATDE0823,T|C|T|A|G|C|G|A|G|A|C|G|G|C|T|A|T|T|T|C|G|G|G|C|G|C|C|G|A|A|C|C|G|A|C|C|C|C|G|C|C|T|C|G|C|C|C|T|G|C|C|C|C|T|T,Hap2,40.05537977,38.92,41.19075954,T,C,T,A,C,A,G,A,C,T,T,T,T,G,C,G,A,C,C,G,C,G,T,C,T,T,T,Yugoslavia,Rustic winter,False,False,False,Neither
WATDE0825,T|C|T|A|G|C|G|A|G|A|C|G|G|C|T|A|T|T|T|C|G|G|G|C|G|C|C|G|A|A|C|C|G|A|C|C|C|C|G|C|C|T|C|G|C|C|C|T|G|C|T|C|C|T|T,Hap1,41.301142875,38.66,43.94228575,T,C,T,A,C,A,G,A,C,T,T,T,T,G,C,G,A,C,C,G,C,G,T,C,T,T,T,Yugoslavia,Rustic winter,False,False,False,Neither
WATDE0826,T|C|T|A|G|C|G|A|G|A|C|G|G|C|T|A|T|T|T|C|G|G|G|C|G|C|C|G|A|A|C|C|G|A|C|T|C|C|G|T|C|T|C|G|C|C|C|T|G|C|T|C|C|T|T,Hap10,38.059350205,32.87,43.24870041,T,C,T,A,C,A,G,A,C,T,T,T,T,G,C,G,A,C,C,G,C,G,T,C,T,T,T,Yugoslavia,Veliko Hoce,False,False,False,Neither
WATDE0827,T|C|T|A|G|C|G|A|G|A|C|G|G|C|T|A|T|T|T|C|G|G|G|C|G|C|C|G|A|A|C|C|G|A|C|C|C|C|G|C|C|T|C|G|C|C|C|T|G|C|T|C|C|T|T,Hap1,38.940460395,33.35,44.53092079,T,C,T,A,C,A,G,A,C,T,T,T,T,G,C,G,A,C,C,G,C,G,T,C,T,T,T,Yugoslavia,,False,False,False,Neither
WATDE0828,T|C|T|A|G|C|G|A|G|A|C|G|G|C|T|A|T|T|T|C|G|G|G|C|G|C|C|G|A|A|C|C|G|A|C|C|C|C|G|C|C|T|C|G|C|C|C|T|G|C|T|C|C|T|T,Hap1,33.71544092,28.8,38.63088184,T,C,T,A,C,A,G,A,C,T,T,T,T,G,C,G,A,C,C,G,C,G,T,C,T,T,T,Yugoslavia,Native winter,False,False,False,Neither
WATDE0830,T|C|T|A|G|C|G|A|G|A|C|G|G|C|T|A|T|T|T|C|G|G|G|C|G|C|C|G|A|A|C|C|G|A|C|C|C|C|G|C|C|T|C|G|C|C|C|T|G|C|T|C|C|T|T,Hap1,39.20698098,37.1,41.31396196,T,C,T,A,C,A,G,A,C,T,T,T,T,G,C,G,A,C,C,G,C,G,T,C,T,T,T,Bulgaria,,False,False,False,Neither
WATDE0831,T|C|T|A|G|C|G|A|G|A|C|G|G|C|T|A|T|T|T|C|G|G|G|C|G|C|C|G|A|A|C|C|G|A|C|T|C|C|G|T|C|T|C|G|C|C|C|T|G|C|T|C|C|T|T,Hap10,35.95744061,30.245,41.66988122,T,C,T,A,C,A,G,A,C,T,T,T,T,G,C,G,A,C,C,G,C,G,T,C,T,T,T,Bulgaria,Shumen,False,False,False,Neither
WATDE0833,T|C|T|A|G|C|G|A|G|A|C|G|G|C|T|A|T|T|T|C|G|G|G|C|G|C|C|G|A|A|C|C|G|A|C|T|C|C|G|T|C|T|C|G|C|C|C|T|G|C|T|C|C|T|T,Hap10,36.70362279,30.3,43.10724558,T,C,T,A,C,A,G,A,C,T,T,T,T,G,C,G,A,C,C,G,C,G,T,C,T,T,T,Bulgaria,,False,False,False,Neither
WATDE0835,T|C|T|A|G|C|G|A|G|A|C|G|G|C|T|A|T|T|T|C|G|G|G|C|G|C|C|G|A|A|C|C|G|A|C|C|C|C|G|C|C|T|C|G|C|C|C|T|G|C|T|C|C|T|T,Hap1,40.6956184,39.37,42.0212368,T,C,T,A,C,A,G,A,C,T,T,T,T,G,C,G,A,C,C,G,C,G,T,C,T,T,T,Iran,,False,False,False,Neither
WATDE0836,T|C|T|A|G|C|G|A|G|A|C|G|G|C|T|A|T|T|T|C|G|G|G|C|G|C|C|G|A|A|C|C|G|A|C|C|C|C|G|C|C|T|C|G|C|C|C|T|G|C|T|C|C|T|T,Hap1,41.850509875,39.38,44.32101975,T,C,T,A,C,A,G,A,C,T,T,T,T,G,C,G,A,C,C,G,C,G,T,C,T,T,T,Iran,Ab Mahi,False,False,False,Neither
WATDE0837,T|C|T|A|G|C|G|A|G|A|C|G|G|C|T|A|T|T|T|C|G|G|G|C|G|C|C|G|A|A|C|C|G|A|C|C|C|C|G|C|C|T|C|G|C|C|C|T|G|C|T|C|C|T|T,Hap1,40.09060455,35.34,44.8412091,T,C,T,A,C,A,G,A,C,T,T,T,T,G,C,G,A,C,C,G,C,G,T,C,T,T,T,Iran,Khal Kirmiz,False,False,False,Neither
WATDE0839,T|C|T|A|G|C|G|A|G|A|C|G|G|C|T|A|T|T|T|C|G|G|G|C|G|C|C|G|A|A|C|C|G|A|C|C|C|C|G|C|C|T|C|G|C|C|C|T|G|C|T|C|C|T|T,Hap1,41.04117153999999,34.12,47.96234308,T,C,T,A,C,A,G,A,C,T,T,T,T,G,C,G,A,C,C,G,C,G,T,C,T,T,T,Iran,Ab Mahi,False,False,False,Neither
WATDE0840,C|C|T|A|G|C|G|A|G|A|C|G|G|C|T|A|T|T|T|C|G|G|G|C|G|C|C|G|A|A|C|C|G|A|C|C|C|C|G|C|C|T|C|G|C|C|C|T|G|C|T|C|C|T|T,Hap4,41.019858495,33.58,48.45971699,C,C,T,A,C,A,G,A,C,T,T,T,T,G,C,G,A,C,C,G,C,G,T,C,T,T,T,Iran,Qizilqin Boghda,False,False,False,Neither
WATDE0841,T|C|T|A|G|C|G|A|G|A|C|G|G|C|T|A|T|T|T|C|G|G|G|C|G|C|C|G|A|A|C|C|G|A|C|C|C|C|G|C|C|T|C|G|C|C|C|T|G|C|T|C|C|T|T,Hap1,40.41833458,38.35,42.48666916,T,C,T,A,C,A,G,A,C,T,T,T,T,G,C,G,A,C,C,G,C,G,T,C,T,T,T,Iran,Khusheh Safid,False,False,False,Neither
WATDE0843,T|C|T|A|G|C|G|A|G|A|C|G|G|C|T|A|T|T|T|C|G|G|G|C|G|C|C|G|A|A|C|C|G|A|C|C|C|C|G|C|C|T|C|G|C|C|C|T|G|C|T|C|C|T|T,Hap1,42.29204116,35.7,48.88408232,T,C,T,A,C,A,G,A,C,T,T,T,T,G,C,G,A,C,C,G,C,G,T,C,T,T,T,India,,False,False,False,Neither
WATDE0848,T|C|T|A|G|C|G|A|G|A|C|G|G|C|T|A|T|T|T|C|G|G|G|C|G|C|C|G|A|A|C|C|G|A|C|C|C|C|G|C|C|T|C|G|C|C|C|T|G|C|C|C|C|T|T,Hap2,43.83211154,43.22,44.44422308,T,C,T,A,C,A,G,A,C,T,T,T,T,G,C,G,A,C,C,G,C,G,T,C,T,T,T,Tunisia,Native hard,False,False,False,Neither
WATDE0850,T|C|T|A|A|C|G|A|G|A|C|G|G|C|T|A|T|T|T|C|G|G|G|C|G|C|C|G|A|A|C|C|G|A|C|C|C|C|G|C|C|T|C|G|C|C|C|T|G|C|T|C|C|T|T,Hap3,49.42079934,44.24,54.60159868,T,C,T,A,C,A,G,A,C,T,T,T,T,G,C,G,A,C,C,G,C,G,T,C,T,T,T,Crete,,False,False,False,Neither
WATDE0851,T|C|T|A|G|C|G|A|G|A|C|G|G|C|T|A|T|T|T|C|G|G|G|C|G|C|C|G|A|A|C|C|G|A|C|C|C|C|G|C|C|T|C|G|C|C|C|T|G|C|T|C|C|T|T,Hap1,39.81987502,34.47,45.16975004,T,C,T,A,C,A,G,A,C,T,T,T,T,G,C,G,A,C,C,G,C,G,T,C,T,T,T,Iran,,False,False,False,Neither
WATDE0854,T|C|T|A|G|C|G|A|G|A|C|G|G|C|T|A|T|T|T|C|G|G|G|C|G|C|C|G|A|A|C|C|G|A|C|C|C|C|G|C|C|T|C|G|C|C|C|T|G|C|C|C|C|T|T,Hap2,35.2649428,29.33,41.1998856,T,C,T,A,C,A,G,A,C,T,T,T,T,G,C,G,A,C,C,G,C,G,T,C,T,T,T,India,Pusa 12,False,False,False,Neither
WATDE0856,T|C|T|A|A|C|G|A|G|A|C|G|G|C|T|A|T|T|T|C|G|G|G|C|G|C|C|G|A|A|C|C|G|A|C|C|C|C|G|C|C|T|C|G|C|C|C|T|G|C|T|C|C|T|T,Hap3,36.59113207,31.955,41.22726414,T,C,T,A,C,A,G,A,C,T,T,T,T,G,C,G,A,C,C,G,C,G,T,C,T,T,T,India,Punjab 8A,False,False,False,Neither
WATDE0857,C|C|T|A|G|C|G|A|G|A|C|G|G|C|T|A|T|T|T|C|A|G|G|C|G|C|C|G|A|A|C|C|G|A|C|C|C|C|G|C|C|T|T|G|C|C|C|T|G|A|T|C|C|T|T,Hap5,46.236649035,42.85,49.62329807,C,C,T,A,C,A,G,A,C,T,T,T,T,G,C,G,A,C,C,G,C,G,T,C,T,T,T,India,Kaghzi Desi,False,False,False,Neither
WATDE0859,T|C|T|A|G|C|G|A|G|A|C|G|G|C|T|A|T|T|T|T|G|G|G|C|G|C|C|G|A|A|C|C|G|A|C|C|C|C|G|C|C|T|C|A|C|C|C|T|G|C|T|C|C|T|T,Hap16,35.30068426,32.08,38.52136852,T,C,T,A,C,A,G,A,C,T,T,T,T,G,C,G,A,C,C,G,C,G,T,C,T,T,T,India,Mundia,False,False,False,Neither
WATDE0861,T|C|T|A|G|C|G|A|G|A|C|G|G|C|T|A|T|T|T|T|G|G|G|C|G|C|C|G|A|A|C|C|G|A|C|C|C|C|G|C|C|T|C|A|C|C|C|T|G|C|T|C|C|T|T,Hap16,45.7660206,42.47,49.0620412,T,C,T,A,C,A,G,A,C,T,T,T,T,G,C,G,A,C,C,G,C,G,T,C,T,T,T,India,Desi,False,False,False,Neither
WATDE0862,T|C|T|A|A|C|G|A|G|A|C|G|G|C|T|A|T|T|T|C|G|G|G|C|G|C|C|G|A|A|C|C|G|A|C|C|C|C|G|C|C|T|C|G|C|C|C|T|G|C|T|C|C|T|T,Hap3,36.798580065,31.69,41.90716013,T,C,T,A,C,A,G,A,C,T,T,T,T,G,C,G,A,C,C,G,C,G,T,C,T,T,T,China,,False,False,False,Neither
WATDE0863,C|C|T|A|G|C|G|A|G|A|C|G|G|C|T|A|T|T|T|C|G|G|G|C|G|C|C|G|A|A|C|C|G|A|C|C|C|C|G|C|C|T|C|G|C|C|C|T|G|C|T|C|C|T|T,Hap4,37.82426484,34.8,40.84852968,C,C,T,A,C,A,G,A,C,T,T,T,T,G,C,G,A,C,C,G,C,G,T,C,T,T,T,China,,False,False,False,Neither
WATDE0864,C|T|C|G|G|A|G|G|A|G|C|G|G|T|A|A|G|G|C|C|G|G|A|C|G|T|C|A|A|G|T|T|A|A|C|C|T|C|A|C|C|C|C|G|C|T|C|C|G|C|T|C|C|C|C,Hap8,33.957463035,25.88,42.03492607,C,T,C,G,A,G,A,G,T,A,G,G,C,A,T,A,G,T,T,A,T,A,C,T,C,C,C,China,,True,True,True,Published+Background
WATDE0865,T|C|T|A|G|C|G|A|G|A|C|G|G|C|T|A|T|T|T|C|G|G|G|C|G|C|C|G|A|A|C|C|G|A|C|C|C|C|G|C|C|T|C|G|C|C|C|T|G|C|T|C|C|T|T,Hap1,33.989904775,28.92,39.05980955,T,C,T,A,C,A,G,A,C,T,T,T,T,G,C,G,A,C,C,G,C,G,T,C,T,T,T,China,,False,False,False,Neither
WATDE0868,T|C|T|A|G|C|G|A|G|A|C|G|G|C|T|A|T|T|T|C|G|G|G|C|G|C|C|G|A|A|C|C|G|A|C|C|C|C|G|C|C|T|C|G|C|C|C|C/T|G|C|T|C|C|T|T,Hap19,37.905278585,33.73,42.08055717,T,C,T,A,C,A,G,A,C,T,T,T,T,G,C,G,A,C,C,G,C,G,T,C,C/T,T,T,China,,False,False,False,Neither
WATDE0869,T|C|T|A|G|C|G|A|G|A|C|G|G|C|T|C|T|T|T|C|G|G|G|C|G|C|C|G|A|A|C|C|G|A|C|C|C|C|G|C|C|T|C|G|C|C|C|T|G|C|T|C|C|T|T,Hap6,39.62745865,36.28,42.9749173,T,C,T,A,C,A,G,A,C,T,T,T,T,G,C,G,A,C,C,G,C,G,T,C,T,T,T,China,Kaifeng 312-2,False,False,False,Neither
WATDE0871,T|C|T|A|A|C|G|A|G|A|C|G|G|C|T|A|T|T|T|C|G|G|G|C|G|C|C|G|A|A|C|C|G|A|C|C|C|C|G|C|C|T|C|G|C|C|C|T|G|C|T|C|C|T|T,Hap3,33.776857820000004,30.78,36.77371564,T,C,T,A,C,A,G,A,C,T,T,T,T,G,C,G,A,C,C,G,C,G,T,C,T,T,T,China,,False,False,False,Neither
WATDE0872,T|C|T|A|A|C|G|A|G|A|C|G|G|C|T|A|T|T|T|C|G|G|G|C|G|C|C|G|A|A|C|C|G|A|C|C|C|C|G|C|C|T|C|G|C|C|C|T|G|C|T|C|C|T|T,Hap3,36.764409265,32.37,41.15881853,T,C,T,A,C,A,G,A,C,T,T,T,T,G,C,G,A,C,C,G,C,G,T,C,T,T,T,China,,False,False,False,Neither
WATDE0873,C|C|C|G|G|A|A|G|A|A|G|G|G|C|A|A|G|G|C|C|G|G|G|T|G|T|T|A|G|G|T|C|A|T|T|C|C|T|A|C|T|C|C|G|T|T|T|C|T|C|T|C|C|T|C,Hap7,32.45045695,29.56,35.3409139,C,C,C,G,A,G,A,A,C,A,G,G,C,G,T,A,G,T,C,A,C,A,C,T,C,T,C,China,,True,False,False,PublishedOnly
WATDE0874,C|C|C|G|G|A|A|G|A|A|G|G|G|C|A|A|G|G|C|C|G|G|G|T|G|T|T|A|G|G|T|C|A|T|T|C|C|T|A|C|T|C|C|G|T|T|T|C|T|C|T|C|C|T|C,Hap7,32.45535555,28.68,36.2307111,C,C,C,G,A,G,A,A,C,A,G,G,C,G,T,A,G,T,C,A,C,A,C,T,C,T,C,China,,True,False,False,PublishedOnly
WATDE0875,C|C|C|G|G|A|A|G|A|A|G|G|G|C|A|A|G|G|C|C|G|G|G|T|G|T|T|A|G|G|T|C|A|T|T|C|C|T|A|C|T|C|C|G|T|T|T|C|T|C|T|C|C|T|C,Hap7,33.868806410000005,32.31,35.42761282,C,C,C,G,A,G,A,A,C,A,G,G,C,G,T,A,G,T,C,A,C,A,C,T,C,T,C,China,,True,False,False,PublishedOnly
WATDE0876,C|C|C|G|G|A|A|G|A|A|G|G|G|C|A|A|G|G|C|C|G|G|G|T|G|T|T|A|G|G|T|C|A|T|T|C|C|T|A|C|T|C|C|G|T|T|T|C|T|C|T|C|C|T|C,Hap7,39.03699412,,39.03699412,C,C,C,G,A,G,A,A,C,A,G,G,C,G,T,A,G,T,C,A,C,A,C,T,C,T,C,China,,True,False,False,PublishedOnly
WATDE0878,T|C|T|A|G|C|G|A|G|A|C|G|G|C|T|A|T|T|T|C|G|G|G|C|G|C|C|G|A|A|C|C|G|A|C|T|C|C|G|T|C|T|C|G|C|C|C|T|G|C|T|C|C|T|T,Hap10,43.113030165,41.07,45.15606033,T,C,T,A,C,A,G,A,C,T,T,T,T,G,C,G,A,C,C,G,C,G,T,C,T,T,T,Romania,I.C.A.R.1,False,False,False,Neither
WATDE0879,T|C|T|A|G|C|G|A|G|A|C|G|G|C|T|A|T|T|T|C|G|G|G|C|G|C|C|G|A|A|C|C|G|A|C|T|C|C|G|T|C|T|C|G|C|C|C|T|G|C|T|C|C|T|T,Hap10,43.90607939,40.84,46.97215878,T,C,T,A,C,A,G,A,C,T,T,T,T,G,C,G,A,C,C,G,C,G,T,C,T,T,T,Afghanistan,,False,False,False,Neither
WATDE0880,T|C|T|A|G|C|G|A|G|A|C|G|G|C|T|A|T|T|T|C|G|G|G|C|G|C|C|G|A|A|C|C|G|A|C|C|C|C|G|C|C|T|C|G|C|C|C|T|G|C|T|C|C|T|T,Hap1,40.720667845,39.63,41.81133569,T,C,T,A,C,A,G,A,C,T,T,T,T,G,C,G,A,C,C,G,C,G,T,C,T,T,T,Afghanistan,,False,False,False,Neither
WATDE0881,T|C|T|A|G|C|G|A|G|A|C|G|G|C|T|A|T|T|T|C|G|G|G|C|G|C|C|G|A|A|C|C|G|A|C|C|C|C|G|C|C|T|C|G|C|C|C|T|G|C|T|C|C|T|T,Hap1,41.022888185,37.67,44.37577637,T,C,T,A,C,A,G,A,C,T,T,T,T,G,C,G,A,C,C,G,C,G,T,C,T,T,T,Afghanistan,,False,False,False,Neither
WATDE0882,T|C|T|A|G|C|G|A|G|A|C|G|G|C|T|A|T|T|T|C|G|G|G|C|G|C|C|G|A|A|C|C|G|A|C|C|C|C|G|C|C|T|C|G|C|C|C|T|G|C|T|C|C|T|T,Hap1,43.650902025,43.72,43.58180405,T,C,T,A,C,A,G,A,C,T,T,T,T,G,C,G,A,C,C,G,C,G,T,C,T,T,T,Afghanistan,,False,False,False,Neither
WATDE0883,T|C|T|A|G|C|G|A|G|A|C|G|G|C|T|A|T|T|T|C|G|G|G|C|G|C|C|G|A|A|C|C|G|A|C|C|C|C|G|C|C|T|C|G|C|C|C|T|G|C|T|C|C|T|T,Hap1,45.58804269,38.71,52.46608538,T,C,T,A,C,A,G,A,C,T,T,T,T,G,C,G,A,C,C,G,C,G,T,C,T,T,T,Yugoslavia,,False,False,False,Neither
WATDE0884,T|C|T|A|A|C|G|A|G|A|C|G|G|C|T|A|T|T|T|C|G|G|G|C|G|C|C|G|A|A|C|C|G|A|C|C|C|C|G|C|C|T|C|G|C|C|C|T|G|C|T|C|C|T|T,Hap3,41.23969037,39.29,43.18938074,T,C,T,A,C,A,G,A,C,T,T,T,T,G,C,G,A,C,C,G,C,G,T,C,T,T,T,China,Small wheat,False,False,False,Neither
WATDE0887,T|C|T|A|A|C|G|A|G|A|C|G|G|C|T|A|T|T|T|C|G|G|G|C|G|C|C|G|A|A|C|C|G|A|C|C|C|C|G|C|C|T|C|G|C|C|C|T|G|C|T|C|C|T|T,Hap3,42.6471747,43.88,41.4143494,T,C,T,A,C,A,G,A,C,T,T,T,T,G,C,G,A,C,C,G,C,G,T,C,T,T,T,Poland,Zaborzanka,False,False,False,Neither
WATDE0888,T|C|T|A|G|C|G|A|G|A|C|G|G|C|T|A|T|T|T|C|G|G|G|C|G|C|C|G|A|A|C|C|G|A|C|C|C|C|G|C|C|T|C|G|C|C|C|T|G|C|T|C|C|T|T,Hap1,47.7291103,42.91,52.5482206,T,C,T,A,C,A,G,A,C,T,T,T,T,G,C,G,A,C,C,G,C,G,T,C,T,T,T,USSR,"ferrugineum Al., Flaksberger 17525",False,False,False,Neither
WATDE0889,C|C|C|G|G|A|A|G|A|A|G|G|G|C|A|A|G|G|C|C|G|G|G|T|G|T|T|A|G|G|T|C|A|T|T|C|C|T|A|C|T|C|C|G|T|T|T|C|T|C|T|C|C|T|C,Hap7,38.99828952,36.24,41.75657904,C,C,C,G,A,G,A,A,C,A,G,G,C,G,T,A,G,T,C,A,C,A,C,T,C,T,C,Iraq,Rustam Exp Farm 87,True,False,False,PublishedOnly
WATDE0890,C|C|T|A|G|C|G|A|G|A|C|G|G|C|T|A|T|T|T|C|G|G|G|C|G|C|C|G|A|A|C|C|G|A|C|C|C|C|G|C|C|T|C|G|C|C|C|T|G|C|T|C|C|T|T,Hap4,38.06009165,35.55,40.5701833,C,C,T,A,C,A,G,A,C,T,T,T,T,G,C,G,A,C,C,G,C,G,T,C,T,T,T,Tunisia,Mahmoudi,False,False,False,Neither
WATDE0892,T|C|T|A|G|C|G|A|G|A|C|G|G|C|T|A|T|T|T|C|G|G|G|C|G|C|C|G|A|A|C|C|G|A|C|C|C|C|G|C|C|T|C|G|C|C|C|T|G|C|C|C|C|T|T,Hap2,36.44312929,28.15,44.73625858,T,C,T,A,C,A,G,A,C,T,T,T,T,G,C,G,A,C,C,G,C,G,T,C,T,T,T,Tunisia,Souri,False,False,False,Neither
WATDE0894,T|C|T|A|G|C|G|A|G|A|C|G|G|C|T|A|T|T|T|C|G|G|G|C|G|C|C|G|A|A|C|C|G|A|C|C|C|C|G|C|C|T|C|G|C|C|C|T|G|C|T|C|C|T|T,Hap1,41.53853677,37.305,45.77207354,T,C,T,A,C,A,G,A,C,T,T,T,T,G,C,G,A,C,C,G,C,G,T,C,T,T,T,Spain,Trigo Blocal,False,False,False,Neither
WATDE0895,T|C|T|A|G|C|G|A|G|A|C|G|G|C|T|A|T|T|T|C|G|G|G|C|G|C|C|G|A|A|C|C|G|A|C|C|C|C|G|C|C|T|C|G|C|C|C|T|G|C|T|C|C|T|T,Hap1,44.251734345,36.48,52.02346869,T,C,T,A,C,A,G,A,C,T,T,T,T,G,C,G,A,C,C,G,C,G,T,C,T,T,T,Iran,,False,False,False,Neither
WATDE0896,C|C|T|A|G|C|G|A|G|A|C|G|G|C|T|A|T|T|T|C|A|G|G|C|G|C|C|G|A|A|C|C|G|A|C|C|C|C|G|C|C|T|T|G|C|C|C|T|G|A|T|C|C|T|T,Hap5,49.884974985,45.36,54.40994997,C,C,T,A,C,A,G,A,C,T,T,T,T,G,C,G,A,C,C,G,C,G,T,C,T,T,T,Iran,,False,False,False,Neither
WATDE0900,T|C|T|A|G|C|G|A|G|A|C|A|G|C|T|A|T|T|T|C|G|G|G|C|G|C|C|G|A|A|C|C|G|A|C|C|C|C|G|C|C|T|C|G|C|C|C|T|G|C|T|C|C|T|T,Hap11,33.388405045,28.73,38.04681009,T,C,T,A,C,A,G,A,C,T,T,T,T,G,C,G,A,C,C,G,C,G,T,C,T,T,T,Iran,Vilayati,False,False,False,Neither
WATDE0901,T|C|T|A|A|C|G|A|G|A|C|G|G|C|T|A|T|T|T|C|G|G|G|C|G|C|C|G|A|A|C|C|G|A|C|C|C|C|G|C|C|T|C|G|C|C|C|T|G|C|T|C|C|T|T,Hap3,38.95017913,35.4,42.50035826,T,C,T,A,C,A,G,A,C,T,T,T,T,G,C,G,A,C,C,G,C,G,T,C,T,T,T,Morocco,,False,False,False,Neither
WATDE0902,T|C|T|A|A|C|G|A|G|A|C|G|G|C|T|A|T|T|T|C|G|G|G|C|G|C|C|G|A|A|C|C|G|A|C|C|C|C|G|C|C|T|C|G|C|C|C|T|G|C|T|C|C|T|T,Hap3,40.292505585,37.35,43.23501117,T,C,T,A,C,A,G,A,C,T,T,T,T,G,C,G,A,C,C,G,C,G,T,C,T,T,T,Tunisia,Richelle Hative,False,False,False,Neither
WATDE0903,T|C|T|A|G|C|G|A|G|A|C|G|G|C|T|C|T|T|T|C|G|G|G|C|G|C|C|G|A|A|C|C|G|A|C|C|C|C|G|C|C|T|C|G|C|C|C|T|G|C|T|C|A|T|T,Hap12,46.805666645,41.67,51.94133329,T,C,T,A,C,A,G,A,C,T,T,T,T,G,C,G,A,C,C,G,C,G,T,C,T,T,T,Spain,Baztanes feurtes,False,False,False,Neither
WATDE0906,T|C|T|A|G|C|G|A|G|A|C|G|G|C|T|C|T|T|T|C|G|G|G|C|G|C|C|G|A|A|C|C|G|A|C|C|C|C|G|C|C|T|C|G|C|C|C|T|G|C|T|A|C|T|T,Hap9,40.142019185,36.83,43.45403837,T,C,T,A,C,A,G,A,C,T,T,T,T,G,C,G,A,C,C,G,C,G,T,C,T,T,T,India,Lyallpur 11,False,False,False,Neither
WATDE0907,T|C|T|A|G|C|G|A|G|A|C|G|G|C|T|C|T|T|T|C|G|G|G|C|G|C|C|G|A|A|C|C|G|A|C|C|C|C|G|C|C|T|C|G|C|C|C|T|G|C|T|A|C|T|T,Hap9,39.609782505,35.04,44.17956501,T,C,T,A,C,A,G,A,C,T,T,T,T,G,C,G,A,C,C,G,C,G,T,C,T,T,T,Iraq,Rustam Exp Farm 79,False,False,False,Neither
WATDE0909,C|T|C|G|G|A|G|G|A|G|C|G|G|T|A|A|G|G|C|C|G|G|A|C|G|T|C|A|A|G|T|T|A|A|C|C|T|C|A|C|C|C|C|G|C|T|C|C|G|C|T|C|C|C|C,Hap8,26.70319394,21.83,31.57638788,C,T,C,G,A,G,A,G,T,A,G,G,C,A,T,A,G,T,T,A,T,A,C,T,C,C,C,China,,True,True,True,Published+Background
WATDE0910,T|C|T|A|G|C|G|A|G|A|C|G|G|C|T|A|T|T|T|C|G|G|G|C|G|C|C|G|A|A|C|C|G|A|C|C|C|C|G|C|C|T|C|A|C|C|C|T|G|C|T|C|C|T|T,Hap13,26.8570274,21.8,31.9140548,T,C,T,A,C,A,G,A,C,T,T,T,T,G,C,G,A,C,C,G,C,G,T,C,T,T,T,India,Gahu (Nepali) or Kyo (Sikkimese),False,False,False,Neither
WATDE0911,T|C|T|A|G|C|G|A|G|A|C|G|G|C|T|A|T|T|T|C|G|G|G|C|G|C|C|G|A|A|C|C|G|A|C|C|C|C|G|C|C|T|C|G|C|C|C|T|G|C|C|C|C|T|T,Hap2,34.67359191,29.79,39.55718382,T,C,T,A,C,A,G,A,C,T,T,T,T,G,C,G,A,C,C,G,C,G,T,C,T,T,T,India,Desi,False,False,False,Neither
WATDE0912,C|T|C|G|G|A|G|G|A|G|C|G|G|T|A|A|G|G|C|C|G|G|A|C|G|T|C|A|A|G|T|T|A|A|C|C|T|C|A|C|C|C|C|G|C|T|C|C|G|C|T|C|C|C|C,Hap8,29.41492796,24.47,34.35985592,C,T,C,G,A,G,A,G,T,A,G,G,C,A,T,A,G,T,T,A,T,A,C,T,C,C,C,China,Kaifeng 124,True,True,True,Published+Background
WATDE0913,C|T|C|G|G|A|G|G|A|G|C|G|G|T|A|A|G|G|C|C|G|G|A|C|G|T|C|A|A|G|T|T|A|A|C|C|T|C|A|C|C|C|C|G|C|T|C|C|G|C|T|C|C|C|C,Hap8,29.471446445,27.33,31.61289289,C,T,C,G,A,G,A,G,T,A,G,G,C,A,T,A,G,T,T,A,T,A,C,T,C,C,C,Iran,Sukh Das,True,True,True,Published+Background
WATDE0914,T|C|T|A|G|C|G|A|G|A|C|G|G|C|T|A|T|T|T|C|G|G|G|C|G|C|C|G|A|A|C|C|G|A|C|C|C|C|G|C|C|T|C|G|C|C|C|T|G|C|T|C|C|T|T,Hap1,33.61160061,27.52,39.70320122,T,C,T,A,C,A,G,A,C,T,T,T,T,G,C,G,A,C,C,G,C,G,T,C,T,T,T,Iran,Gandum-i-Kal-i-qirmiz,False,False,False,Neither
WATDE0915,T|C|T|A|G|C|G|A|G|A|C|G|G|C|T|A|T|T|T|C|G|G|G|C|G|C|C|G|A|A|C|C|G|A|C|C|C|C|G|C|C|T|C|G|C|C|C|T|G|C|T|C|C|T|T,Hap1,33.66922468,28.16,39.17844936,T,C,T,A,C,A,G,A,C,T,T,T,T,G,C,G,A,C,C,G,C,G,T,C,T,T,T,China,,False,False,False,Neither
WATDE0916,T|C|T|A|G|C|G|A|G|A|C|G|G|C|T|A|T|T|T|C|G|G|G|C|G|C|C|G|A|A|C|C|G|A|C|C|C|C|G|C|C|T|C|A|C|C|C|T|G|C|T|C|C|T|T,Hap13,30.31823445,27.39,33.2464689,T,C,T,A,C,A,G,A,C,T,T,T,T,G,C,G,A,C,C,G,C,G,T,C,T,T,T,India,Gahu (Nepali) or Kyo (Sikkimese),False,False,False,Neither
WATDE0917,T|C|T|A|G|C|G|A|G|A|C|G|G|C|T|A|T|T|T|C|G|G|G|C|G|C|C|G|A|A|C|C|G|A|C|C|C|C|G|C|C|T|C|A|C|C|C|T|G|C|T|C|C|T|T,Hap13,27.743283965,22.45,33.03656793,T,C,T,A,C,A,G,A,C,T,T,T,T,G,C,G,A,C,C,G,C,G,T,C,T,T,T,India,Desi,False,False,False,Neither
WATDE0918,T|C|T|A|A|C|G|A|G|A|C|G|G|C|T|A|T|T|T|C|G|G|G|C|G|C|C|G|A|A|C|C|G|A|C|C|C|C|G|C|C|T|C|G|C|C|C|T|G|C|T|C|C|T|T,Hap3,33.836290004999995,28.955,38.71758001,T,C,T,A,C,A,G,A,C,T,T,T,T,G,C,G,A,C,C,G,C,G,T,C,T,T,T,India,C.,False,False,False,Neither
WATDE0919,T|C|T|A|G|C|G|A|G|A|C|G|G|C|T|A|T|T|T|C|G|G|G|C|G|C|C|G|A|A|C|C|G|A|C|C|C|C|G|C|C|T|C|A|C|C|C|T|G|C|T|C|C|T|T,Hap13,28.13955446,24.94,31.33910892,T,C,T,A,C,A,G,A,C,T,T,T,T,G,C,G,A,C,C,G,C,G,T,C,T,T,T,India,Gahu (Nepali) or Kyo (Sikkimese),False,False,False,Neither
WATDE0920,T|C|T|A|G|C|G|A|G|A|C|G|G|C|T|A|T|T|T|C|G|G|G|C|G|C|C|G|A|A|C|C|G|A|C|C|C|C|G|C|C|T|C|G|C|C|C|T|G|C|T|C|C|T|T,Hap1,34.918425064999994,30.955,38.88185013,T,C,T,A,C,A,G,A,C,T,T,T,T,G,C,G,A,C,C,G,C,G,T,C,T,T,T,India,Thori,False,False,False,Neither
WATDE0922,T|C|T|A|G|C|G|A|G|A|C|G|G|C|T|A|T|T|T|C|G|G|G|C|G|C|C|G|A|A|C|C|G|A|C|C|C|C|G|C|C|T|C|A|C|C|C|T|G|C|T|C|C|T|T,Hap13,40.087947195,37.89,42.28589439,T,C,T,A,C,A,G,A,C,T,T,T,T,G,C,G,A,C,C,G,C,G,T,C,T,T,T,India,Pusa No 4,False,False,False,Neither
WATDE0923,C|C|T|A|G|C|G|A|G|A|C|G|G|C|T|A|T|T|T|C|G|G|G|C|G|C|C|G|A|A|C|C|G|A|C|C|C|C|G|C|C|T|C|G|C|C|C|T|G|C|T|C|C|T|T,Hap4,30.059833295,26.28,33.83966659,C,C,T,A,C,A,G,A,C,T,T,T,T,G,C,G,A,C,C,G,C,G,T,C,T,T,T,India,Sufed Panjabi,False,False,False,Neither
WATDE0924,C|T|C|G|G|A|G|G|A|G|C|G|G|T|A|A|G|G|C|C|G|G|A|C|G|T|C|A|A|G|T|T|A|A|C|C|T|C|A|C|C|C|C|G|C|T|C|C|G|C|T|C|C|C|C,Hap8,33.709172635,27.56,39.85834527,C,T,C,G,A,G,A,G,T,A,G,G,C,A,T,A,G,T,T,A,T,A,C,T,C,C,C,India,Desi,True,True,True,Published+Background
WATDE0926,T|C|T|A|A|C|G|A|G|A|C|G|G|C|T|A|T|T|T|C|G|G|G|C|G|C|C|G|A|A|C|C|G|A|C|C|C|C|G|C|C|T|C|G|C|C|C|T|G|C|T|C|C|T|T,Hap3,35.71696489,26.83,44.60392978,T,C,T,A,C,A,G,A,C,T,T,T,T,G,C,G,A,C,C,G,C,G,T,C,T,T,T,India,Sufed Panjabi,False,False,False,Neither
WATDE0927,T|C|T|A|A|C|G|A|G|A|C|G|G|C|T|A|T|T|T|C|G|G|G|C|G|C|C|G|A|A|C|C|G|A|C|C|C|C|G|C|C|T|C|G|C|C|C|T|G|C|T|C|C|T|T,Hap3,37.524964575,28.42,46.62992915,T,C,T,A,C,A,G,A,C,T,T,T,T,G,C,G,A,C,C,G,C,G,T,C,T,T,T,China,,False,False,False,Neither
WATDE0928,T|C|T|A|G|C|G|A|G|A|C|G|G|C|T|C|T|T|T|C|G|G|G|C|G|C|C|G|A|A|C|C|G|A|C|C|C|C|G|C|C|T|C|G|C|C|C|T|G|C|T|C|C|T|T,Hap6,38.060843135,30.45,45.67168627,T,C,T,A,C,A,G,A,C,T,T,T,T,G,C,G,A,C,C,G,C,G,T,C,T,T,T,China,,False,False,False,Neither
WATDE0929,T|C|T|A|G|C|G|A|G|A|C|G|G|C|T|C|T|T|T|C|G|G|G|C|G|C|C|G|A|A|C|C|G|A|C|C|C|C|G|C|C|T|C|G|C|C|C|T|G|C|T|C|C|T|T,Hap6,41.084969375,36.48,45.68993875,T,C,T,A,C,A,G,A,C,T,T,T,T,G,C,G,A,C,C,G,C,G,T,C,T,T,T,China,,False,False,False,Neither
WATDE0930,C|C|T|A|G|C|G|A|G|A|C|G|G|C|T|A|T|T|T|C|G|G|G|C|G|C|C|G|A|A|C|C|G|A|C|C|C|C|G|C|C|T|C|G|C|C|C|T|G|C|T|C|C|T|T,Hap4,38.9268161,32.62,45.2336322,C,C,T,A,C,A,G,A,C,T,T,T,T,G,C,G,A,C,C,G,C,G,T,C,T,T,T,China,,False,False,False,Neither
WATDE0932,T|C|T|A|G|C|G|A|G|A|C|G|G|C|T|A|T|T|T|C|G|G|G|C|G|C|C|G|A|A|C|C|G|A|C|C|C|C|G|C|C|T|C|G|C|C|C|T|G|C|T|C|C|T|T,Hap1,35.186593555,29.26,41.11318711,T,C,T,A,C,A,G,A,C,T,T,T,T,G,C,G,A,C,C,G,C,G,T,C,T,T,T,China,,False,False,False,Neither
WATDE0933,T|C|T|A|G|C|G|A|G|A|C|G|G|C|T|A|T|T|T|C|G|G|G|C|G|C|C|G|A|A|C|C|G|A|C|C|C|C|G|C|C|T|C|G|C|C|C|T|G|C|T|C|C|T|T,Hap1,32.62418421,27.74,37.50836842,T,C,T,A,C,A,G,A,C,T,T,T,T,G,C,G,A,C,C,G,C,G,T,C,T,T,T,Afghanistan,,False,False,False,Neither
WATDE0934,T|C|T|A|G|C|G|A|G|A|C|A|G|C|T|A|T|T|T|C|G|G|G|C|G|C|C|G|A|A|C|C|G|A|C|C|C|C|G|C|C|T|C|G|C|C|C|T|G|C|T|C|C|T|T,Hap11,33.90199492,29.31,38.49398984,T,C,T,A,C,A,G,A,C,T,T,T,T,G,C,G,A,C,C,G,C,G,T,C,T,T,T,India,Desi,False,False,False,Neither
WATDE0935,T|C|T|A|A|C|G|A|G|A|C|G|G|C|T|A|T|T|T|C|G|G|G|C|G|C|C|G|A|A|C|C|G|A|C|C|C|C|G|C|C|T|C|G|C|C|C|T|G|C|T|C|C|T|T,Hap3,36.86708478,33.78,39.95416956,T,C,T,A,C,A,G,A,C,T,T,T,T,G,C,G,A,C,C,G,C,G,T,C,T,T,T,China,,False,False,False,Neither
WATDE0937,T|C|T|A|G|C|G|A|G|A|C|G|G|C|T|A|T|T|T|C|G|G|G|C|G|C|C|G|A|A|C|C|G|A|C|C|C|C|G|C|C|T|C|G|C|C|C|T|G|C|T|C|C|T|T,Hap1,39.272165815,35.25,43.29433163,T,C,T,A,C,A,G,A,C,T,T,T,T,G,C,G,A,C,C,G,C,G,T,C,T,T,T,China,,False,False,False,Neither
WATDE0938,C|C|C|G|G|A|A|G|A|A|G|G|G|C|A|A|G|G|C|C|G|G|G|T|G|T|T|A|G|G|T|C|A|T|T|C|C|T|A|C|T|C|C|G|T|T|T|C|T|C|T|C|C|T|C,Hap7,32.201274835,27.46,36.94254967,C,C,C,G,A,G,A,A,C,A,G,G,C,G,T,A,G,T,C,A,C,A,C,T,C,T,C,China,,True,False,False,PublishedOnly
WATDE0941,C|T|C|G|G|A|G|G|A|G|C|G|G|T|A|A|G|G|C|C|G|G|G|C|G|T|C|A|A|G|T|C|A|A|C|C|T|C|A|C|C|C|C|G|C|T|C|C|G|C|T|C|C|C|C,Hap17,40.46113382,35.1,45.82226764,C,T,C,G,A,G,A,G,T,A,G,G,C,G,T,A,G,T,C,A,T,A,C,T,C,C,C,India,Rodi Garamseli,True,False,False,PublishedOnly
WATDE0944,T|C|T|A|G|C|G|A|G|A|C|G|G|C|T|A|T|T|T|C|G|G|G|C|G|C|C|G|A|A|C|C|G|A|C|C|C|C|G|C|C|T|C|G|C|C|C|T|G|C|T|C|C|T|T,Hap1,28.27912478,26.62,29.93824956,T,C,T,A,C,A,G,A,C,T,T,T,T,G,C,G,A,C,C,G,C,G,T,C,T,T,T,Iran,Muganka x Belokoloska,False,False,False,Neither
WATDE0945,C|T|C|G|G|A|G|G|A|G|C|G|G|T|A|A|G|G|C|C|G|G|G|C|G|T|C|A|A|G|T|C|A|A|C|C|T|C|A|C|C|C|C|G|C|T|C|C|G|C|T|C|C|C|C,Hap17,32.83402899,26.12,39.54805798,C,T,C,G,A,G,A,G,T,A,G,G,C,G,T,A,G,T,C,A,T,A,C,T,C,C,C,USSR,Shatilov Exp Sta,True,False,False,PublishedOnly
WATDE0947,T|C|T|A|G|C|G|A|G|A|C|G|G|C|T|A|T|T|T|C|G|G|G|C|G|C|C|G|A|A|C|C|G|A|C|C|C|C|G|C|C|T|C|G|C|C|C|T|G|C|C|C|C|T|T,Hap2,42.946991635,36.8,49.09398327,T,C,T,A,C,A,G,A,C,T,T,T,T,G,C,G,A,C,C,G,C,G,T,C,T,T,T,Algeria,,False,False,False,Neither
WATDE0950,C|T|C|G|G|A|G|G|A|G|C|G|G|T|A|A|G|G|C|C|G|G|A|C|G|T|C|A|A|G|T|T|A|A|C|C|T|C|A|C|C|C|C|G|C|T|C|C|G|C|T|C|C|C|C,Hap8,30.656961645,25.9,35.41392329,C,T,C,G,A,G,A,G,T,A,G,G,C,A,T,A,G,T,T,A,T,A,C,T,C,C,C,Italy,Edda,True,True,True,Published+Background
WATDE0952,T|C|T|A|G|C|G|A|G|A|C|G|A|C|T|A|T|T|T|C|G|G|G|C|G|C|C|G|A|A|C|C|G|A|C|C|C|C|G|C|C|T|C|G|C|C|C|T|G|C|C|C|C|T|T,Hap14,27.489020925,23.68,31.29804185,T,C,T,A,C,A,G,A,C,T,T,T,T,G,C,G,A,C,C,G,C,G,T,C,T,T,T,India,Pusa 6,False,False,False,Neither
WATDE0953,T|C|T|A|G|C|G|A|G|A|C|G|G|C|T|A|T|T|T|C|G|G|G|C|G|C|C|G|A|A|C|C|G|A|C|C|C|C|G|C|C|T|C|G|C|C|C|T|G|C|C|C|C|T|T,Hap2,44.84078697,42.39,47.29157394,T,C,T,A,C,A,G,A,C,T,T,T,T,G,C,G,A,C,C,G,C,G,T,C,T,T,T,Afghanistan,,False,False,False,Neither
WATDE0954,T|C|T|A|G|C|G|A|G|A|C|G|G|C|T|A|T|T|T|C|G|G|G|C|G|C|C|G|A|A|C|C|G|A|C|C|C|C|G|C|C|T|C|G|C|C|C|T|G|C|T|C|C|T|T,Hap1,47.256883085,43.12,51.39376617,T,C,T,A,C,A,G,A,C,T,T,T,T,G,C,G,A,C,C,G,C,G,T,C,T,T,T,USSR,,False,False,False,Neither
WATDE0955,T|C|T|A|G|C|G|A|G|A|C|G|A|C|T|A|T|T|T|C|G|G|G|C|G|C|C|G|A|A|C|C|G|A|C|C|C|C|G|C|C|T|C|G|C|C|C|T|G|C|C|C|C|T|T,Hap14,41.149645595,39.84,42.45929119,T,C,T,A,C,A,G,A,C,T,T,T,T,G,C,G,A,C,C,G,C,G,T,C,T,T,T,India,Lalmi,False,False,False,Neither
WATDE0957,T|C|T|A|G|C|G|A|G|A|C|G|G|C|T|A|T|T|T|C|G|G|G|C|G|C|C|G|A|A|C|C|G|A|C|C|C|C|G|C|C|T|C|G|C|C|C|T|G|C|T|C|C|T|T,Hap1,23.35,23.35,,T,C,T,A,C,A,G,A,C,T,T,T,T,G,C,G,A,C,C,G,C,G,T,C,T,T,T,USSR,,False,False,False,Neither
WATDE0958,T|C|T|A|G|C|G|A|G|A|C|G|G|C|T|A|T|T|T|C|G|G|G|C|G|C|C|G|A|A|C|C|G|A|C|C|C|C|G|C|C|T|C|G|C|C|C|T|G|C|T|C|C|T|T,Hap1,35.51469943,29.72,41.30939886,T,C,T,A,C,A,G,A,C,T,T,T,T,G,C,G,A,C,C,G,C,G,T,C,T,T,T,USSR,,False,False,False,Neither
WATDE0961,T|C|T|A|G|C|G|A|G|A|C|G|A|C|T|A|T|T|T|C|G|G|G|C|G|C|C|G|A|A|C|C|G|A|C|C|C|C|G|C|C|T|C|G|C|C|C|T|G|C|C|C|C|T|T,Hap14,34.91,34.91,,T,C,T,A,C,A,G,A,C,T,T,T,T,G,C,G,A,C,C,G,C,G,T,C,T,T,T,USSR,Armavir,False,False,False,Neither
WATDE0963,T|C|T|A|G|C|G|A|G|A|C|G|G|C|T|A|T|T|T|C|G|G|G|C|G|C|C|G|A|A|C|C|G|A|C|C|C|C|G|C|C|T|C|G|C|C|C|T|G|C|T|C|C|T|T,Hap1,28.39144169,24.23,32.55288338,T,C,T,A,C,A,G,A,C,T,T,T,T,G,C,G,A,C,C,G,C,G,T,C,T,T,T,USSR,,False,False,False,Neither
WATDE0965,T|C|T|A|G|C|G|A|G|A|C|G|G|C|T|A|T|T|T|C|G|G|G|C|G|C|C|G|A|A|C|C|G|A|C|C|C|C|G|C|C|T|C|G|C|C|C|T|G|C|C|C|C|T|T,Hap2,33.21117762,29.53,36.89235524,T,C,T,A,C,A,G,A,C,T,T,T,T,G,C,G,A,C,C,G,C,G,T,C,T,T,T,USSR,Valki Exp Sta 3,False,False,False,Neither
WATDE0966,T|C|T|A|G|C|G|A|G|A|C|G|A|C|T|A|T|T|T|C|G|G|G|C|G|C|C|G|A|A|C|C|G|A|C|C|C|C|G|C|C|T|C|G|C|C|C|T|G|C|C|C|C|T|T,Hap14,39.98439743,36.46,43.50879486,T,C,T,A,C,A,G,A,C,T,T,T,T,G,C,G,A,C,C,G,C,G,T,C,T,T,T,USSR,,False,False,False,Neither
WATDE0967,T|C|T|A|G|C|G|A|G|A|C|G|G|C|T|A|T|T|T|C|G|G|G|C|G|C|C|G|A|A|C|C|G|A|C|C|C|C|G|C|C|T|C|G|C|C|C|T|G|C|T|C|C|T|T,Hap1,35.17,35.17,,T,C,T,A,C,A,G,A,C,T,T,T,T,G,C,G,A,C,C,G,C,G,T,C,T,T,T,Italy,,False,False,False,Neither
WATDE0969,T|C|T|A|G|C|G|A|G|A|C|G|G|C|T|C|T|T|T|C|G|G|G|C|G|C|C|G|A|A|C|C|G|A|C|C|C|C|G|C|C|T|C|G|C|C|C|T|G|C|T|C|C|T|T,Hap6,37.66351243,,37.66351243,T,C,T,A,C,A,G,A,C,T,T,T,T,G,C,G,A,C,C,G,C,G,T,C,T,T,T,Italy,,False,False,False,Neither
WATDE0970,T|C|T|A|G|C|G|A|G|A|C|G|G|C|T|A|T|T|T|C|G|G|G|C|G|C|C|G|A|A|C|C|G|A|C|C|C|C|G|C|C|T|C|G|C|C|C|T|G|C|T|C|C|T|T,Hap1,48.77336901,42.32,55.22673802,T,C,T,A,C,A,G,A,C,T,T,T,T,G,C,G,A,C,C,G,C,G,T,C,T,T,T,Unknown,,False,False,False,Neither
WATDE0973,T|C|T|A|G|C|G|A|G|A|C|G|G|C|T|A|T|T|T|C|G|G|G|C|G|C|C|G|A|A|C|C|G|A|C|C|C|C|G|C|C|T|C|G|C|C|C|T|G|C|T|C|C|T|T,Hap1,34.10946575,28.68,39.5389315,T,C,T,A,C,A,G,A,C,T,T,T,T,G,C,G,A,C,C,G,C,G,T,C,T,T,T,USSR,,False,False,False,Neither
WATDE0975,C|C|T|A|G|C|G|A|G|A|C|G|G|C|T|A|T|T|T|C|G|G|G|C|G|C|C|G|A|A|C|C|G|A|C|C|C|C|G|C|C|T|C|G|C|C|C|T|G|C|T|C|C|T|T,Hap4,38.71399392,30.83,46.59798784,C,C,T,A,C,A,G,A,C,T,T,T,T,G,C,G,A,C,C,G,C,G,T,C,T,T,T,Algeria,,False,False,False,Neither
WATDE0977,T|C|T|A|G|C|G|A|G|A|C|G|G|C|T|A|T|T|T|C|G|G|G|C|G|C|C|G|A|A|C|C|G|A|C|C|C|C|G|C|C|T|C|G|C|C|C|T|G|C|T|C|C|T|T,Hap1,43.199018345,34.84,51.55803669,T,C,T,A,C,A,G,A,C,T,T,T,T,G,C,G,A,C,C,G,C,G,T,C,T,T,T,India,Lalmi Faizabad No2,False,False,False,Neither
WATDE0978,T|C|T|A|G|C|G|A|G|A|C|G|A|C|T|A|T|T|T|C|G|G|G|C|G|C|C|G|A|A|C|C|G|A|C|C|C|C|G|C|C|T|C|G|C|C|C|T|G|C|C|C|C|T|T,Hap14,42.967208295,41.44,44.49441659,T,C,T,A,C,A,G,A,C,T,T,T,T,G,C,G,A,C,C,G,C,G,T,C,T,T,T,India,Abi,False,False,False,Neither
WATDE0979,T|C|T|A|G|C|G|A|G|A|C|G|A|C|T|A|T|T|T|C|G|G|G|C|G|C|C|G|A|A|C|C|G|A|C|C|C|C|G|C|C|T|C|G|C|C|C|T|G|C|C|C|C|T|T,Hap14,32.054162085,26.965,37.14332417,T,C,T,A,C,A,G,A,C,T,T,T,T,G,C,G,A,C,C,G,C,G,T,C,T,T,T,USSR,816,False,False,False,Neither
WATDE0981,T|C|T|A|G|C|G|A|G|A|C|G|A|C|T|A|T|T|T|C|G|G|G|C|G|C|C|G|A|A|C|C|G|A|C|C|C|C|G|C|C|T|C|G|C|C|C|T|G|C|C|C|C|T|T,Hap14,43.47,43.47,,T,C,T,A,C,A,G,A,C,T,T,T,T,G,C,G,A,C,C,G,C,G,T,C,T,T,T,Algeria,,False,False,False,Neither
WATDE0983,C|C|T|A|G|C|G|A|G|A|C|G|G|C|T|A|T|T|T|C|G|G|G|C|G|C|C|G|A|A|C|C|G|A|C|C|C|C|G|C|C|T|C|G|C|C|C|T|G|C|T|C|C|T|T,Hap4,35.199172895000004,30.54,39.85834579,C,C,T,A,C,A,G,A,C,T,T,T,T,G,C,G,A,C,C,G,C,G,T,C,T,T,T,India,Abi,False,False,False,Neither
WATDE0984,T|C|T|A|A|C|G|A|G|A|C|G|G|C|T|A|T|T|T|C|G|G|G|C|G|C|C|G|A|A|C|C|G|A|C|C|C|C|G|C|C|T|C|G|C|C|C|T|G|C|T|C|C|T|T,Hap3,39.11271101,37.24,40.98542202,T,C,T,A,C,A,G,A,C,T,T,T,T,G,C,G,A,C,C,G,C,G,T,C,T,T,T,Algeria,Mahon,False,False,False,Neither
WATDE0986,C|C|T|A|G|C|G|A|G|A|C|G|G|C|T|A|T|T|T|C|G|G|G|C|G|C|C|G|A|A|C|C|G|A|C|C|C|C|G|C|C|T|C|G|C|C|C|T|G|C|T|C|C|T|T,Hap4,45.45780633,39.75,51.16561266,C,C,T,A,C,A,G,A,C,T,T,T,T,G,C,G,A,C,C,G,C,G,T,C,T,T,T,USSR,,False,False,False,Neither
WATDE0987,T|C|T|A|G|C|G|A|G|A|C|G|G|C|T|A|T|T|T|C|G|G|G|C|G|C|C|G|A|A|C|C|G|A|C|C|C|C|G|C|C|T|C|G|C|C|C|T|G|C|C|C|C|T|T,Hap2,30.548718805,27.6,33.49743761,T,C,T,A,C,A,G,A,C,T,T,T,T,G,C,G,A,C,C,G,C,G,T,C,T,T,T,USSR,,False,False,False,Neither
WATDE0989,T|C|T|A|G|C|G|A|G|A|C|G|G|C|T|A|T|T|T|C|G|G|G|C|G|C|C|G|A|A|C|C|G|A|C|C|C|C|G|C|C|T|C|G|C|C|C|T|G|C|T|C|C|T|T,Hap1,33.78671628,31.58,35.99343256,T,C,T,A,C,A,G,A,C,T,T,T,T,G,C,G,A,C,C,G,C,G,T,C,T,T,T,USSR,,False,False,False,Neither
WATDE0995,C|C|T|A|G|C|G|A|G|A|C|G|G|C|T|A|T|T|T|C|G|G|G|C|G|C|C|G|A|A|C|C|G|A|C|C|C|C|G|C|C|T|C|G|C|C|C|T|G|C|T|C|C|T|T,Hap4,27.517072695,22.39,32.64414539,C,C,T,A,C,A,G,A,C,T,T,T,T,G,C,G,A,C,C,G,C,G,T,C,T,T,T,USSR,,False,False,False,Neither
WATDE0996,T|C|T|A|G|C|G|A|G|A|C|G|G|C|T|A|T|T|T|C|G|G|G|C|G|C|C|G|A|A|C|C|G|A|C|C|C|C|G|C|C|T|C|G|C|C|C|T|G|C|T|C|C|T|T,Hap1,41.860715365,41.65,42.07143073,T,C,T,A,C,A,G,A,C,T,T,T,T,G,C,G,A,C,C,G,C,G,T,C,T,T,T,Italy,Piccolo,False,False,False,Neither
WATDE0997,T|C|T|A|G|C|G|A|G|A|C|G|A|C|T|A|T|T|T|C|G|G|G|C|G|C|C|G|A|A|C|C|G|A|C|C|C|C|G|C|C|T|C|G|C|C|C|T|G|C|C|C|C|T|T,Hap14,41.038744595,39.025,43.05248919,T,C,T,A,C,A,G,A,C,T,T,T,T,G,C,G,A,C,C,G,C,G,T,C,T,T,T,USSR,Tulun 458,False,False,False,Neither
WATDE0999,T|C|T|A|G|C|G|A|G|A|C|G|G|C|T|A|T|T|T|C|G|G|G|C|G|C|C|G|A|A|C|C|G|A|C|C|C|C|G|C|C|T|C|G|C|C|C|T|G|C|T|C|C|T|T,Hap1,34.468946020000004,32.26,36.67789204,T,C,T,A,C,A,G,A,C,T,T,T,T,G,C,G,A,C,C,G,C,G,T,C,T,T,T,USSR,Valki Exp Sta 3,False,False,False,Neither
WATDE1002,T|C|T|A|A|C|G|A|G|A|C|G|G|C|T|A|T|T|T|C|G|G|G|C|G|C|C|G|A|A|C|C|G|A|C|C|C|C|G|C|C|T|C|G|C|C|C|T|G|C|T|C|C|T|T,Hap3,37.82,37.82,,T,C,T,A,C,A,G,A,C,T,T,T,T,G,C,G,A,C,C,G,C,G,T,C,T,T,T,USSR,Valki Exp Sta 4,False,False,False,Neither
WATDE1003,T|C|T|A|G|C|G|A|G|A|C|G|G|C|T|A|T|T|T|C|G|G|G|C|G|C|C|G|A|A|C|C|G|A|C|C|C|C|G|C|C|T|C|G|C|C|C|T|G|C|T|C|C|T|T,Hap1,33.729146455000006,32.09,35.36829291,T,C,T,A,C,A,G,A,C,T,T,T,T,G,C,G,A,C,C,G,C,G,T,C,T,T,T,USSR,,False,False,False,Neither
WATDE1004,T|C|T|A|G|C|G|A|G|A|C|G|G|C|T|A|T|T|T|C|G|G|G|C|G|C|C|G|A|A|C|C|G|A|C|C|C|C|G|C|C|T|C|G|C|C|C|T|G|C|T|C|C|T|T,Hap1,37.80368184,34.59,41.01736368,T,C,T,A,C,A,G,A,C,T,T,T,T,G,C,G,A,C,C,G,C,G,T,C,T,T,T,USSR,,False,False,False,Neither
WATDE1005,T|C|T|A|G|C|G|A|G|A|C|G|G|C|T|A|T|T|T|C|G|G|G|C|G|C|C|G|A|A|C|C|G|A|C|C|C|C|G|C|C|T|C|G|C|C|C|T|G|C|T|C|C|T|T,Hap1,35.18698579,30.0,40.37397158,T,C,T,A,C,A,G,A,C,T,T,T,T,G,C,G,A,C,C,G,C,G,T,C,T,T,T,USSR,,False,False,False,Neither
WATDE1008,T|C|T|A|G|C|G|A|G|A|C|G|G|C|T|A|T|T|T|C|G|G|G|C|G|C|C|G|A|A|C|C|G|A|C|C|C|C|G|C|C|T|C|G|C|C|C|T|G|C|T|C|C|T|T,Hap1,34.46908545,31.01,37.9281709,T,C,T,A,C,A,G,A,C,T,T,T,T,G,C,G,A,C,C,G,C,G,T,C,T,T,T,USSR,Dickson J G 294,False,False,False,Neither
WATDE1009,T|C|T|A|G|C|G|A|G|A|C|G|G|C|T|A|T|T|T|C|G|G|G|C|G|C|C|G|A|A|C|C|G|A|C|C|C|C|G|C|C|T|C|G|C|C|C|T|G|C|T|C|C|T|T,Hap1,32.46000651,26.75,38.17001302,T,C,T,A,C,A,G,A,C,T,T,T,T,G,C,G,A,C,C,G,C,G,T,C,T,T,T,USSR,,False,False,False,Neither
WATDE1010,T|C|T|A|G|C|G|A|G|A|C|G|G|C|T|A|T|T|T|C|G|G|G|C|G|C|C|G|A|A|C|C|G|A|C|C|C|C|G|C|C|T|C|G|C|C|C|T|G|C|T|C|C|T|T,Hap1,34.879234170000004,32.46,37.29846834,T,C,T,A,C,A,G,A,C,T,T,T,T,G,C,G,A,C,C,G,C,G,T,C,T,T,T,USSR,,False,False,False,Neither
WATDE1014,T|C|T|A|G|C|G|A|G|A|C|G|G|C|T|A|T|T|T|C|G|G|G|C|G|C|C|G|A|A|C|C|G|A|C|C|C|C|G|C|C|T|C|G|C|C|C|T|G|C|C|C|C|T|T,Hap2,34.931402615,29.32,40.54280523,T,C,T,A,C,A,G,A,C,T,T,T,T,G,C,G,A,C,C,G,C,G,T,C,T,T,T,USSR,,False,False,False,Neither
WATDE1016,T|C|T|A|G|C|G|A|G|A|C|G|G|C|T|A|T|T|T|C|G|G|G|C|G|C|C|G|A|A|C|C|G|A|C|C|C|C|G|C|C|T|C|G|C|C|C|T|G|C|C|C|C|T|T,Hap2,32.531049785,31.77,33.29209957,T,C,T,A,C,A,G,A,C,T,T,T,T,G,C,G,A,C,C,G,C,G,T,C,T,T,T,USSR,Odessa Exp Sta,False,False,False,Neither
WATDE1017,T|C|T|A|G|C|G|A|G|A|C|G|G|C|T|A|T|T|T|C|G|G|G|C|G|C|C|G|A|A|C|C|G|A|C|C|C|C|G|C|C|T|C|G|C|C|C|T|G|C|T|C|C|T|T,Hap1,36.44635763,33.08,39.81271526,T,C,T,A,C,A,G,A,C,T,T,T,T,G,C,G,A,C,C,G,C,G,T,C,T,T,T,USSR,,False,False,False,Neither
WATDE1019,T|C|T|A|G|C|G|A|G|A|C|G|G|C|T|A|T|T|T|C|G|G|G|C|G|C|C|G|A|A|C|C|G|A|C|C|C|C|G|C|C|T|C|G|C|C|C|T|G|C|T|C|C|T|T,Hap1,36.405854825,29.49,43.32170965,T,C,T,A,C,A,G,A,C,T,T,T,T,G,C,G,A,C,C,G,C,G,T,C,T,T,T,USSR,,False,False,False,Neither
WATDE1021,T|C|T|A|G|C|G|A|G|A|C|G|G|C|T|A|T|T|T|C|G|G|G|C|G|C|C|G|A|A|C|C|G|A|C|C|C|C|G|C|C|T|C|G|C|C|C|T|G|C|T|C|C|T|T,Hap1,29.7208204,28.86,30.5816408,T,C,T,A,C,A,G,A,C,T,T,T,T,G,C,G,A,C,C,G,C,G,T,C,T,T,T,USSR,Valki Exp Sta 1,False,False,False,Neither
WATDE1025,T|C|T|A|G|C|G|A|G|A|C|G|G|C|T|A|T|T|T|C|G|G|G|C|G|C|C|G|A|A|C|C|G|A|C|C|C|C|G|C|C|T|C|G|C|C|C|T|G|C|T|C|C|T|T,Hap1,38.103435925,34.61,41.59687185,T,C,T,A,C,A,G,A,C,T,T,T,T,G,C,G,A,C,C,G,C,G,T,C,T,T,T,USSR,,False,False,False,Neither
WATDE1026,T|C|T|A|G|C|G|A|G|A|C|G|G|C|T|A|T|T|T|C|G|G|G|C|G|C|C|G|A|A|C|C|G|A|C|C|C|C|G|C|C|T|C|G|C|C|C|T|G|C|T|C|C|T|T,Hap1,39.179203775000005,34.95,43.40840755,T,C,T,A,C,A,G,A,C,T,T,T,T,G,C,G,A,C,C,G,C,G,T,C,T,T,T,India,Pusa 80-5,False,False,False,Neither
WATDE1027,T|C|T|A|G|C|G|A|G|A|C|G|G|C|T|A|T|T|T|C|G|G|G|C|G|C|C|G|A|A|C|C|G|A|C|C|C|C|G|C|C|T|C|G|C|C|C|T|G|C|T|C|C|T|T,Hap1,34.984659295,30.33,39.63931859,T,C,T,A,C,A,G,A,C,T,T,T,T,G,C,G,A,C,C,G,C,G,T,C,T,T,T,USSR,Dickson J G 302,False,False,False,Neither
WATDE1029,T|C|T|A|G|C|G|A|G|A|C|G|G|C|T|A|T|T|T|C|G|G|G|C|G|C|C|G|A|A|C|C|G|A|C|C|C|C|G|C|C|T|C|G|C|C|C|T|G|C|T|C|C|T|T,Hap1,36.16747453,32.65,39.68494906,T,C,T,A,C,A,G,A,C,T,T,T,T,G,C,G,A,C,C,G,C,G,T,C,T,T,T,USSR,,False,False,False,Neither
WATDE1030,T|C|T|A|G|C|G|A|G|A|C|G|G|C|T|A|T|T|T|C|G|G|G|C|G|C|C|G|A|A|C|C|G|A|C|C|C|C|G|C|C|T|C|G|C|C|C|T|G|C|T|C|C|T|T,Hap1,35.053199555,29.81,40.29639911,T,C,T,A,C,A,G,A,C,T,T,T,T,G,C,G,A,C,C,G,C,G,T,C,T,T,T,Italy,,False,False,False,Neither
WATDE1031,T|C|T|A|G|C|G|A|G|A|C|G|G|C|T|A|T|T|T|C|G|G|G|C|G|C|C|G|A|A|C|C|G|A|C|C|C|C|G|C|C|T|C|G|C|C|C|T|G|C|T|C|C|T|T,Hap1,35.821325275,25.25,46.39265055,T,C,T,A,C,A,G,A,C,T,T,T,T,G,C,G,A,C,C,G,C,G,T,C,T,T,T,USSR,Valki Exp Sta 1,False,False,False,Neither
WATDE1032,T|C|T|A|G|C|G|A|G|A|C|G|G|C|T|A|T|T|T|C|G|G|G|C|G|C|C|G|A|A|C|C|G|A|C|C|C|C|G|C|C|T|C|G|C|C|C|T|G|C|T|C|C|T|T,Hap1,30.505152755,23.0,38.01030551,T,C,T,A,C,A,G,A,C,T,T,T,T,G,C,G,A,C,C,G,C,G,T,C,T,T,T,USSR,,False,False,False,Neither
WATDE1034,T|C|T|A|G|C|G|A|G|A|C|G|G|C|T|A|T|T|T|C|G|G|G|C|G|C|C|G|A|A|C|C|G|A|C|C|C|C|G|C|C|T|C|G|C|C|C|T|G|C|T|C|C|T|T,Hap1,38.783519365,33.1,44.46703873,T,C,T,A,C,A,G,A,C,T,T,T,T,G,C,G,A,C,C,G,C,G,T,C,T,T,T,USSR,,False,False,False,Neither
WATDE1037,C|C|C|G|G|A|A|G|A|A|G|G|G|C|A|A|G|G|C|C|G|G|G|T|G|T|T|A|G|G|T|C|A|T|T|C|C|T|A|C|T|C|C|G|T|T|T|C|T|C|T|C|C|T|C,Hap7,28.31218519,27.22,29.40437038,C,C,C,G,A,G,A,A,C,A,G,G,C,G,T,A,G,T,C,A,C,A,C,T,C,T,C,China,,True,False,False,PublishedOnly
WATDE1038,C|C|T|A|G|C|G|A|G|A|C|G|G|C|T|A|T|T|T|C|G|G|G|C|G|C|C|G|A|A|C|C|G|A|C|C|C|C|G|C|C|T|C|G|C|C|C|T|G|C|T|C|C|T|T,Hap4,36.33645916,33.75,38.92291832,C,C,T,A,C,A,G,A,C,T,T,T,T,G,C,G,A,C,C,G,C,G,T,C,T,T,T,India,Malo,False,False,False,Neither
WATDE1040,T|C|T|A|G|C|G|A|G|A|C|G|G|C|T|A|T|T|T|C|G|G|G|C|G|C|C|G|A|A|C|C|G|A|C|C|C|C|G|C|C|T|C|G|C|C|C|T|G|C|T|C|C|T|T,Hap1,34.939002235000004,34.82,35.05800447,T,C,T,A,C,A,G,A,C,T,T,T,T,G,C,G,A,C,C,G,C,G,T,C,T,T,T,Unknown,,False,False,False,Neither
WATDE1042,T|C|T|A|G|C|G|A|G|A|C|G|G|C|T|A|T|T|T|C|G|G|G|C|G|C|C|G|A|A|C|C|G|A|C|C|C|C|G|C|C|T|C|G|C|C|C|T|G|C|T|C|C|T|T,Hap1,41.82894218,36.38,47.27788436,T,C,T,A,C,A,G,A,C,T,T,T,T,G,C,G,A,C,C,G,C,G,T,C,T,T,T,China,,False,False,False,Neither
WATDE1044,C|T|C|G|G|A|G|G|A|G|C|G|G|T|A|A|G|G|C|C|G|G|A|C|G|T|C|A|A|G|T|T|A|A|C|C|T|C|A|C|C|C|C|G|C|T|C|C|G|C|T|C|C|C|C,Hap8,30.49450263,28.97,32.01900526,C,T,C,G,A,G,A,G,T,A,G,G,C,A,T,A,G,T,T,A,T,A,C,T,C,C,C,China,,True,True,True,Published+Background
WATDE1046,C|T|C|G|G|A|G|G|A|G|C|G|G|T|A|A|G|G|C|C|G|G|A|C|G|T|C|A|A|G|T|T|A|A|C|C|T|C|A|C|C|C|C|G|C|T|C|C|G|C|T|C|C|C|C,Hap8,28.88387209,25.84,31.92774418,C,T,C,G,A,G,A,G,T,A,G,G,C,A,T,A,G,T,T,A,T,A,C,T,C,C,C,China,,True,True,True,Published+Background
WATDE1048,C|T|C|G|G|A|G|G|A|G|C|G|G|T|A|A|G|G|C|C|G|G|A|C|G|T|C|A|A|G|T|T|A|A|C|C|T|C|A|C|C|C|C|G|C|T|C|C|G|C|T|C|C|C|C,Hap8,23.528764855,22.96,24.09752971,C,T,C,G,A,G,A,G,T,A,G,G,C,A,T,A,G,T,T,A,T,A,C,T,C,C,C,China,,True,True,True,Published+Background
WATDE1050,T|C|T|A|G|C|G|A|G|A|C|A|G|C|T|A|T|T|T|C|G|G|G|C|G|C|C|G|A|A|C|C|G|A|C|C|C|C|G|C|C|T|C|G|C|C|C|T|G|C|T|C|C|T|T,Hap11,29.332367815,26.81,31.85473563,T,C,T,A,C,A,G,A,C,T,T,T,T,G,C,G,A,C,C,G,C,G,T,C,T,T,T,China,,False,False,False,Neither
WATDE1051,C|T|C|G|G|A|G|G|A|G|C|G|G|T|A|A|G|G|C|C|G|G|A|C|G|T|C|A|A|G|T|T|A|A|C|C|T|C|A|C|C|C|C|G|C|T|C|C|G|C|T|C|C|C|C,Hap8,34.27783576,33.16,35.39567152,C,T,C,G,A,G,A,G,T,A,G,G,C,A,T,A,G,T,T,A,T,A,C,T,C,C,C,China,,True,True,True,Published+Background
WATDE1053,T|C|T|A|G|C|G|A|G|A|C|G|G|C|T|A|T|T|T|C|G|G|G|C|G|C|C|G|A|A|C|C|G|A|C|C|C|C|G|C|C|T|C|G|C|C|C|T|G|C|T|C|C|T|T,Hap1,32.873205670000004,36.52,29.22641134,T,C,T,A,C,A,G,A,C,T,T,T,T,G,C,G,A,C,C,G,C,G,T,C,T,T,T,China,,False,False,False,Neither
WATDE1056,C|T|C|G|G|A|G|G|A|G|C|G|G|T|A|A|G|G|C|C|G|G|A|C|G|T|C|A|A|G|T|T|A|A|C|C|T|C|A|C|C|C|C|G|C|T|C|C|G|C|T|C|C|C|C,Hap8,25.516077455,23.38,27.65215491,C,T,C,G,A,G,A,G,T,A,G,G,C,A,T,A,G,T,T,A,T,A,C,T,C,C,C,China,,True,True,True,Published+Background
WATDE1058,C|T|C|G|G|A|G|G|A|G|C|G|G|T|A|A|G|G|C|C|G|G|A|C|G|T|C|A|A|G|T|T|A|A|C|C|T|C|A|C|C|C|C|G|C|T|C|C|G|C|T|C|C|C|C,Hap8,27.32,27.32,,C,T,C,G,A,G,A,G,T,A,G,G,C,A,T,A,G,T,T,A,T,A,C,T,C,C,C,China,Chinese White,True,True,True,Published+Background
WATDE1060,T|C|T|A|G|C|G|A|G|A|C|G|G|C|T|A|T|T|T|C|G|G|G|C|G|C|C|G|A|A|C|C|G|A|C|C|C|C|G|C|C|T|C|G|C|C|C|T|G|C|T|C|C|T|T,Hap1,43.77404353,41.16,46.38808706,T,C,T,A,C,A,G,A,C,T,T,T,T,G,C,G,A,C,C,G,C,G,T,C,T,T,T,India,Mundia,False,False,False,Neither
WATDE1061,T|C|T|A|G|C|G|A|G|A|C|G|G|C|T|C|T|T|T|C|G|G|G|C|G|C|C|G|A|A|C|C|G|A|C|C|C|C|G|C|C|T|C|G|C|C|C|T|G|C|T|C|A|T|T,Hap12,40.84483206,37.72,43.96966412,T,C,T,A,C,A,G,A,C,T,T,T,T,G,C,G,A,C,C,G,C,G,T,C,T,T,T,Spain,Trigo barbilla,False,False,False,Neither
