position,ref,alt,distance_to_tss,is_sv,maf,overlaps_cds,overlapping_genes
434126382,G,A,55,False,0.01238390092879257,False,
434126463,G,C,136,False,0.2043343653250774,False,
434126603,C,T,276,False,0.46594427244582043,False,
434126749,TA,T,422,False,0.010835913312693499,False,
434126839,G,A,512,False,0.07430340557275542,False,
434126886,AT,A,559,False,0.09752321981424149,False,
434126939,C,T,612,False,0.015479876160990712,False,
434126950,C,T,623,False,0.38080495356037153,False,
434126961,C,A,634,False,0.38080495356037153,False,
434126992,C,T,665,False,0.021671826625386997,False,
434127146,C,T,819,False,0.38080495356037153,False,
434127202,A,G,875,False,0.08823529411764706,False,
434127292,C,T,965,False,0.03869969040247678,False,
434127294,A,G,967,False,0.010835913312693499,False,
434127355,G,A,1028,False,0.37925696594427244,False,
434127492,T,G,1165,False,0.09752321981424149,False,
434127509,A,G,1182,False,0.03869969040247678,False,
434127620,GA,G,1293,False,0.03560371517027864,False,
434127690,G,T,1363,False,0.021671826625386997,False,
434127748,TA,T,1421,False,0.0696594427244582,False,
434127757,C,T,1430,False,0.37925696594427244,False,
434127787,C,T,1460,False,0.33436532507739936,False,
434127814,CT,C,1487,False,0.009287925696594427,False,
434127820,TG,T,1493,False,0.0696594427244582,False,
434127834,T,C,1507,False,0.01238390092879257,False,
434127866,G,A,1539,False,0.015479876160990712,False,
434127920,TA,T,1593,False,0.01393188854489164,False,
434127953,C,T,1626,False,0.010835913312693499,False,
434127965,C,T,1638,False,0.009287925696594427,False,
434128008,C,CT,1681,False,0.03869969040247678,False,
434128015,TC,T,1688,False,0.2724458204334365,False,
434128036,T,G,1709,False,0.05572755417956656,False,
434128062,T,C,1735,False,0.11455108359133127,False,
434128086,C,CT,1759,False,0.11455108359133127,False,
434128116,T,G,1789,False,0.01238390092879257,False,
434128162,C,T,1835,False,0.11455108359133127,False,
434128260,A,C,1933,False,0.02631578947368421,False,
434128264,ATTT,A,1937,False,0.020123839009287926,False,
434128276,G,A,1949,False,0.01393188854489164,False,
