position,ref,alt,distance_to_tss,is_sv,maf,overlaps_cds,overlapping_genes
485701461,C,T,1957,False,0.38235294117647056,False,
485701589,A,AT,1829,False,0.01393188854489164,False,
485701646,CTTATGCTCTGGATAT,C,1772,False,0.07739938080495357,False,
485701731,GT,G,1687,False,0.13003095975232198,False,
485701737,CTCACTGCAT,C,1681,False,0.01393188854489164,False,
485701823,CCAG,C,1595,False,0.1873065015479876,False,
485701825,AGC,*,1593,False,0.1873065015479876,False,
485701873,CTGCA,C,1545,False,0.19814241486068113,False,
485701957,TC,T,1461,False,0.030959752321981424,False,
485702264,A,AC,1154,False,0.018575851393188854,False,
485702824,AC,A,594,False,0.01238390092879257,False,
485702840,A,AC,578,False,0.07275541795665634,False,
485702912,G,T,506,False,0.14551083591331268,False,
485702923,A,G,495,False,0.11145510835913312,False,
485702965,C,G,453,False,0.06501547987616099,False,
485702979,C,T,439,False,0.015479876160990712,False,
485702999,G,C,419,False,0.14551083591331268,False,
485703090,A,G,328,False,0.009287925696594427,False,
485703117,T,C,301,False,0.16718266253869968,False,
485703162,AT,A,256,False,0.034055727554179564,False,
485703212,C,CT,206,False,0.017027863777089782,False,
485703251,GGGGGTGGT,G,167,False,0.14241486068111456,False,
485703259,T,TAC,159,False,0.14396284829721362,False,
485703270,T,TAATTTC,148,False,0.4520123839009288,False,
485703284,TG,T,134,False,0.4473684210526316,False,
485703303,T,C,115,False,0.3560371517027864,False,
485703349,T,C,69,False,0.05572755417956656,False,
485703375,G,C,43,False,0.04643962848297214,False,
