position,ref,alt,distance_to_tss,is_sv,maf,overlaps_cds,overlapping_genes
543445205,T,G,57,False,0.03869969040247678,False,
543445244,T,TGTA,96,False,0.009287925696594427,False,
543445382,C,T,234,False,0.034055727554179564,False,
543445391,AAACTT,A,243,False,0.02631578947368421,False,
543445397,GTCTA,G,249,False,0.02631578947368421,False,
543445409,T,C,261,False,0.02786377708978328,False,
543445423,T,C,275,False,0.02786377708978328,False,
543445496,AT,A,348,False,0.01238390092879257,False,
543445505,TG,T,357,False,0.010835913312693499,False,
543445562,A,G,414,False,0.017027863777089782,False,
543445611,CACAGT,C,463,False,0.46904024767801855,False,
543445651,A,AT,503,False,0.010835913312693499,False,
543445654,C,A,506,False,0.010835913312693499,False,
543445681,C,CCTAG,533,False,0.017027863777089782,False,
543445731,AT,A,583,False,0.01238390092879257,False,
543445900,C,T,752,False,0.015479876160990712,False,
543445911,C,CT,763,False,0.018575851393188854,False,
543446091,TTTAGTCCCGGTTTGTG,T,943,False,0.03869969040247678,False,
543446507,A,T,1359,False,0.010835913312693499,False,
543446568,C,T,1420,False,0.017027863777089782,False,
543446574,G,A,1426,False,0.006191950464396285,False,
543446623,CCG,C,1475,False,0.0030959752321981426,False,
543446640,T,C,1492,False,0.04179566563467492,False,
543446968,T,TA,1820,False,0.006191950464396285,False,
543447079,C,CA,1931,False,0.02321981424148607,False,
543447103,G,T,1955,False,0.0030959752321981426,False,
543447114,C,T,1966,False,0.017027863777089782,False,
