position,ref,alt,len_diff,is_sv,maf,missing_rate,annotation
543444101,TG,T,-1,False,0.0309597523219814,0.0,DEL
543444288,A,G,0,False,0.001547987616099,0.0,other
543445205,T,G,0,False,0.0386996904024767,0.0,promoter
543445244,T,TGTA,3,False,0.0092879256965944,0.0,INS
543445382,C,T,0,False,0.0340557275541795,0.0,promoter
543445391,AAACTT,A,-5,False,0.0263157894736842,0.0,DEL
543445397,GTCTA,G,-4,False,0.0263157894736842,0.0,DEL
543445409,T,C,0,False,0.0278637770897832,0.0,promoter
543445423,T,C,0,False,0.0278637770897832,0.0,promoter
543445496,AT,A,-1,False,0.0123839009287925,0.0,DEL
543445505,TG,T,-1,False,0.0108359133126934,0.0,DEL
543445562,A,G,0,False,0.0170278637770897,0.0,promoter
543445611,CACAGT,C,-5,False,0.4690402476780185,0.0,DEL
543445651,A,AT,1,False,0.0108359133126934,0.0,INS
543445654,C,A,0,False,0.0108359133126934,0.0,promoter
543445681,C,CCTAG,4,False,0.0170278637770897,0.0,INS
543445731,AT,A,-1,False,0.0123839009287925,0.0,DEL
543445900,C,T,0,False,0.0154798761609907,0.0,promoter
543445911,C,CT,1,False,0.0185758513931888,0.0,INS
543446091,TTTAGTCCCGGTTTGTG,T,-16,False,0.0386996904024767,0.0,DEL
543446507,A,T,0,False,0.0108359133126934,0.0,promoter
543446568,C,T,0,False,0.0170278637770897,0.0,promoter
543446574,G,A,0,False,0.0061919504643962,0.0,promoter
543446623,CCG,C,-2,False,0.0030959752321981,0.0,DEL
543446640,T,C,0,False,0.0417956656346749,0.0,promoter
543446968,T,TA,1,False,0.0061919504643962,0.0,INS
543447079,C,CA,1,False,0.023219814241486,0.0,INS
543447103,G,T,0,False,0.0030959752321981,0.0,promoter
543447114,C,T,0,False,0.0170278637770897,0.0,promoter
