position,ref,alt,len_diff,is_sv,maf,missing_rate,annotation
543444101,TG,T,-1,False,0.030959752321981424,0.0,DEL
543444288,A,G,0,False,0.0015479876160990713,0.0,intron
543445205,T,G,0,False,0.03869969040247678,0.0,other
543445244,T,TGTA,3,False,0.009287925696594427,0.0,INS
543445382,C,T,0,False,0.034055727554179564,0.0,other
543445391,AAACTT,A,-5,False,0.02631578947368421,0.0,DEL
543445397,GTCTA,G,-4,False,0.02631578947368421,0.0,DEL
543445409,T,C,0,False,0.02786377708978328,0.0,other
543445423,T,C,0,False,0.02786377708978328,0.0,other
543445496,AT,A,-1,False,0.01238390092879257,0.0,DEL
543445505,TG,T,-1,False,0.010835913312693499,0.0,DEL
543445562,A,G,0,False,0.017027863777089782,0.0,other
543445611,CACAGT,C,-5,False,0.46904024767801855,0.0,DEL
543445651,A,AT,1,False,0.010835913312693499,0.0,INS
543445654,C,A,0,False,0.010835913312693499,0.0,other
543445681,C,CCTAG,4,False,0.017027863777089782,0.0,INS
543445731,AT,A,-1,False,0.01238390092879257,0.0,DEL
543445900,C,T,0,False,0.015479876160990712,0.0,other
543445911,C,CT,1,False,0.018575851393188854,0.0,INS
543446091,TTTAGTCCCGGTTTGTG,T,-16,False,0.03869969040247678,0.0,DEL
543446507,A,T,0,False,0.010835913312693499,0.0,other
543446568,C,T,0,False,0.017027863777089782,0.0,other
543446574,G,A,0,False,0.006191950464396285,0.0,other
543446623,CCG,C,-2,False,0.0030959752321981426,0.0,DEL
543446640,T,C,0,False,0.04179566563467492,0.0,other
543446968,T,TA,1,False,0.006191950464396285,0.0,INS
543447079,C,CA,1,False,0.02321981424148607,0.0,INS
543447103,G,T,0,False,0.0030959752321981426,0.0,other
543447114,C,T,0,False,0.017027863777089782,0.0,other
